-- MySQL dump 10.16  Distrib 10.1.48-MariaDB, for Linux (x86_64)
--
-- Host: localhost    Database: assetv2
-- ------------------------------------------------------
-- Server version	10.1.48-MariaDB

/*!40101 SET @OLD_CHARACTER_SET_CLIENT=@@CHARACTER_SET_CLIENT */;
/*!40101 SET @OLD_CHARACTER_SET_RESULTS=@@CHARACTER_SET_RESULTS */;
/*!40101 SET @OLD_COLLATION_CONNECTION=@@COLLATION_CONNECTION */;
/*!40101 SET NAMES utf8 */;
/*!40103 SET @OLD_TIME_ZONE=@@TIME_ZONE */;
/*!40103 SET TIME_ZONE='+00:00' */;
/*!40014 SET @OLD_UNIQUE_CHECKS=@@UNIQUE_CHECKS, UNIQUE_CHECKS=0 */;
/*!40014 SET @OLD_FOREIGN_KEY_CHECKS=@@FOREIGN_KEY_CHECKS, FOREIGN_KEY_CHECKS=0 */;
/*!40101 SET @OLD_SQL_MODE=@@SQL_MODE, SQL_MODE='NO_AUTO_VALUE_ON_ZERO' */;
/*!40111 SET @OLD_SQL_NOTES=@@SQL_NOTES, SQL_NOTES=0 */;

--
-- Temporary table structure for view `abmdeposito`
--

DROP TABLE IF EXISTS `abmdeposito`;
/*!50001 DROP VIEW IF EXISTS `abmdeposito`*/;
SET @saved_cs_client     = @@character_set_client;
SET character_set_client = utf8;
/*!50001 CREATE TABLE `abmdeposito` (
  `depositoId` tinyint NOT NULL,
  `depositodescrip` tinyint NOT NULL,
  `direccion` tinyint NOT NULL,
  `GPS` tinyint NOT NULL,
  `id_localidad` tinyint NOT NULL,
  `id_provincial` tinyint NOT NULL,
  `id_pais` tinyint NOT NULL,
  `id_empresa` tinyint NOT NULL,
  `estado` tinyint NOT NULL
) ENGINE=MyISAM */;
SET character_set_client = @saved_cs_client;

--
-- Temporary table structure for view `abmproveedores`
--

DROP TABLE IF EXISTS `abmproveedores`;
/*!50001 DROP VIEW IF EXISTS `abmproveedores`*/;
SET @saved_cs_client     = @@character_set_client;
SET character_set_client = utf8;
/*!50001 CREATE TABLE `abmproveedores` (
  `provid` tinyint NOT NULL,
  `provnombre` tinyint NOT NULL,
  `provcuit` tinyint NOT NULL,
  `provdomicilio` tinyint NOT NULL,
  `provtelefono` tinyint NOT NULL,
  `provmail` tinyint NOT NULL,
  `id_empresa` tinyint NOT NULL,
  `fec_alta` tinyint NOT NULL,
  `estado` tinyint NOT NULL
) ENGINE=MyISAM */;
SET character_set_client = @saved_cs_client;

--
-- Table structure for table `admcustomers`
--

DROP TABLE IF EXISTS `admcustomers`;
/*!40101 SET @saved_cs_client     = @@character_set_client */;
/*!40101 SET character_set_client = utf8 */;
CREATE TABLE `admcustomers` (
  `cliId` int(11) NOT NULL AUTO_INCREMENT,
  `cliName` varchar(50) COLLATE utf8_spanish_ci DEFAULT NULL,
  `cliLastName` varchar(50) COLLATE utf8_spanish_ci DEFAULT NULL,
  `cliDni` varchar(8) COLLATE utf8_spanish_ci DEFAULT NULL,
  `cliDateOfBirth` date DEFAULT NULL,
  `cliNroCustomer` varchar(10) COLLATE utf8_spanish_ci DEFAULT NULL,
  `cliAddress` varchar(255) COLLATE utf8_spanish_ci DEFAULT NULL,
  `cliPhone` varchar(25) COLLATE utf8_spanish_ci DEFAULT NULL,
  `cliMovil` varchar(25) COLLATE utf8_spanish_ci DEFAULT NULL,
  `cliEmail` varchar(50) COLLATE utf8_spanish_ci DEFAULT NULL,
  `cliImagePath` varchar(100) COLLATE utf8_spanish_ci DEFAULT NULL,
  `zonaId` int(11) DEFAULT NULL,
  `cliDay` int(11) DEFAULT '30',
  `cliColor` varchar(7) COLLATE utf8_spanish_ci DEFAULT NULL,
  `estado` varchar(4) COLLATE utf8_spanish_ci DEFAULT NULL,
  `id_empresa` int(11) NOT NULL,
  `cliRazonSocial` varchar(45) COLLATE utf8_spanish_ci NOT NULL,
  `plant_id` int(11) DEFAULT NULL,
  PRIMARY KEY (`cliId`)
) ENGINE=InnoDB AUTO_INCREMENT=11 DEFAULT CHARSET=utf8 COLLATE=utf8_spanish_ci;
/*!40101 SET character_set_client = @saved_cs_client */;

--
-- Dumping data for table `admcustomers`
--

LOCK TABLES `admcustomers` WRITE;
/*!40000 ALTER TABLE `admcustomers` DISABLE KEYS */;
INSERT INTO `admcustomers` VALUES (1,'Cliente 1','aaa','1111',NULL,NULL,'aaaaa','222222',NULL,'qqqqq',NULL,NULL,30,NULL,'AC',6,'Cliente 1',NULL),(2,'aaa',NULL,'1111',NULL,NULL,'aaaa','1111',NULL,'sssss',NULL,NULL,30,NULL,'AN',6,'aaaaa',NULL),(3,'Eliana ',NULL,'21111233',NULL,NULL,'san lorenzo','12345',NULL,'elianabernaldez@gmail.com',NULL,NULL,30,NULL,'AN',6,'eliber',NULL),(4,'Cliente 3',NULL,'33333333',NULL,NULL,'Av Siempre Viva 555 ','22222222',NULL,'xxxxx@yyy.com',NULL,NULL,30,NULL,'AC',6,'Cliente 3 SA',NULL),(5,'Enrique','Urriche','xxxxx',NULL,NULL,'xxxx','xxxx',NULL,'xxxx',NULL,NULL,30,NULL,'AC',6,'xxxx',NULL),(6,'aaaaaa',NULL,'11111',NULL,NULL,'aaaaa','111111',NULL,'aaaaa',NULL,NULL,30,NULL,'AN',6,'111111',NULL),(7,'Ministerio de Produccion ',NULL,'n/a',NULL,NULL,'n/a','n/a',NULL,'n/a',NULL,NULL,30,NULL,'AC',6,'Ministerio de Produccion ',NULL),(8,'Cliente 2',NULL,'n/a',NULL,NULL,'n/a','n/a',NULL,'n/a',NULL,NULL,30,NULL,'AC',6,'n/a',NULL),(9,'Cliente 2',NULL,'n/a',NULL,NULL,'n/a','n/a',NULL,'n/a',NULL,NULL,30,NULL,'AC',6,'n/a',NULL),(10,'Eliana Bernaldez',NULL,'n/a',NULL,NULL,'San Lorenzo Este 1450','n/a',NULL,'elianabernaldez@gmail.com',NULL,NULL,30,NULL,'AC',6,'eliana bernaldez',NULL);
/*!40000 ALTER TABLE `admcustomers` ENABLE KEYS */;
UNLOCK TABLES;

--
-- Table structure for table `admstock`
--

DROP TABLE IF EXISTS `admstock`;
/*!40101 SET @saved_cs_client     = @@character_set_client */;
/*!40101 SET character_set_client = utf8 */;
CREATE TABLE `admstock` (
  `stkId` int(11) NOT NULL AUTO_INCREMENT,
  `prodId` int(11) NOT NULL,
  `stkCant` int(11) NOT NULL,
  `usrId` int(11) NOT NULL,
  `stkDate` datetime NOT NULL,
  `stkMotive` varchar(50) COLLATE utf8_spanish_ci DEFAULT NULL,
  PRIMARY KEY (`stkId`),
  KEY `prodId` (`prodId`),
  KEY `usrId` (`usrId`)
) ENGINE=InnoDB DEFAULT CHARSET=utf8 COLLATE=utf8_spanish_ci;
/*!40101 SET character_set_client = @saved_cs_client */;

--
-- Dumping data for table `admstock`
--

LOCK TABLES `admstock` WRITE;
/*!40000 ALTER TABLE `admstock` DISABLE KEYS */;
/*!40000 ALTER TABLE `admstock` ENABLE KEYS */;
UNLOCK TABLES;

--
-- Table structure for table `admvisits`
--

DROP TABLE IF EXISTS `admvisits`;
/*!40101 SET @saved_cs_client     = @@character_set_client */;
/*!40101 SET character_set_client = utf8 */;
CREATE TABLE `admvisits` (
  `vstId` int(11) NOT NULL AUTO_INCREMENT,
  `vstDate` datetime NOT NULL,
  `cliId` int(11) NOT NULL,
  `vstNote` text COLLATE utf8_spanish_ci NOT NULL,
  `vstStatus` varchar(2) COLLATE utf8_spanish_ci NOT NULL,
  PRIMARY KEY (`vstId`),
  KEY `cliId` (`cliId`)
) ENGINE=InnoDB DEFAULT CHARSET=utf8 COLLATE=utf8_spanish_ci;
/*!40101 SET character_set_client = @saved_cs_client */;

--
-- Dumping data for table `admvisits`
--

LOCK TABLES `admvisits` WRITE;
/*!40000 ALTER TABLE `admvisits` DISABLE KEYS */;
/*!40000 ALTER TABLE `admvisits` ENABLE KEYS */;
UNLOCK TABLES;

--
-- Table structure for table `ajustes`
--

DROP TABLE IF EXISTS `ajustes`;
/*!40101 SET @saved_cs_client     = @@character_set_client */;
/*!40101 SET character_set_client = utf8 */;
CREATE TABLE `ajustes` (
  `ajus_id` int(11) NOT NULL AUTO_INCREMENT,
  `tipo_ajuste` varchar(30) DEFAULT NULL,
  `justificacion` varchar(200) DEFAULT NULL,
  `usuario_app` varchar(30) DEFAULT NULL,
  `empr_id` int(11) NOT NULL,
  `usuario` varchar(30) NOT NULL DEFAULT 'current_user()',
  `fec_alta` datetime NOT NULL DEFAULT CURRENT_TIMESTAMP,
  PRIMARY KEY (`ajus_id`),
  UNIQUE KEY `ajus_id` (`ajus_id`)
) ENGINE=InnoDB AUTO_INCREMENT=30 DEFAULT CHARSET=utf8;
/*!40101 SET character_set_client = @saved_cs_client */;

--
-- Dumping data for table `ajustes`
--

LOCK TABLES `ajustes` WRITE;
/*!40000 ALTER TABLE `ajustes` DISABLE KEYS */;
INSERT INTO `ajustes` VALUES (18,'Robo','Faltan 115 articulos','suptest1',6,'current_user()','2020-01-21 13:58:34'),(19,'Robo','','suptest1',6,'current_user()','2020-01-21 14:04:14'),(20,'Robo','robo barbijo n3','suptest1',6,'current_user()','2021-02-09 14:48:24'),(21,'Devolucion','','suptest1',6,'current_user()','2021-02-10 01:51:33'),(22,'Rotura','5 unidades esta  rotas','suptest1',6,'current_user()','2021-03-07 15:06:12'),(23,NULL,'','suptest1',6,'current_user()','2021-03-07 15:07:30'),(24,NULL,'','suptest1',6,'current_user()','2021-03-07 15:07:57'),(25,'Robo','justificacion?','suptest1',6,'current_user()','2021-03-07 15:16:13'),(26,'Devolucion','aaaa','suptest1',6,'current_user()','2021-03-07 15:20:13'),(27,'Rotura','','suptest1',6,'current_user()','2021-03-07 15:22:45'),(28,'Fraccionamiento','','suptest1',6,'current_user()','2021-03-07 15:25:23'),(29,'Fraccionamiento','','suptest1',6,'current_user()','2021-03-07 15:44:35');
/*!40000 ALTER TABLE `ajustes` ENABLE KEYS */;
UNLOCK TABLES;

--
-- Table structure for table `alm_articulos`
--

DROP TABLE IF EXISTS `alm_articulos`;
/*!40101 SET @saved_cs_client     = @@character_set_client */;
/*!40101 SET character_set_client = utf8 */;
CREATE TABLE `alm_articulos` (
  `arti_id` int(11) NOT NULL AUTO_INCREMENT,
  `barcode` varchar(50) COLLATE utf8_spanish_ci NOT NULL,
  `descripcion` varchar(50) COLLATE utf8_spanish_ci NOT NULL,
  `costo` decimal(14,2) NOT NULL,
  `es_caja` tinyint(4) NOT NULL,
  `cantidad_caja` int(11) DEFAULT NULL,
  `punto_pedido` int(11) DEFAULT NULL,
  `estado_id` varchar(45) COLLATE utf8_spanish_ci DEFAULT '1',
  `unidad_id` int(11) NOT NULL,
  `empr_id` int(11) NOT NULL,
  `es_loteado` tinyint(4) NOT NULL,
  `fec_alta` datetime DEFAULT CURRENT_TIMESTAMP,
  `eliminado` tinyint(4) NOT NULL DEFAULT '0',
  `unidad_medida` varchar(100) COLLATE utf8_spanish_ci NOT NULL,
  PRIMARY KEY (`arti_id`)
) ENGINE=InnoDB AUTO_INCREMENT=410 DEFAULT CHARSET=utf8 COLLATE=utf8_spanish_ci;
/*!40101 SET character_set_client = @saved_cs_client */;

--
-- Dumping data for table `alm_articulos`
--

LOCK TABLES `alm_articulos` WRITE;
/*!40000 ALTER TABLE `alm_articulos` DISABLE KEYS */;
INSERT INTO `alm_articulos` VALUES (2,'51574111','FILTRO DE COMBUSTIBLE P/TAMROCK N°88',0.00,0,0,2,'1',22,6,0,'2019-06-18 14:35:37',0,'UN'),(10,'123456','BUJE DE ROTACION P/TAMROCK 680',0.00,0,0,5,'1',1,6,0,'2019-06-18 14:35:37',0,'UN'),(11,'50686','BULON NRO. 86321729 P/TAMROCK HL 500',0.00,0,0,0,'1',1,6,0,'2019-06-18 14:35:37',0,'UN'),(12,'51258','DIAFRAGMA N:04114808 P/TAMROCK',0.00,1,3,0,'0',1,6,0,'2019-06-18 14:35:37',0,'UN'),(13,'51265','DIAFRAGMA P/COMP. TAMROCK HL 680-2 A',0.00,0,0,0,'0',1,6,0,'2019-06-18 14:35:37',0,'UN'),(14,'51315','EJE P/ TAMROCK N† 15178158',0.00,0,0,2,'1',0,6,0,'2019-06-18 14:35:37',0,'UN'),(15,'51317','EJE P/TAMROCK 500 ART. 23313378',0.00,0,0,0,'0',1,6,0,'2019-06-18 14:35:37',0,'UN'),(16,'51471','FILTRO  COMBUSTIBLE P 557440 TAMROCK',0.00,1,3,0,'0',1,6,0,'2019-06-18 14:35:37',0,'UN'),(17,'51571','FILTRO TAMROCK ACEITE CAT 1R-0739',0.00,0,0,0,'0',1,6,0,'2019-06-18 14:35:37',0,'UN'),(18,'51545','FILTRO TAMROCK AIRE †88546679',0.00,0,0,0,'0',1,6,0,'2019-06-18 14:35:37',0,'UN'),(19,'51546','FILTRO TAMROCK AIRE/CABINA PRIMARIO',0.00,0,0,0,'0',1,6,0,'2019-06-18 14:35:37',0,'UN'),(20,'51548','FILTRO TAMROCK AIRE/COMPRESOR 885467',0.00,1,1,0,'0',1,6,0,'2019-06-18 14:35:37',0,'UN'),(21,'51550','FILTRO TAMROCK CIRC/HID.RETORNO 8672',0.00,0,0,0,'0',1,6,0,'2019-06-18 14:35:37',0,'UN'),(22,'51551','FILTRO TAMROCK CIRC/HID.SANDVICK 815',0.00,0,0,0,'0',1,6,0,'2019-06-18 14:35:37',0,'UN'),(23,'51552','FILTRO TAMROCK COMB,N† 1R-0751',0.00,0,0,0,'0',1,6,0,'2019-06-18 14:35:37',0,'UN'),(24,'51553','FILTRO TAMROCK COMB,TRAMPA/AGUA 1466',0.00,0,0,0,'0',1,6,0,'2019-06-18 14:35:37',0,'UN'),(25,'53605','TRAMPA DE AGUA PARA TAMROCK',0.00,1,2,0,'0',1,6,0,'2019-06-18 14:35:37',0,'UN'),(26,'53701','TUERCA NRO.81125969 P/TAMROCK',0.00,1,1,0,'0',1,6,0,'2019-06-18 14:35:37',0,'UN'),(27,'53947','KIT DE SELLOS NRO.879484449 TAMROCK',0.00,0,0,0,'0',1,6,0,'2019-06-18 14:35:37',0,'UN'),(28,'53966','RETEN NRO 15074808 TAMROCK R -500',0.00,1,1,0,'0',1,6,0,'2019-06-18 14:35:37',0,'UN'),(29,'53969','SELLOS NRO 81820039 TAMROCK R-500',0.00,1,3,0,'0',1,6,0,'2019-06-18 14:35:37',0,'UN'),(30,'54022','BUJE P/TAMROCK N 15021838',0.00,1,4,0,'0',1,6,0,'2019-06-18 14:35:37',0,'UN'),(31,'54469','VALVULA  ART 807 590 69 P/TAMROCK HL',0.00,1,2,0,'0',1,6,0,'2019-06-18 14:35:37',0,'UN'),(32,'58076','FILTRO TAMROCK 500 AIRE COMPRESOR PR',0.00,1,1,0,'0',1,6,0,'2019-06-18 14:35:37',0,'UN'),(33,'58077','FILTRO TAMROCK 500 AIRE SECUNDARIO M',0.00,0,0,0,'0',1,6,0,'2019-06-18 14:35:37',0,'UN'),(34,'58078','FILTRO TAMROCK 500 AIRE  PRIMARIO MO',0.00,0,0,0,'0',1,6,0,'2019-06-18 14:35:37',0,'UN'),(35,'58079','FILTRO TAMROCK 500 AIRE COMPRESOR SE',0.00,0,0,0,'0',1,6,0,'2019-06-18 14:35:37',0,'UN'),(36,'58080','FILTRO TAMROCK 500 GASOIL ART8823923',0.00,1,3,0,'0',1,6,0,'2019-06-18 14:35:37',0,'UN'),(37,'58081','FILTRO TAMROCK 500 GASOIL SEPARADOR',0.00,0,0,0,'0',1,6,0,'2019-06-18 14:35:37',0,'UN'),(38,'58082','FILTRO TAMROCK 500 ACEITE MOTOR ART',0.00,1,3,0,'0',1,6,0,'2019-06-18 14:35:37',0,'UN'),(39,'50190','ARANDELA DE BRONCE 7K-1840 P/CAT 966',0.00,0,0,0,'0',1,6,0,'2019-06-18 14:35:37',0,'UN'),(40,'50236','ARANDELAS N  7K-1839 P/CATERPILLAR 9',0.00,0,0,0,'0',1,6,0,'2019-06-18 14:35:37',0,'UN'),(41,'50465','BULON ART. NRO. 6729510 P/ BOB CATERPILLAR',0.00,0,0,5,'0',1,6,0,'2019-06-18 14:35:37',0,'UN'),(42,'50712','BULON   P/ CAT- 966 DIENTE DE CARGAD',0.00,1,22,5,'0',1,6,0,'2019-06-18 14:35:37',0,'UN'),(43,'50714','BULON  8T -6466 P/AIRE ACONDI CAT -',0.00,0,0,5,'0',1,6,0,'2019-06-18 14:35:37',0,'UN'),(44,'50966','COMPRESOR DE AIRE N† 8N 6105 P / CAT',0.00,0,0,0,'0',1,6,0,'2019-06-18 14:35:37',0,'UN'),(45,'51084','CORREA DE ALTERNAD. P/BOBCAT ART.710',0.00,1,5,0,'0',1,6,0,'2019-06-18 14:35:37',0,'UN'),(46,'51188','CORTA CORRIENTE DE 24 VOLT. P/CAT 98',0.00,1,1,0,'0',1,6,0,'2019-06-18 14:35:37',0,'UN'),(47,'51208','CUBIERTA 10 X 16.5 SOLIDEAL P/BOBCAT',0.00,1,1,0,'0',1,6,0,'2019-06-18 14:35:37',0,'UN'),(48,'51259','DIAFRAGMA N† 5V 6125 P/ CAT 980',0.00,1,3,0,'0',1,6,0,'2019-06-18 14:35:37',0,'UN'),(49,'51455','FILTRO BOBCAT ACEIT,HID.N†6661248',0.00,1,2,0,'0',1,6,0,'2019-06-18 14:35:37',0,'UN'),(50,'51456','FILTRO BOBCAT ACEIT,MOTOR N†03974896',0.00,1,2,0,'0',1,6,0,'2019-06-18 14:35:37',0,'UN'),(51,'51457','FILTRO BOBCAT AIRE PRIM.N†06598492',0.00,1,8,0,'0',1,6,0,'2019-06-18 14:35:37',0,'UN'),(52,'51458','FILTRO BOBCAT AIRE SEC.N†06598362',0.00,1,9,0,'0',1,6,0,'2019-06-18 14:35:37',0,'UN'),(53,'51459','FILTRO BOBCAT COMB.N†06667352',0.00,1,7,0,'0',1,6,0,'2019-06-18 14:35:37',0,'UN'),(54,'51460','FILTRO CAT-966 ACEIT/CONV N†9740',0.00,0,0,0,'0',1,6,0,'2019-06-18 14:35:37',0,'UN'),(55,'51461','FILTRO CAT-966 ACEIT/HID,N†156-0741-',0.00,1,1,0,'0',1,6,0,'2019-06-18 14:35:37',0,'UN'),(56,'51462','FILTRO CAT-966 ACEITE N†1R-0739',0.00,0,0,0,'0',1,6,0,'2019-06-18 14:35:37',0,'UN'),(57,'51463','FILTRO CAT-966 AIRE PRIMARIO 2453818',0.00,1,1,0,'0',1,6,0,'2019-06-18 14:35:37',0,'UN'),(58,'51464','FILTRO CAT-966 AIRE SECUNDARIO 24538',0.00,1,1,0,'0',1,6,0,'2019-06-18 14:35:37',0,'UN'),(59,'51465','FILTRO CAT-966 COMB,N†1P-2299-BOSCH',0.00,0,0,0,'0',1,6,0,'2019-06-18 14:35:37',0,'UN'),(60,'51466','FILTRO CAT-980 ACEITE MOTOR',0.00,0,0,0,'0',1,6,0,'2019-06-18 14:35:37',0,'UN'),(61,'51467','FILTRO CAT-980 ACEIT/HIDRAULICO',0.00,0,0,0,'0',1,6,0,'2019-06-18 14:35:37',0,'UN'),(62,'51468','FILTRO CAT-980 TRASMISION',0.00,0,0,0,'0',1,6,0,'2019-06-18 14:35:37',0,'UN'),(63,'51469','FILTRO CAT-980 FILTRO SEPARADOR DE A',0.00,0,0,0,'0',1,6,0,'2019-06-18 14:35:37',0,'UN'),(64,'51470','FILTRO CAT-980 CABINA',0.00,0,0,0,'0',1,6,0,'2019-06-18 14:35:37',0,'UN'),(66,'51685','GUIA N† 2 L-3650 P/CAT 966',0.00,1,1,0,'0',1,6,0,'2019-06-18 14:35:37',0,'UN'),(67,'51825','JUNTA N† 8S-1605 P/CAT.966',0.00,0,0,0,'0',1,6,0,'2019-06-18 14:35:37',0,'UN'),(68,'51826','JUNTA N† 9Y-1979 P/CAT.966',0.00,0,0,0,'0',1,6,0,'2019-06-18 14:35:37',0,'UN'),(69,'51829','JUNTA NRO. 6684788 P/BOB CAT',0.00,0,0,0,'0',1,6,0,'2019-06-18 14:35:37',0,'UN'),(70,'52317','PERNO DE BALDE  NRO. 8K- 5334 P/CAT.',0.00,1,2,0,'0',1,6,0,'2019-06-18 14:35:37',0,'UN'),(71,'53371','SELLO  N: 2H-6368 P/CAT. 966',0.00,1,6,0,'0',1,6,0,'2019-06-18 14:35:37',0,'UN'),(72,'53394','SELLO N† 6D 692 P/ CAT -980',0.00,1,4,0,'0',1,6,0,'2019-06-18 14:35:37',0,'UN'),(73,'53703','TUERCA P/BOBCAT S150 N€ 6674202',0.00,0,0,0,'0',1,6,0,'2019-06-18 14:35:37',0,'UN'),(74,'53706','TUERCA PARA BULON DE RUEDA, P/ CAT.',0.00,1,20,0,'0',1,6,0,'2019-06-18 14:35:37',0,'UN'),(75,'53918','COJINETE  5M 578 CAT-966',0.00,1,4,0,'0',1,6,0,'2019-06-18 14:35:37',0,'UN'),(76,'54023','BULON 1604 P/CAT 980',0.00,1,8,0,'0',1,6,0,'2019-06-18 14:35:37',0,'UN'),(77,'54042','CABLE DE ACELERADOR P/CAT 980 ART 3V',0.00,1,1,0,'0',1,6,0,'2019-06-18 14:35:37',0,'UN'),(78,'54210','JUNTA 5S-4629 P/CAT-966',0.00,1,2,0,'0',1,6,0,'2019-06-18 14:35:37',0,'UN'),(79,'57873','FILTRO DE COMBUSTIBLE CAT 966H 1R-07',0.00,1,3,0,'0',1,6,0,'2019-06-18 14:35:37',0,'UN'),(80,'57874','FILTRO  DE  ACEITE MOTOR CAT 966H 1R',0.00,0,0,0,'0',1,6,0,'2019-06-18 14:35:37',0,'UN'),(81,'57876','FILTRO  DE  ACEITE  HIDRAULICO  CAT',0.00,1,7,0,'0',1,6,0,'2019-06-18 14:35:37',0,'UN'),(82,'54012','BASE  PORTA FILTRO  ART 6N 1044 CAT',0.00,0,0,0,'0',1,6,0,'2019-06-18 14:35:37',0,'UN'),(83,'54833','CAMISA CILINDRO DE MOTOR CAT-3306',0.00,0,0,0,'0',1,6,0,'2019-06-18 14:35:37',0,'UN'),(84,'54834','JUEGO DE AROS DE MOTOR CAT-3306',0.00,0,0,0,'0',1,6,0,'2019-06-18 14:35:37',0,'UN'),(85,'57913','RADIADOR AGUA P/CAT 966H',0.00,0,0,0,'0',1,6,0,'2019-06-18 14:35:37',0,'UN'),(86,'58036','TERMOSTATO  NRO 281- 8744 P/CAT 924',0.00,0,0,0,'0',1,6,0,'2019-06-18 14:35:37',0,'UN'),(87,'58038','TERMOSTATO  NRO 248 -5513 P/CAT 966',0.00,0,0,0,'0',1,6,0,'2019-06-18 14:35:37',0,'UN'),(88,'58275','FILTRO CAT-980 MOTOR 1R-1808',0.00,1,3,0,'0',1,6,0,'2019-06-18 14:35:37',0,'UN'),(89,'58276','FILTRO CAT-980 GASOIL 1R0749',0.00,1,4,0,'0',1,6,0,'2019-06-18 14:35:37',0,'UN'),(90,'58277','FILTRO CAT-980 GASOIL SEP 326-1644',0.00,0,0,0,'0',1,6,0,'2019-06-18 14:35:37',0,'UN'),(91,'58278','FILTRO CAT-980 AIRE PRIMARIO 151-773',0.00,1,3,0,'0',1,6,0,'2019-06-18 14:35:37',0,'UN'),(92,'58279','FILTRO CAT-980 AIRE SECUNDARIO 18902',0.00,1,7,0,'0',1,6,0,'2019-06-18 14:35:37',0,'UN'),(93,'50182','ARANDELA ART, 01643-32260 P/ KOMATSU',0.00,0,0,88,'0',1,6,0,'2019-06-18 14:35:37',0,'UN'),(94,'50400','BRACKET P/KOMATSU P/KOMATSU 470',0.00,1,2,0,'0',1,6,0,'2019-06-18 14:35:37',0,'UN'),(95,'50436','BUJE N† 17177-04530 P/KOMATSU WA 420',0.00,1,1,0,'0',1,6,0,'2019-06-18 14:35:37',0,'UN'),(96,'50461','BUJIA NRO. 600-815-2770 P/KOMATSU 42',0.00,0,0,4,'0',1,6,0,'2019-06-18 14:35:37',0,'UN'),(97,'50684','BULON NRO. 16202091-12050 P/ KOMATSU',0.00,1,22,5,'0',1,6,0,'2019-06-18 14:35:37',0,'UN'),(98,'50685','BULON NRO. 419-70-13150 P/KOMATSU 25',0.00,1,12,5,'0',1,6,0,'2019-06-18 14:35:37',0,'UN'),(99,'50689','BULON P/KOMATSU 470 N 2 ART. 09208-1',0.00,0,0,0,'0',1,6,0,'2019-06-18 14:35:37',0,'UN'),(100,'50715','BULON  DE CARDAN P/ KOMATSU 420-3 N†',0.00,1,9,0,'0',1,6,0,'2019-06-18 14:35:37',0,'UN'),(101,'50716','BULON  P/ KOMATSU N† 02090-11490',0.00,1,41,0,'0',1,6,0,'2019-06-18 14:35:37',0,'UN'),(102,'50717','BULON   DE CARDAN P/ KOMATSU 420-3 N',0.00,1,23,0,'0',1,6,0,'2019-06-18 14:35:37',0,'UN'),(103,'51179','CORREA NRO. 6732-81-6170 , P/KOMATSU',0.00,1,2,0,'0',1,6,0,'2019-06-18 14:35:37',0,'UN'),(104,'51196','CRUCETA NRO. 418-20-34620 P/KOMATSU',0.00,1,1,0,'0',1,6,0,'2019-06-18 14:35:37',0,'UN'),(105,'51197','CRUCETA NRO. 421-20-12620 P/KOMATSU',0.00,1,1,0,'0',1,6,0,'2019-06-18 14:35:37',0,'UN'),(121,'51198','ESPEJO NRO. 421-54-25620 P/KOMATSU 4',0.00,0,NULL,NULL,'0',1,6,0,'2019-06-18 14:35:37',0,'UN'),(130,'51195','CRUCETA NRO 418-20-32620 , P/KOMATSU',0.00,1,1,0,'0',1,6,0,'2019-06-18 14:35:37',0,'UN'),(133,'51808','JUNTA ANULAR P/KOMATSU 470  ART.600-',0.00,0,0,0,'0',1,6,0,'2019-06-18 14:35:37',0,'UN'),(134,'52304','PASADOR P/KOMATSU 470 ART, 092440251',0.00,1,3,0,'0',1,6,0,'2019-06-18 14:35:37',0,'UN'),(135,'52408','PLATOS NRO. 421-70-22140  P/ KOMATSU',0.00,1,4,0,'0',1,6,0,'2019-06-18 14:35:37',1,'UN'),(136,'53377','SELLO 421- 33 - 11480 P/ KOMATSU 420',0.00,1,23,0,'1',21,6,0,'2019-06-18 14:35:37',0,'UN'),(137,'53637','TUERCA 09218 - 12219 P/ KOMATSU WA 4',0.00,1,2,0,'0',1,6,0,'2019-06-18 14:35:37',0,'UN'),(138,'53693','TUERCA N† 02290 - 11422 P/KOMATSU WA',0.00,0,0,0,'0',1,6,0,'2019-06-18 14:35:37',0,'UN'),(139,'53695','TUERCA NRO. 02290-11625, P/KOMATSU 4',0.00,1,9,0,'0',1,6,0,'2019-06-18 14:35:37',0,'UN'),(140,'53696','TUERCA NRO. 091218-12523 P/KOMATSU 2',0.00,1,16,0,'0',1,6,0,'2019-06-18 14:35:37',0,'UN'),(141,'53698','TUERCA NRO. 16202290-12031 P/KOMATSU',0.00,1,21,0,'0',1,6,0,'2019-06-18 14:35:37',0,'UN'),(142,'53700','TUERCA NRO.02290-11422 P/KOMATSU',0.00,1,2,0,'0',1,6,0,'2019-06-18 14:35:37',0,'UN'),(143,'53721','TUERCAS N º 09218-12219 P/ KOMATSU',0.00,1,6,0,'0',1,6,0,'2019-06-18 14:35:37',0,'UN'),(144,'53820','VALVULA P/ FILTRO DE AIRE P/KOMATSU',0.00,1,2,0,'0',1,6,0,'2019-06-18 14:35:37',0,'UN'),(145,'53991','ACOPLE NRO  09281-00041 P/KOMATSU 25',0.00,1,1,0,'0',1,6,0,'2019-06-18 14:35:37',0,'UN'),(146,'54019','BUJE 421-70-11272 P/KOMATSU 470',0.00,0,0,0,'0',1,6,0,'2019-06-18 14:35:37',0,'UN'),(147,'54045','CABLE  NRO 424-9916110  P/KOMATSU',0.00,1,1,0,'0',1,6,0,'2019-06-18 14:35:37',0,'UN'),(148,'54150','FILT.KOMATSU 470 /2 COMBUSTIBLE 600-',0.00,0,0,0,'0',1,6,0,'2019-06-18 14:35:37',0,'UN'),(149,'54411','SEGURO NRO. 09283-00000 P/KOMATSU 25',0.00,1,1,0,'0',1,6,0,'2019-06-18 14:35:37',0,'UN'),(150,'54432','TAPA  NRO 09282-00017 P/KOMATSU 250',0.00,1,1,0,'0',1,6,0,'2019-06-18 14:35:37',0,'UN'),(151,'54504','TUERCA DE ACERO / KOMATSU 420',0.00,1,8,0,'0',1,6,0,'2019-06-18 14:35:37',0,'UN'),(152,'54505','BULON NRO 16201010-62075 P/KOMATSU',0.00,1,3,0,'0',1,6,0,'2019-06-18 14:35:37',0,'UN'),(153,'54929','JUNTA ANULAR PARA KOMATSU 470 ART: 1',0.00,1,1,0,'0',1,6,0,'2019-06-18 14:35:37',0,'UN'),(154,'55204','TUERCA P/ EJE DELANTERO P/ KOMATSU 4',0.00,1,9,0,'0',1,6,0,'2019-06-18 14:35:37',0,'UN'),(155,'55242','ALTERNADOR DE 24V. P/KOMATSU',0.00,0,0,0,'0',1,6,0,'2019-06-18 14:35:37',0,'UN'),(156,'51439','FAROS  TOYOTA 3.0',0.00,1,8,0,'1',21,6,0,'2019-06-18 14:35:37',0,'UN'),(157,'51486','FILTRO COMBUSTIBLE  CLARK TOYOTA 233',0.00,0,0,0,'0',1,6,0,'2019-06-18 14:35:37',0,'UN'),(158,'51488','FILTRO CLARK TOYOTA MOTOR 90915-2000',0.00,1,3,0,'0',1,6,0,'2019-06-18 14:35:37',0,'UN'),(159,'51490','FILTRO CLARK TOYOTA CONVERTIDOR 3267',0.00,1,1,0,'0',1,6,0,'2019-06-18 14:35:37',0,'UN'),(160,'51516','FILTRO CLARK TOYOTA HIDRAULICO 67502',0.00,1,4,0,'0',1,6,0,'2019-06-18 14:35:37',0,'UN'),(161,'51517','FILTRO CLARK TOYOTA AIRE SECUNDARIO',0.00,1,4,0,'0',1,6,0,'2019-06-18 14:35:37',0,'UN'),(162,'51518','FILTRO CLARK TOYOTA AIRE PRIMARIO P8',0.00,0,0,0,'0',1,6,0,'2019-06-18 14:35:37',0,'UN'),(163,'50386','BOMBIN DE GASOIL P/BOBCAT ART.665773',0.00,1,100,6,'0',1,6,0,'2019-06-18 14:35:37',0,'UN'),(165,'56174','LLANTA NRO. NRPB03535239 P/ BOBCAT S',0.00,0,0,0,'0',1,6,0,'2019-06-18 14:35:37',0,'UN'),(249,'57653456','bulon de escalera ',0.00,0,0,1,'0',1,7,0,'2019-06-18 14:35:37',0,'UN'),(250,'1R-1825 ','filtro ',0.00,1,2,4,'0',1,7,0,'2019-06-18 14:35:37',0,'UN'),(251,'sdsad','sdsd',0.00,0,0,2,'0',1,7,0,'2019-06-18 14:35:37',0,'UN'),(252,'07','Mamelucos descartables ',0.00,1,23,10,'0',1,7,0,'2019-06-18 14:35:37',0,'UN'),(254,'TVK ','Guantes ',0.00,1,22,12,'0',1,7,0,'2019-06-18 14:35:37',0,'UN'),(256,'TVK 01','Mameluco Descartable Nobus ',0.00,1,25,10,'0',1,7,0,'2019-06-18 14:35:37',0,'UN'),(257,'TVK 02 ','3M',0.00,1,3,1,'0',1,7,0,'2019-06-18 14:35:37',0,'UN'),(258,'TVK 03','Dupont ',0.00,1,2,1,'0',1,7,0,'2019-06-18 14:35:37',0,'UN'),(265,'1626105281// 1604707982','Valvulas',0.00,1,2,2,'0',1,7,0,'2019-06-18 14:35:37',0,'UN'),(266,'3128082907','Mordazas',0.00,1,2,2,'0',1,7,0,'2019-06-18 14:35:37',0,'UN'),(267,'3222327788','Sensor de Nivel',0.00,1,1,1,'0',1,7,0,'2019-06-18 14:35:37',0,'UN'),(271,'265326447','Sensor de proximidad ',0.00,1,1,2,'0',1,7,0,'2019-06-18 14:35:37',0,'UN'),(272,'165788','Sensor IFM ',0.00,1,2,2,'0',1,7,0,'2019-06-18 14:35:37',0,'UN'),(273,'333','dsdasdad',0.00,0,0,4,'0',1,6,0,'2019-06-18 14:35:37',0,'UN'),(274,'P164699','Filtro Hidraulico 52263183',0.00,1,3,1,'0',1,7,0,'2019-06-18 14:35:37',0,'UN'),(275,'57516098','filtro cabina SC90271',0.00,1,6,1,'0',1,7,0,'2019-06-18 14:35:37',0,'UN'),(276,'P182042','Filtro aire Motor 52252061',0.00,1,8,2,'0',1,7,0,'2019-06-18 14:35:37',0,'UN'),(280,'P128408','filtro aire motor 52146966',0.00,1,8,2,'0',1,7,0,'2019-06-18 14:35:37',0,'UN'),(282,'P551808','Filtro aceite motor  1R1808',0.00,1,8,2,'0',1,7,0,'2019-06-18 14:35:37',0,'UN'),(285,'222','Filtro aire',0.00,0,0,0,'0',1,7,0,'2019-06-18 14:35:37',0,'UN'),(286,'P551311','Filtro combustible 1R0749',0.00,1,8,2,'0',1,7,0,'2019-06-18 14:35:37',0,'UN'),(287,'P564425','Filtro respiradero 50903236',0.00,1,6,1,'0',1,7,0,'2019-06-18 14:35:37',0,'UN'),(288,'P165672','Filtro Hidráulico 36860336',0.00,1,2,1,'0',1,7,0,'2019-06-18 14:35:37',0,'UN'),(289,'P181054','Filtro aire cabina superior 59860841',0.00,1,6,1,'0',1,7,0,'2019-06-18 14:35:37',0,'UN'),(290,'P520620','Filtro aire 56958945',0.00,1,2,1,'0',1,7,0,'2019-06-18 14:35:37',0,'UN'),(291,'P552055','Filtro Refrigerante  56985971',0.00,1,6,2,'0',1,7,0,'2019-06-18 14:35:37',0,'UN'),(292,'SC 90270','Filtro cabina 57516106',0.00,1,6,1,'0',1,7,0,'2019-06-18 14:35:37',0,'UN'),(293,'P550900','Filtro trampa 3261643',0.00,1,6,2,'0',1,7,0,'2019-06-18 14:35:37',0,'UN'),(294,'57569758','Filtro separador',0.00,1,2,1,'0',1,7,0,'2019-06-18 14:35:37',0,'UN'),(295,'P566278','Filtro hidraulico 57336406',0.00,1,2,1,'0',1,7,0,'2019-06-18 14:35:37',0,'UN'),(296,'57451890','Compresor Aire Acondicionado',0.00,1,1,1,'0',1,7,0,'2019-06-18 14:35:37',0,'UN'),(297,'88257429','Compresor Aire Acondicionado. DP 1500',0.00,1,1,1,'0',1,7,0,'2019-06-18 14:35:37',0,'UN'),(298,'57364366','Filtro secador A/A',0.00,1,1,1,'0',1,7,0,'2019-06-18 14:35:37',0,'UN'),(299,'3128 0829 07','Mordazas mesa de quiebre ',0.00,1,4,2,'0',1,7,0,'2019-06-18 14:35:37',0,'UN'),(300,'3222 3113 62','Espaciador ',0.00,1,2,2,'0',1,7,0,'2019-06-18 14:35:37',0,'UN'),(301,' 0211 1963 16','Bulon  M12 ',0.00,1,8,4,'0',1,7,0,'2019-06-18 14:35:37',0,'UN'),(302,'0211 1960 85','Bulon M12 ',0.00,1,4,2,'0',1,7,0,'2019-06-18 14:35:37',0,'UN'),(303,'1626 1052 81','Valvulas ',0.00,1,2,1,'0',1,7,0,'2019-06-18 14:35:37',0,'UN'),(304,'3222 3277 88','Sensor de nivel ',0.00,1,1,1,'0',1,7,0,'2019-06-18 14:35:37',0,'UN'),(305,'3222 3208 86 ','Sensor de proximidad ',0.00,1,1,1,'0',1,7,0,'2019-06-18 14:35:37',0,'UN'),(306,'2653 1264 47','Sensor de proximidad ',0.00,1,1,1,'0',1,7,0,'2019-06-18 14:35:37',0,'UN'),(307,'3222 1488 00','Sensor de proximidad ',0.00,1,2,1,'0',1,7,0,'2019-06-18 14:35:37',0,'UN'),(309,'Tyvek ','Mameluco descartables ',0.00,1,21,15,'0',1,7,0,'2019-06-18 14:35:37',0,'UN'),(310,'Tyvek ll ','Mameluco para lluvia ',0.00,1,1,1,'0',1,7,0,'2019-06-18 14:35:37',0,'UN'),(311,'Gafas ','Gafas oscuras ',0.00,1,6,5,'0',1,7,0,'2019-06-18 14:35:37',0,'UN'),(312,'Gafas Claras ','Gafas claras ',0.00,1,23,5,'0',1,7,0,'2019-06-18 14:35:37',0,'UN'),(313,'Gafas Amarillas','Gafas amarillas',0.00,1,1,2,'0',1,7,0,'2019-06-18 14:35:37',0,'UN'),(314,'Protector auditivo ','Endeurales ',0.00,1,10,5,'0',1,7,0,'2019-06-18 14:35:37',0,'UN'),(315,'Tijera','Tijera de bloqueo ',0.00,1,5,2,'0',1,7,0,'2019-06-18 14:35:37',0,'UN'),(316,'Filtros P100','Filtro para semimascara ',0.00,1,2,1,'0',1,7,0,'2019-06-18 14:35:37',0,'UN'),(317,'Semi-mascara ','Semi mascara ',0.00,1,5,1,'0',1,7,0,'2019-06-18 14:35:37',0,'UN'),(321,'Protector auditivo C','Tipo copa ',0.00,1,2,1,'0',1,7,0,'2019-06-18 14:35:37',0,'UN'),(322,'Arnés C ','Arnés para casco ',0.00,1,1,1,'0',1,7,0,'2019-06-18 14:35:37',0,'UN'),(323,'Antiparras','para viento ',0.00,1,2,1,'0',1,7,0,'2019-06-18 14:35:37',0,'UN'),(324,'Guantes ','Guantes multiflex ',0.00,1,2,1,'0',1,7,0,'2019-06-18 14:35:37',0,'UN'),(326,'Guantes 1 ','Nitrillo ',0.00,1,10,8,'0',1,7,0,'2019-06-18 14:35:37',0,'UN'),(327,'Guantes de Goma ','Goma ',0.00,1,2,1,'0',1,7,0,'2019-06-18 14:35:37',0,'UN'),(328,'Guantes C. abrigo ','Guantes de cuero con abrigo ',0.00,1,21,10,'0',1,7,0,'2019-06-18 14:35:37',0,'UN'),(329,'Guantes  S. Abrigo ','Guantes cuero sin abrigo ',0.00,1,6,10,'0',1,7,0,'2019-06-18 14:35:37',0,'UN'),(330,'Casco ','de seguridad ',0.00,1,2,1,'0',1,7,0,'2019-06-18 14:35:37',0,'UN'),(332,'Casco de seguridad ','casco completo ',0.00,1,2,1,'0',1,7,0,'2019-06-18 14:35:37',0,'UN'),(333,'13AV1280','Correa 64 ',0.00,1,3,1,'0',1,7,0,'2019-06-18 14:35:37',0,'UN'),(334,'13AV1290','Correa 64',0.00,1,3,1,'0',1,7,0,'2019-06-18 14:35:37',0,'UN'),(335,'13AV1305','Correa 64',0.00,1,3,1,'0',1,7,0,'2019-06-18 14:35:37',0,'UN'),(336,'C13AV1325 ','Correa TC',0.00,1,3,1,'0',1,7,0,'2019-06-18 14:35:37',0,'UN'),(337,'C13AC1450','Correa TC ',0.00,1,2,1,'0',1,7,0,'2019-06-18 14:35:37',0,'UN'),(338,'13AV1445','Correa 64 ',0.00,1,1,1,'0',1,7,0,'2019-06-18 14:35:37',0,'UN'),(339,'Multis EP2','Grasa ',0.00,1,4,2,'0',1,7,0,'2019-06-18 14:35:37',0,'UN'),(340,'Lampara 24V','A-2008 24V/5w',0.00,1,10,5,'0',1,7,0,'2019-06-18 14:35:37',0,'UN'),(341,'T-1055','Terminal para batería ',0.00,1,20,5,'0',1,7,0,'2019-06-18 14:35:37',0,'UN'),(342,'23-35R','Abrazadera ',0.00,1,10,5,'0',1,7,0,'2019-06-18 14:35:37',0,'UN'),(343,'30-45R','Abrazadera ',0.00,1,10,5,'0',1,7,0,'2019-06-18 14:35:37',0,'UN'),(344,'50-70R','Abrazadera ',0.00,1,10,5,'0',1,7,0,'2019-06-18 14:35:37',0,'UN'),(345,'70-90R','Abrazadera ',0.00,1,10,3,'0',1,7,0,'2019-06-18 14:35:37',0,'UN'),(346,'90-110R','Abrazadera ',0.00,1,6,3,'0',1,7,0,'2019-06-18 14:35:37',0,'UN'),(347,'AEA-24','Escobilla',0.00,1,10,4,'0',1,7,0,'2019-06-18 14:35:37',0,'UN'),(348,'AEA-22','Escobilla',0.00,1,10,5,'0',1,7,0,'2019-06-18 14:35:37',0,'UN'),(349,'LM-3500','Crema limpiadora de manos ',0.00,1,2,1,'0',1,7,0,'2019-06-18 14:35:37',0,'UN'),(350,'CRF 3','Fusible 3A ',0.00,1,10,3,'0',1,7,0,'2019-06-18 14:35:37',0,'UN'),(351,'GRF 5 ','Fusible 5A',0.00,1,10,3,'0',1,7,0,'2019-06-18 14:35:37',0,'UN'),(352,'GRF3 ','Fusible 3A',0.00,1,10,3,'0',1,7,0,'2019-06-18 14:35:37',0,'UN'),(353,'GRF15','Fusible 15A',0.00,1,10,3,'0',1,7,0,'2019-06-18 14:35:37',0,'UN'),(354,'GRF10 ','Fusible 10A',0.00,1,10,3,'0',1,7,0,'2019-06-18 14:35:37',0,'UN'),(355,'GRF25','Fusible 25A',0.00,1,10,3,'0',1,7,0,'2019-06-18 14:35:37',0,'UN'),(356,'GRF20','Fusible 20A',0.00,0,0,3,'0',1,7,0,'2019-06-18 14:35:37',0,'UN'),(357,'GRF30','Fusible 30A',0.00,1,10,3,'0',1,7,0,'2019-06-18 14:35:37',0,'UN'),(358,'Tira LED','24V Blanco ',0.00,1,300,20,'0',1,7,0,'2019-06-18 14:35:37',0,'UN'),(359,'Ficha para LED','Ficha para conexión de tira LED ',0.00,1,15,4,'0',1,7,0,'2019-06-18 14:35:37',0,'UN'),(360,'000001','aceite motor ',0.00,1,50,10,'0',1,8,0,'2019-06-18 14:35:37',0,'UN'),(361,'EB-GZ','Articulo de Prueba',0.00,1,5,5,'1',0,1,1,'2019-06-20 14:54:54',0,'UN'),(362,'FER-18','PERFECTO',0.00,1,3,6,'1',0,6,1,'2019-06-21 12:26:46',0,'UN'),(363,'FDF100-0001','Rueda trasera',0.00,0,0,4,'1',0,6,0,'2019-06-21 20:12:21',0,'UN'),(364,'Eli-Ber','articulo nuevo',0.00,1,6,12,'1',0,6,1,'2019-06-23 16:22:59',0,'UN'),(365,'BER-090','ARTICULO-002',0.00,0,0,20,'1',0,6,0,'2019-06-26 14:31:50',1,'UN'),(366,'00001','filtro x caja de 2unidades',0.00,1,2,4,'1',21,6,0,'2019-07-18 15:53:53',0,'UN'),(367,'0003-RF','Articulo 003',0.00,0,0,0,'1',22,6,0,'2019-11-20 15:57:28',0,'UN'),(368,'0003-4','articulo de prueba',0.00,1,6,0,'1',22,6,0,'2019-11-20 15:58:15',0,'UN'),(369,'0212','Ajo pelado',0.00,1,6,12,'1',22,6,1,'2019-11-20 15:59:21',0,'UN'),(370,'fer-art','Articulo fer',0.00,0,0,0,'1',22,6,0,'2019-11-20 16:01:43',0,'UN'),(371,'aaaa-232','Articulo 2 prueba',0.00,0,0,0,'1',22,6,0,'2019-11-20 16:59:14',0,'UN'),(372,'Fernando','Articulo Fernando',0.00,0,0,100,'1',21,6,1,'2019-11-20 17:01:27',0,'UN'),(373,'001','Articulo 1 por caja 6 unidades',0.00,0,0,0,'1',-1,6,0,'2020-04-09 02:02:39',0,''),(374,'asd','asd',0.00,1,1,0,'1',22,6,0,'2020-04-13 17:42:49',1,''),(375,'asdasd','asdasd',0.00,0,0,0,'1',21,6,0,'2020-04-13 17:43:31',1,''),(376,'1213141','Barbijo 3n',0.00,1,30,0,'1',22,6,0,'2020-04-13 23:08:45',0,''),(377,'SE0004','Semillas de Zanahorias / VARIEDAD: Esperanza / ORI',0.00,0,NULL,0,'AC',0,1,0,'2019-10-31 19:08:44',0,''),(378,'SE0003','Semillas de Tomate / VARIEDAD: HM 7883 HM Clause /',0.00,0,NULL,0,'AC',0,1,0,'2019-10-31 19:07:15',0,''),(379,'SE0001','Dientes de Ajo (semillas) / VARIEDAD: Blanco Valen',0.00,0,NULL,0,'AC',0,1,0,'2019-10-31 19:02:33',0,''),(380,'SE0005','Semillas de Zanahorias / VARIEDAD: Match / ORIGEN:',0.00,0,NULL,0,'AC',0,1,0,'2019-10-31 19:12:05',0,''),(381,'SE0006','Semillas de Zanahoria / VARIEDAD: 5300 / ORIGEN: S',0.00,0,NULL,0,'AC',0,1,0,'2019-10-31 19:16:06',0,''),(382,'SE0008','Semilla de Zapallo / VARIEDAD: Sintetica 14 / ORIG',0.00,0,NULL,0,'AC',0,1,0,'2019-10-31 19:18:08',0,''),(383,'SE0009','Semillas de Cebolla / VARIEDAD: Cebolla morada. / ',0.00,0,NULL,0,'AC',0,1,0,'2019-10-31 19:20:52',0,''),(384,'SE0007','Semilla de Zapallo. / VARIEDAD: Uchiki Kuri, Pluto',0.00,0,NULL,0,'AC',0,1,0,'2019-10-31 19:23:00',0,''),(385,'SE0010','Semillas de Cebolla. / VARIEDAD: Valencianita R.C.',0.00,0,NULL,0,'AC',0,1,0,'2019-10-31 19:25:46',0,''),(386,'HF0001','Carbendaglex - Tratamiento de semillas para enferm',0.00,0,NULL,0,'AC',0,1,0,'2019-10-31 19:28:10',0,''),(387,'HF0002','Herbadox H20 - Herbicida para : serraja, yuyo blan',0.00,0,NULL,0,'AC',0,1,0,'2019-10-31 19:29:55',0,''),(388,'HF0003','Koltar - Herbicida para : serraja, yuyo blanco, ce',0.00,0,NULL,0,'AC',0,1,0,'2019-10-31 19:30:43',0,''),(389,'HF0004','Lorsban Plus / Dithane -  Insecticida y fungcida. ',0.00,0,NULL,0,'AC',0,1,0,'2019-10-31 16:05:35',0,''),(390,'FE0001','CAURIFIX S - Fungicida. Prevencion de roya y peron',0.00,0,NULL,0,'AC',0,1,0,'2019-10-31 19:34:34',0,''),(391,'FE0002','SolMix - Fertilizante de Nitrogeno',0.00,0,NULL,0,'AC',0,1,0,'2019-10-31 19:35:20',0,''),(392,'FE0003','Sol NPK - Fertilizante Nitrogeno, Fosforo, Potasio',0.00,0,NULL,0,'AC',0,1,0,'2019-10-31 19:36:38',0,''),(393,'HF0005','Bromadiolone - Control de Roedores.',0.00,0,NULL,0,'AC',0,1,0,'2019-10-31 19:49:50',0,''),(394,'PR0001','Ajo Cosechado. / VARIEDAD: Chino convencional',0.00,0,NULL,0,'AC',0,1,0,'2019-10-31 19:51:32',0,''),(395,'PR0003','Ajo Cosechado - VARIEDAD: Blanco organico',0.00,0,NULL,0,'AC',0,1,0,'2019-10-31 19:56:49',0,''),(396,'PR0002','Ajo cosechado - VARIEDAD: Blanco convencional ',0.00,0,NULL,0,'AC',0,1,0,'2019-10-31 19:52:24',0,''),(397,'PR0004 ','Ajo cosechado - VARIEDAD: Chino organico',0.00,0,NULL,0,'AC',0,1,0,'2019-10-31 19:58:49',0,''),(398,'PR0005','Ajo embalado - VARIEDAD: Chino convencional',0.00,0,NULL,0,'AC',0,1,0,'2019-10-31 19:59:50',0,''),(399,'PR0006','Ajo embalado - VARIEDAD: Blanco convencional.',0.00,0,NULL,0,'AC',0,1,0,'2019-10-31 20:02:14',0,''),(400,'PR0007','Ajo Embalado - VARIEDAD: Blanco organico.',0.00,0,NULL,0,'AC',0,1,0,'2019-10-31 20:04:43',0,''),(401,'PR0008','Ajo Embalado -  VARIEDAD: Chino organico',0.00,0,NULL,0,'AC',0,1,0,'2019-10-31 20:06:42',0,''),(402,'PR0009','Ajo Clasificado. / VARIEDAD: Chino convencional. /',0.00,0,NULL,0,'AC',0,1,0,'2019-10-31 20:13:08',0,''),(403,'PR0010','Ajo Clasificado. / VARIEDAD: Chino convencional. /',0.00,0,NULL,0,'AC',0,1,0,'2019-10-31 20:13:31',0,''),(404,'PR0011','Ajo Clasificado. / VARIEDAD: Chino convencional. /',0.00,0,NULL,0,'AC',0,1,0,'2019-10-31 20:13:46',0,''),(405,'PR0012','Ajo Clasificado. / VARIEDAD: Chino convencional. /',0.00,0,NULL,0,'AC',0,1,0,'2019-10-31 20:14:13',0,''),(406,'PR0013','Ajo Clasificado. / VARIEDAD: Chino convencional. /',0.00,0,NULL,0,'AC',0,1,0,'2019-10-31 20:14:45',0,''),(407,'01230-M','Guantes M',0.00,1,6,12,'1',22,6,1,'2020-04-29 15:36:57',0,''),(408,'0005','Descripcion 5',0.00,0,0,0,'1',37,6,0,'2020-05-04 14:08:22',0,''),(409,'588023','prueba',0.00,0,0,0,'1',22,6,0,'2020-05-11 17:15:31',0,'');
/*!40000 ALTER TABLE `alm_articulos` ENABLE KEYS */;
UNLOCK TABLES;

--
-- Table structure for table `alm_depositos`
--

DROP TABLE IF EXISTS `alm_depositos`;
/*!40101 SET @saved_cs_client     = @@character_set_client */;
/*!40101 SET character_set_client = utf8 */;
CREATE TABLE `alm_depositos` (
  `depo_id` int(11) NOT NULL AUTO_INCREMENT,
  `descripcion` varchar(255) DEFAULT NULL,
  `direccion` varchar(255) DEFAULT NULL,
  `GPS` varchar(255) DEFAULT NULL,
  `estado` varchar(4) DEFAULT NULL,
  `loca_id` varchar(255) DEFAULT NULL,
  `esta_id` varchar(255) DEFAULT NULL,
  `pais_id` varchar(255) DEFAULT NULL,
  `empr_id` int(11) NOT NULL,
  `fec_alta` datetime DEFAULT CURRENT_TIMESTAMP,
  `eliminado` tinyint(4) NOT NULL DEFAULT '0',
  PRIMARY KEY (`depo_id`)
) ENGINE=InnoDB AUTO_INCREMENT=9 DEFAULT CHARSET=latin1;
/*!40101 SET character_set_client = @saved_cs_client */;

--
-- Dumping data for table `alm_depositos`
--

LOCK TABLES `alm_depositos` WRITE;
/*!40000 ALTER TABLE `alm_depositos` DISABLE KEYS */;
INSERT INTO `alm_depositos` VALUES (1,'Deposito A','Direccion A','AAA','1','1','1','1',1,'2019-06-03 14:10:31',0),(2,'Deposito B','Direccion B','BBB','1','1','1','1',1,'2019-06-03 14:10:31',0),(3,'Deposito C','Direccion C','CCC','1','1','1','1',1,'2019-06-03 14:10:31',0),(4,'Deposito 1','direccion 1','','AC','','4',NULL,1,'2019-06-23 13:28:22',0),(5,'Deposito 2','direccion 2','','AC','','6',NULL,1,'2019-06-23 13:28:02',0),(6,'Deposito 3','direccion 3','+34 -44','AC','','',NULL,6,'2019-06-23 12:33:07',0),(7,'Deposito 4','direccion 4','','AC','','',NULL,6,'2019-06-23 13:27:46',0),(8,'Deposito 1','sin direccion','',NULL,'','',NULL,6,'2020-04-30 11:03:53',0);
/*!40000 ALTER TABLE `alm_depositos` ENABLE KEYS */;
UNLOCK TABLES;

--
-- Table structure for table `alm_deta_entrega_materiales`
--

DROP TABLE IF EXISTS `alm_deta_entrega_materiales`;
/*!40101 SET @saved_cs_client     = @@character_set_client */;
/*!40101 SET character_set_client = utf8 */;
CREATE TABLE `alm_deta_entrega_materiales` (
  `deen_id` int(11) NOT NULL AUTO_INCREMENT,
  `enma_id` int(11) NOT NULL,
  `cantidad` float NOT NULL,
  `arti_id` int(11) NOT NULL,
  `prov_id` int(10) DEFAULT NULL,
  `lote_id` int(11) NOT NULL,
  `depo_id` int(11) DEFAULT NULL,
  `empr_id` int(11) NOT NULL,
  `precio` double DEFAULT NULL,
  `fec_alta` datetime DEFAULT CURRENT_TIMESTAMP,
  `eliminado` tinyint(4) DEFAULT '0',
  PRIMARY KEY (`deen_id`)
) ENGINE=InnoDB AUTO_INCREMENT=36 DEFAULT CHARSET=utf8 COLLATE=utf8_spanish_ci;
/*!40101 SET character_set_client = @saved_cs_client */;

--
-- Dumping data for table `alm_deta_entrega_materiales`
--

LOCK TABLES `alm_deta_entrega_materiales` WRITE;
/*!40000 ALTER TABLE `alm_deta_entrega_materiales` DISABLE KEYS */;
INSERT INTO `alm_deta_entrega_materiales` VALUES (1,1,1,2,5,1,6,6,NULL,'2020-04-29 15:11:34',0),(2,2,50,376,5,6,6,6,NULL,'2020-04-29 15:36:08',0),(3,3,3,407,4,7,6,6,NULL,'2020-04-29 15:43:12',0),(4,4,12,407,4,8,6,6,NULL,'2020-04-29 15:52:04',0),(5,5,1,2,5,1,6,6,NULL,'2020-04-30 01:48:56',0),(6,5,0.5,11,5,3,6,6,NULL,'2020-04-30 01:48:56',0),(7,5,1,13,5,4,7,6,NULL,'2020-04-30 01:48:56',0),(8,6,2,2,5,1,6,6,NULL,'2020-04-30 01:54:34',0),(9,7,3,407,5,9,8,6,NULL,'2020-05-08 00:49:34',0),(10,8,0.5,10,5,2,7,6,NULL,'2020-05-08 00:51:26',0),(11,9,1,70,3,10,8,6,NULL,'2020-08-10 13:53:21',0),(12,10,2,2,5,1,6,6,NULL,'2020-08-10 17:19:35',0),(13,11,1,2,5,1,6,6,NULL,'2020-08-10 17:25:12',0),(14,11,1,11,5,3,6,6,NULL,'2020-08-10 17:25:12',0),(15,12,1,10,5,2,7,6,NULL,'2020-08-10 17:27:31',0),(16,13,1,10,5,2,7,6,NULL,'2020-08-10 17:29:55',0),(17,14,2,407,4,7,6,6,NULL,'2020-09-24 20:59:05',0),(18,15,2,10,5,2,7,6,NULL,'2020-09-25 17:08:34',0),(19,16,2,2,5,1,6,6,NULL,'2020-09-28 18:45:42',0),(20,17,2,13,5,4,7,6,NULL,'2020-10-05 02:48:03',0),(21,18,2,10,5,2,7,6,NULL,'2020-10-05 02:48:49',0),(22,19,2,13,5,4,7,6,NULL,'2020-10-05 03:00:19',0),(23,20,1,10,5,2,7,6,NULL,'2020-10-05 03:16:28',0),(24,21,1,10,5,2,7,6,NULL,'2020-10-05 03:17:04',0),(25,22,1,10,5,2,7,6,NULL,'2020-10-09 16:34:14',0),(26,23,2,2,5,1,6,6,NULL,'2020-10-13 16:02:17',0),(27,24,2,13,5,4,7,6,NULL,'2020-10-13 16:15:51',0),(28,25,1,2,5,1,6,6,NULL,'2020-11-13 22:01:58',0),(29,26,9,2,5,1,6,6,NULL,'2020-12-29 13:36:16',0),(30,27,0.5,11,5,3,6,6,NULL,'2020-12-29 15:04:02',0),(31,28,1,13,5,4,7,6,NULL,'2020-12-30 12:55:40',0),(32,29,0.5,2,5,1,6,6,NULL,'2020-12-30 12:58:24',0),(33,30,1,10,5,2,7,6,NULL,'2020-12-30 13:05:40',0),(34,30,1,11,5,3,6,6,NULL,'2020-12-30 13:05:40',0),(35,31,2,10,5,2,7,6,NULL,'2020-12-30 19:22:00',0);
/*!40000 ALTER TABLE `alm_deta_entrega_materiales` ENABLE KEYS */;
UNLOCK TABLES;

--
-- Table structure for table `alm_deta_movimientos_internos`
--

DROP TABLE IF EXISTS `alm_deta_movimientos_internos`;
/*!40101 SET @saved_cs_client     = @@character_set_client */;
/*!40101 SET character_set_client = utf8 */;
CREATE TABLE `alm_deta_movimientos_internos` (
  `demi_id` int(11) NOT NULL AUTO_INCREMENT,
  `codigo` varchar(255) DEFAULT NULL,
  `cantidad_cargada` float NOT NULL,
  `cantidad_recibida` float DEFAULT NULL,
  `fec_alta` datetime NOT NULL DEFAULT CURRENT_TIMESTAMP,
  `usuario` varchar(100) DEFAULT 'hugoDS',
  `usuario_app` varchar(100) DEFAULT NULL,
  `moin_id` int(11) NOT NULL,
  `arti_id` int(11) DEFAULT NULL,
  `lote_id_origen` int(11) DEFAULT NULL,
  `lote_id_destino` int(11) DEFAULT NULL,
  PRIMARY KEY (`demi_id`),
  KEY `alm_deta_movimientos_internos_FK` (`moin_id`),
  KEY `alm_deta_movimientos_internos_FK_1` (`arti_id`),
  KEY `alm_deta_movimientos_internos_lote_id_destino_FK` (`lote_id_destino`),
  KEY `alm_deta_movimientos_internos_lote_id_origen_FK` (`lote_id_origen`),
  CONSTRAINT `alm_deta_movimientos_internos_FK` FOREIGN KEY (`moin_id`) REFERENCES `alm_movimientos_internos` (`moin_id`),
  CONSTRAINT `alm_deta_movimientos_internos_FK_1` FOREIGN KEY (`arti_id`) REFERENCES `alm_articulos` (`arti_id`),
  CONSTRAINT `alm_deta_movimientos_internos_lote_id_destino_FK` FOREIGN KEY (`lote_id_destino`) REFERENCES `alm_lotes` (`lote_id`),
  CONSTRAINT `alm_deta_movimientos_internos_lote_id_origen_FK` FOREIGN KEY (`lote_id_origen`) REFERENCES `alm_lotes` (`lote_id`)
) ENGINE=InnoDB AUTO_INCREMENT=54 DEFAULT CHARSET=utf8;
/*!40101 SET character_set_client = @saved_cs_client */;

--
-- Dumping data for table `alm_deta_movimientos_internos`
--

LOCK TABLES `alm_deta_movimientos_internos` WRITE;
/*!40000 ALTER TABLE `alm_deta_movimientos_internos` DISABLE KEYS */;
INSERT INTO `alm_deta_movimientos_internos` VALUES (50,'-Sin Lotes para este artículo-',5,NULL,'2021-02-03 00:23:26','root@localhost','suptest1',67,13,NULL,NULL),(51,'1',10,NULL,'2021-02-03 00:23:26','root@localhost','suptest1',67,2,1,NULL),(52,'1',15,NULL,'2021-03-07 20:35:16','root@localhost','suptest1',68,408,11,NULL),(53,'na',20,NULL,'2021-03-07 20:37:59','root@localhost','suptest1',69,407,9,NULL);
/*!40000 ALTER TABLE `alm_deta_movimientos_internos` ENABLE KEYS */;
UNLOCK TABLES;

--
-- Table structure for table `alm_deta_pedidos_materiales`
--

DROP TABLE IF EXISTS `alm_deta_pedidos_materiales`;
/*!40101 SET @saved_cs_client     = @@character_set_client */;
/*!40101 SET character_set_client = utf8 */;
CREATE TABLE `alm_deta_pedidos_materiales` (
  `depe_id` int(11) NOT NULL AUTO_INCREMENT,
  `cantidad` float DEFAULT NULL,
  `resto` float DEFAULT NULL,
  `fecha_entrega` date DEFAULT NULL,
  `fecha_entregado` date DEFAULT NULL,
  `pema_id` int(11) NOT NULL,
  `arti_id` int(11) NOT NULL,
  `fec_alta` datetime DEFAULT CURRENT_TIMESTAMP,
  `eliminado` tinyint(4) DEFAULT '0',
  PRIMARY KEY (`depe_id`)
) ENGINE=InnoDB AUTO_INCREMENT=139 DEFAULT CHARSET=utf8 COLLATE=utf8_spanish_ci;
/*!40101 SET character_set_client = @saved_cs_client */;

--
-- Dumping data for table `alm_deta_pedidos_materiales`
--

LOCK TABLES `alm_deta_pedidos_materiales` WRITE;
/*!40000 ALTER TABLE `alm_deta_pedidos_materiales` DISABLE KEYS */;
INSERT INTO `alm_deta_pedidos_materiales` VALUES (1,1,0,'2020-04-29',NULL,1,2,'2020-04-29 15:03:24',0),(3,0.5,0,'2020-04-29',NULL,2,11,'2020-04-29 15:06:40',0),(4,1,0,'2020-04-29',NULL,2,2,'2020-04-29 15:06:44',0),(5,1,0,'2020-04-29',NULL,2,13,'2020-04-29 15:07:02',0),(6,55,5,NULL,NULL,3,376,'2020-04-29 15:34:06',0),(7,3,0,'2020-04-29',NULL,4,407,'2020-04-29 15:42:27',0),(8,12,0,'2020-04-29',NULL,5,407,'2020-04-29 15:50:56',0),(9,4,4,NULL,NULL,6,93,'2020-04-30 01:38:49',0),(10,2,0,'2020-04-29',NULL,7,2,'2020-04-30 01:40:34',0),(11,2,2,NULL,NULL,8,141,'2020-05-06 18:23:55',0),(12,1,1,NULL,NULL,9,40,'2020-05-06 20:11:53',0),(13,2,2,NULL,NULL,10,40,'2020-05-06 21:49:57',0),(14,2,2,NULL,NULL,11,145,'2020-05-06 22:04:17',0),(15,1,1,'2020-05-06',NULL,12,18,'2020-05-06 22:35:15',0),(16,1,1,NULL,NULL,13,368,'2020-05-06 22:44:27',0),(17,1,1,NULL,NULL,14,93,'2020-05-06 22:56:40',0),(18,1,1,'2020-05-07',NULL,15,12,'2020-05-07 13:41:35',0),(19,2,2,'2020-05-07',NULL,15,13,'2020-05-07 13:42:00',0),(20,2,2,NULL,NULL,16,145,'2020-05-07 13:44:17',0),(21,1,1,NULL,NULL,17,376,'2020-05-07 15:42:48',0),(22,2,2,'2020-05-07',NULL,18,10,'2020-05-07 15:46:11',0),(26,1,1,'2020-05-07',NULL,19,13,'2020-05-07 17:13:00',0),(27,3,0,'2020-05-07',NULL,20,407,'2020-05-08 00:42:56',0),(28,8,8,'2020-05-07',NULL,21,2,'2020-05-08 00:45:54',0),(29,0.5,0,'2020-05-07',NULL,21,10,'2020-05-08 00:46:03',0),(30,5,5,'2020-05-22',NULL,22,2,'2020-05-22 12:57:52',0),(31,1,1,'2020-06-29',NULL,23,2,'2020-06-29 14:30:36',0),(32,2,2,'2020-08-07',NULL,24,70,'2020-08-07 20:02:03',0),(33,2,1,'2020-08-07',NULL,25,70,'2020-08-07 20:08:08',0),(34,2,2,NULL,NULL,26,93,'2020-08-10 16:59:26',0),(35,2,2,'2020-08-10',NULL,27,156,'2020-08-10 17:00:58',0),(36,1,1,'2020-08-10',NULL,28,2,'2020-08-10 17:08:04',0),(37,2,0,'2020-08-10',NULL,29,2,'2020-08-10 17:17:33',0),(38,1,0,'2020-08-10',NULL,30,2,'2020-08-10 17:22:51',0),(39,2,0,'2020-08-10',NULL,30,10,'2020-08-10 17:22:59',0),(40,1,0,'2020-08-10',NULL,30,11,'2020-08-10 17:23:43',0),(41,2,2,'2020-08-11',NULL,31,2,'2020-08-11 16:15:09',0),(42,2,2,'2020-08-11',NULL,31,10,'2020-08-11 16:15:17',0),(43,1,1,'2020-08-31',NULL,32,2,'2020-08-31 18:25:32',0),(44,1,1,'2020-08-31',NULL,33,2,'2020-08-31 21:52:40',0),(45,4,4,'2020-09-01',NULL,34,2,'2020-09-01 15:46:39',0),(46,2,2,NULL,NULL,35,93,'2020-09-01 16:08:15',0),(47,2,2,NULL,NULL,36,93,'2020-09-02 20:35:53',0),(48,10,10,'2020-09-02',NULL,36,2,'2020-09-02 20:36:04',0),(49,10,10,'2020-09-02',NULL,36,10,'2020-09-02 20:36:20',0),(50,85,85,'2020-09-02',NULL,36,14,'2020-09-02 20:36:38',0),(51,1,1,'2020-09-24',NULL,37,136,'2020-09-24 20:16:34',0),(52,2,2,NULL,NULL,38,93,'2020-09-24 20:18:56',0),(53,2,0,'2020-09-24',NULL,39,407,'2020-09-24 20:54:59',0),(54,2,0,'2020-09-25',NULL,40,10,'2020-09-25 17:01:15',0),(55,1,1,'2020-09-28',NULL,41,2,'2020-09-28 14:32:47',0),(56,2,0,'2020-09-28',NULL,42,2,'2020-09-28 15:56:39',0),(57,2,2,'2020-10-03',NULL,43,10,'2020-10-03 06:27:19',0),(58,2,2,'2020-10-03',NULL,44,2,'2020-10-03 06:45:32',0),(59,2,2,NULL,NULL,45,93,'2020-10-03 06:49:42',0),(60,1,1,'2020-10-03',NULL,46,13,'2020-10-03 06:50:59',0),(61,2,0,'2020-10-03',NULL,47,13,'2020-10-03 07:34:20',0),(62,2,0,'2020-10-03',NULL,48,10,'2020-10-03 07:34:54',0),(63,2,0,'2020-10-04',NULL,49,13,'2020-10-05 02:53:49',0),(64,1,0,'2020-10-05',NULL,50,10,'2020-10-05 03:13:21',0),(65,1,0,'2020-10-05',NULL,51,10,'2020-10-05 03:14:32',0),(66,1,1,'2020-10-09',NULL,52,2,'2020-10-08 16:53:48',0),(67,1,0,'2020-10-09',NULL,53,10,'2020-10-09 16:31:23',0),(68,1,1,'2020-10-09',NULL,52,10,'2020-10-09 16:41:47',0),(69,2,0,'2020-10-13',NULL,54,2,'2020-10-13 16:00:02',0),(70,2,0,'2020-10-13',NULL,55,13,'2020-10-13 16:14:36',0),(71,2,2,NULL,NULL,56,93,'2020-10-13 16:18:44',0),(72,2,2,NULL,NULL,57,93,'2020-10-13 18:49:53',0),(73,2,2,NULL,NULL,58,93,'2020-10-13 18:49:58',0),(74,1,1,'2020-10-13',NULL,56,2,'2020-10-13 18:50:30',0),(75,1,0,'2020-11-13',NULL,59,2,'2020-11-13 21:58:39',0),(76,12,12,'2020-12-01',NULL,60,360,'2020-12-01 14:45:43',0),(77,2,2,NULL,NULL,61,93,'2020-12-10 21:09:30',0),(82,10,10,'2020-12-11',NULL,66,373,'2020-12-11 23:46:23',0),(85,2,2,NULL,NULL,69,93,'2020-12-23 12:49:25',0),(86,2,2,NULL,NULL,70,93,'2020-12-23 12:51:06',0),(87,2,2,NULL,NULL,71,93,'2020-12-23 13:04:01',0),(93,2,2,'2020-12-23',NULL,73,45,'2020-12-23 18:30:57',0),(115,10,10,'2020-12-28',NULL,95,2,'2020-12-28 22:12:30',0),(117,5,5,'2020-12-28',NULL,97,2,'2020-12-28 22:34:57',0),(118,2,2,'2020-12-28',NULL,98,2,'2020-12-28 22:38:32',0),(119,1,1,'2020-12-29',NULL,99,2,'2020-12-29 13:11:29',0),(120,9,0,'2020-12-29',NULL,100,2,'2020-12-29 13:33:46',0),(121,1,1,'2020-12-29',NULL,100,10,'2020-12-29 13:33:51',0),(122,0.5,0.5,'2020-12-29',NULL,100,11,'2020-12-29 13:34:00',0),(123,11,11,'2020-12-29',NULL,101,2,'2020-12-29 15:00:02',0),(124,2,2,'2020-12-29',NULL,101,10,'2020-12-29 15:00:06',0),(125,0.5,0,'2020-12-29',NULL,101,11,'2020-12-29 15:00:15',0),(126,1,0,'2020-12-30',NULL,102,13,'2020-12-30 12:50:36',0),(127,1,0.5,'2020-12-30',NULL,103,2,'2020-12-30 12:51:56',0),(128,2,1,'2020-12-30',NULL,104,11,'2020-12-30 13:04:05',0),(129,5,4,'2020-12-30',NULL,104,10,'2020-12-30 13:04:15',0),(130,3,3,'2020-12-30',NULL,105,2,'2020-12-30 14:34:37',0),(131,2,2,'2020-12-30',NULL,106,13,'2020-12-30 15:08:43',0),(132,0.5,0.5,'2020-12-30',NULL,107,2,'2020-12-30 15:43:16',0),(133,4,2,'2020-12-30',NULL,108,10,'2020-12-30 19:17:46',0),(134,1,1,'2020-12-30',NULL,109,2,'2020-12-31 00:19:15',0),(135,5,5,'2021-01-04',NULL,110,2,'2021-01-04 12:19:35',0);
/*!40000 ALTER TABLE `alm_deta_pedidos_materiales` ENABLE KEYS */;
UNLOCK TABLES;

--
-- Table structure for table `alm_deta_recepcion_materiales`
--

DROP TABLE IF EXISTS `alm_deta_recepcion_materiales`;
/*!40101 SET @saved_cs_client     = @@character_set_client */;
/*!40101 SET character_set_client = utf8 */;
CREATE TABLE `alm_deta_recepcion_materiales` (
  `dere_id` int(11) NOT NULL AUTO_INCREMENT,
  `cantidad` double NOT NULL,
  `precio` double NOT NULL,
  `empr_id` int(11) NOT NULL,
  `rema_id` int(11) NOT NULL,
  `lote_id` int(11) NOT NULL,
  `prov_id` int(10) NOT NULL,
  `arti_id` int(11) NOT NULL,
  `fec_alta` datetime DEFAULT CURRENT_TIMESTAMP,
  `eliminado` tinyint(4) DEFAULT '0',
  PRIMARY KEY (`dere_id`)
) ENGINE=InnoDB AUTO_INCREMENT=10 DEFAULT CHARSET=latin1;
/*!40101 SET character_set_client = @saved_cs_client */;

--
-- Dumping data for table `alm_deta_recepcion_materiales`
--

LOCK TABLES `alm_deta_recepcion_materiales` WRITE;
/*!40000 ALTER TABLE `alm_deta_recepcion_materiales` DISABLE KEYS */;
INSERT INTO `alm_deta_recepcion_materiales` VALUES (1,3000,0,6,1,6,5,376,'2020-04-29 15:30:08',0),(2,6,0,6,2,7,4,407,'2020-04-29 15:40:24',0),(3,12,0,6,3,8,4,407,'2020-04-29 15:49:58',0),(4,3,0,6,4,1,5,2,'2020-04-30 01:52:32',0),(5,600,0,6,5,9,5,407,'2020-05-03 16:29:43',0),(6,1800,0,6,6,9,5,407,'2020-05-03 16:38:25',0),(7,6000,0,6,7,9,3,407,'2020-05-03 16:43:34',0),(8,20000,0,6,8,10,3,70,'2020-08-07 20:18:23',0),(9,50,0,6,9,11,5,408,'2021-03-07 15:04:48',0);
/*!40000 ALTER TABLE `alm_deta_recepcion_materiales` ENABLE KEYS */;
UNLOCK TABLES;

--
-- Table structure for table `alm_entrega_materiales`
--

DROP TABLE IF EXISTS `alm_entrega_materiales`;
/*!40101 SET @saved_cs_client     = @@character_set_client */;
/*!40101 SET character_set_client = utf8 */;
CREATE TABLE `alm_entrega_materiales` (
  `enma_id` int(11) NOT NULL AUTO_INCREMENT,
  `fecha` date DEFAULT NULL,
  `solicitante` varchar(100) COLLATE utf8_spanish_ci DEFAULT NULL,
  `dni` varchar(45) COLLATE utf8_spanish_ci DEFAULT NULL,
  `destino` varchar(100) COLLATE utf8_spanish_ci DEFAULT NULL,
  `comprobante` varchar(50) COLLATE utf8_spanish_ci DEFAULT NULL,
  `empr_id` int(11) NOT NULL,
  `pema_id` int(11) DEFAULT NULL,
  `fec_alta` datetime DEFAULT CURRENT_TIMESTAMP,
  `eliminado` tinyint(4) DEFAULT '0',
  PRIMARY KEY (`enma_id`)
) ENGINE=InnoDB AUTO_INCREMENT=32 DEFAULT CHARSET=utf8 COLLATE=utf8_spanish_ci;
/*!40101 SET character_set_client = @saved_cs_client */;

--
-- Dumping data for table `alm_entrega_materiales`
--

LOCK TABLES `alm_entrega_materiales` WRITE;
/*!40000 ALTER TABLE `alm_entrega_materiales` DISABLE KEYS */;
INSERT INTO `alm_entrega_materiales` VALUES (1,'2020-04-29','Eliana Bernaldez','123456',NULL,'E-0001',6,1,'2020-04-29 15:11:34',0),(2,'2020-04-29','Eliana Bernaldez','123456',NULL,'E-0001',6,3,'2020-04-29 15:36:08',0),(3,'2020-04-29','Eliana Bernaldez','7946177',NULL,'E-0003',6,4,'2020-04-29 15:43:12',0),(4,'2020-05-02','Eliana Bernaldez','123456',NULL,'E-0004',6,5,'2020-04-29 15:52:04',0),(5,'2020-04-29','Eliana Bernaldez','123456',NULL,'E-0005',6,2,'2020-04-30 01:48:56',0),(6,'2020-04-29','Eliana Bernaldez','123456',NULL,'E-0006',6,7,'2020-04-30 01:54:34',0),(7,'2020-05-08','Eliana Bernaldez','12345678',NULL,'EB-0001',6,20,'2020-05-08 00:49:34',0),(8,'2020-05-08','Eliana Bernaldez','123456',NULL,'1111',6,21,'2020-05-08 00:51:26',0),(9,'2020-08-10','pepe honguito','1234567',NULL,'12345',6,25,'2020-08-10 13:53:21',0),(10,'2020-08-10','sergio','12455',NULL,'1234',6,29,'2020-08-10 17:19:35',0),(11,'2020-08-10','alo','12345',NULL,'1111',6,30,'2020-08-10 17:25:12',0),(12,'2020-08-10','se','123123',NULL,'333',6,30,'2020-08-10 17:27:31',0),(13,'2020-08-10','ad','1245',NULL,'444',6,30,'2020-08-10 17:29:55',0),(14,'2020-09-24','sergio ledesma','38888888',NULL,'1234',6,39,'2020-09-24 20:59:05',0),(15,'2020-09-25','sergio ledesmaaa','388888888',NULL,'1233',6,40,'2020-09-25 17:08:34',0),(16,'2020-09-28','sergio ledesma','38888888',NULL,'222',6,42,'2020-09-28 18:45:42',0),(17,'2020-10-04','pepe','2222',NULL,'1234',6,47,'2020-10-05 02:48:03',0),(18,'2020-10-04','pepo','334',NULL,'1234',6,48,'2020-10-05 02:48:49',0),(19,'2020-10-05','pepe','38888888',NULL,'222',6,49,'2020-10-05 03:00:19',0),(20,'2020-10-05','el','38888888',NULL,'222',6,51,'2020-10-05 03:16:28',0),(21,'2020-10-05','peperi','388888883',NULL,'221',6,50,'2020-10-05 03:17:04',0),(22,'2020-10-09','pafaf','38888888',NULL,'111',6,53,'2020-10-09 16:34:14',0),(23,'2020-10-13','almacen ','38888888',NULL,'222',6,54,'2020-10-13 16:02:17',0),(24,'2020-10-13','almacen ','38888888',NULL,'55',6,55,'2020-10-13 16:15:51',0),(25,'2020-11-13','p','2323',NULL,'1234',6,59,'2020-11-13 22:01:58',0),(26,'2020-12-29','Eliana Bernaldez','7667767776',NULL,'0000000009',6,100,'2020-12-29 13:36:16',0),(27,'2020-12-30','Eliana Bernaldez','123456',NULL,'E-0001',6,101,'2020-12-29 15:04:02',0),(28,'2020-12-30','Eliana Bernaldez','123456',NULL,'234234',6,102,'2020-12-30 12:55:40',0),(29,'2020-12-30','Eliana Bernaldez','123456',NULL,'54544',6,103,'2020-12-30 12:58:24',0),(30,'2020-12-30','Eliana Bernaldez','343434343',NULL,'99999999',6,104,'2020-12-30 13:05:40',0),(31,'2020-12-30','Vicente Nario','2222222222',NULL,'comprob 10 hugo',6,108,'2020-12-30 19:22:00',0);
/*!40000 ALTER TABLE `alm_entrega_materiales` ENABLE KEYS */;
UNLOCK TABLES;

--
-- Table structure for table `alm_lotes`
--

DROP TABLE IF EXISTS `alm_lotes`;
/*!40101 SET @saved_cs_client     = @@character_set_client */;
/*!40101 SET character_set_client = utf8 */;
CREATE TABLE `alm_lotes` (
  `lote_id` int(11) NOT NULL AUTO_INCREMENT,
  `prov_id` int(10) NOT NULL,
  `arti_id` int(11) NOT NULL,
  `depo_id` int(11) NOT NULL,
  `codigo` varchar(255) DEFAULT NULL,
  `fec_vencimiento` date DEFAULT NULL,
  `cantidad` float DEFAULT NULL,
  `empr_id` int(11) NOT NULL,
  `user_id` int(11) DEFAULT NULL,
  `estado_id` int(11) DEFAULT NULL,
  `fec_alta` datetime DEFAULT CURRENT_TIMESTAMP,
  `eliminado` tinyint(4) DEFAULT '0',
  PRIMARY KEY (`lote_id`,`prov_id`,`arti_id`,`depo_id`)
) ENGINE=InnoDB AUTO_INCREMENT=12 DEFAULT CHARSET=latin1;
/*!40101 SET character_set_client = @saved_cs_client */;

--
-- Dumping data for table `alm_lotes`
--

LOCK TABLES `alm_lotes` WRITE;
/*!40000 ALTER TABLE `alm_lotes` DISABLE KEYS */;
INSERT INTO `alm_lotes` VALUES (1,5,2,6,'1','2020-04-16',80.5,6,NULL,1,'2020-04-16 15:42:11',0),(2,5,10,7,'1','2020-04-16',36,6,NULL,1,'2020-04-16 15:42:11',0),(3,5,11,6,'1','2020-04-23',21,6,NULL,1,'2020-04-16 15:42:11',0),(4,5,13,7,'1','2020-04-23',7,6,NULL,1,'2020-04-16 15:42:11',0),(5,5,377,6,'1','2020-04-20',73.5,6,NULL,1,'2020-04-20 21:17:23',0),(6,5,376,6,'1','2020-04-29',2950,6,NULL,1,'2020-04-29 15:30:08',0),(7,4,407,6,'011','2021-02-27',1,6,NULL,1,'2020-04-29 15:40:24',0),(8,4,407,6,'111','2020-04-29',0,6,NULL,1,'2020-04-29 15:49:58',0),(9,5,407,8,'na','2020-05-03',8377,6,NULL,1,'2020-05-03 16:29:43',0),(10,3,70,8,'1','2020-08-07',19999,6,NULL,1,'2020-08-07 20:18:23',0),(11,5,408,8,'1','2021-03-28',35,6,NULL,1,'2021-03-07 15:04:48',0);
/*!40000 ALTER TABLE `alm_lotes` ENABLE KEYS */;
UNLOCK TABLES;

--
-- Table structure for table `alm_movimientos_internos`
--

DROP TABLE IF EXISTS `alm_movimientos_internos`;
/*!40101 SET @saved_cs_client     = @@character_set_client */;
/*!40101 SET character_set_client = utf8 */;
CREATE TABLE `alm_movimientos_internos` (
  `moin_id` int(11) NOT NULL AUTO_INCREMENT,
  `estado` varchar(100) NOT NULL,
  `num_comprobante` varchar(100) DEFAULT NULL,
  `fec_envio` datetime NOT NULL,
  `eliminado` tinyint(1) NOT NULL DEFAULT '0',
  `patente` varchar(100) DEFAULT NULL,
  `acoplado` varchar(100) DEFAULT NULL,
  `conductor` varchar(100) DEFAULT NULL,
  `fec_recepcion` date DEFAULT NULL,
  `observaciones_recepcion` varchar(100) DEFAULT NULL,
  `fec_alta` datetime NOT NULL DEFAULT CURRENT_TIMESTAMP,
  `usuario` varchar(100) NOT NULL,
  `usuario_app` varchar(100) NOT NULL,
  `depo_id_origen` int(11) NOT NULL,
  `depo_id_destino` int(11) NOT NULL,
  `empr_id` int(11) NOT NULL,
  PRIMARY KEY (`moin_id`),
  KEY `alm_movimientos_internos_depo_id_origen_FK` (`depo_id_origen`),
  KEY `alm_movimientos_internos_depo_id_destino_FK` (`depo_id_destino`),
  CONSTRAINT `alm_movimientos_internos_depo_id_destino_FK` FOREIGN KEY (`depo_id_destino`) REFERENCES `alm_depositos` (`depo_id`),
  CONSTRAINT `alm_movimientos_internos_depo_id_origen_FK` FOREIGN KEY (`depo_id_origen`) REFERENCES `alm_depositos` (`depo_id`)
) ENGINE=InnoDB AUTO_INCREMENT=70 DEFAULT CHARSET=utf8;
/*!40101 SET character_set_client = @saved_cs_client */;

--
-- Dumping data for table `alm_movimientos_internos`
--

LOCK TABLES `alm_movimientos_internos` WRITE;
/*!40000 ALTER TABLE `alm_movimientos_internos` DISABLE KEYS */;
INSERT INTO `alm_movimientos_internos` VALUES (67,'RECIBIDO','','2021-02-02 00:00:00',0,'EGB','','ELI','2021-02-02','','2021-02-03 00:23:26','root@localhost','suptest1',6,4,6),(68,'EN_CURSO','1111','2021-03-07 00:00:00',0,'AAA','CCC','eliana',NULL,NULL,'2021-03-07 20:35:16','root@localhost','suptest1',8,4,6),(69,'RECIBIDO','22222','2021-03-07 00:00:00',0,'BBB','CCCC','gabi','2021-03-07','','2021-03-07 20:37:59','root@localhost','suptest1',8,4,6);
/*!40000 ALTER TABLE `alm_movimientos_internos` ENABLE KEYS */;
UNLOCK TABLES;

--
-- Table structure for table `alm_pedidos_extraordinario`
--

DROP TABLE IF EXISTS `alm_pedidos_extraordinario`;
/*!40101 SET @saved_cs_client     = @@character_set_client */;
/*!40101 SET character_set_client = utf8 */;
CREATE TABLE `alm_pedidos_extraordinario` (
  `peex_id` int(11) NOT NULL AUTO_INCREMENT,
  `fecha` date DEFAULT NULL,
  `detalle` varchar(200) COLLATE utf8_turkish_ci DEFAULT NULL,
  `motivo_rechazo` varchar(200) COLLATE utf8_turkish_ci DEFAULT NULL,
  `case_id` int(11) DEFAULT NULL,
  `pema_id` int(11) DEFAULT NULL,
  `ortr_id` int(11) DEFAULT NULL,
  `empr_id` int(11) DEFAULT NULL,
  `fec_alta` datetime DEFAULT CURRENT_TIMESTAMP,
  `eliminado` tinyint(4) DEFAULT '0',
  PRIMARY KEY (`peex_id`)
) ENGINE=InnoDB DEFAULT CHARSET=utf8 COLLATE=utf8_turkish_ci;
/*!40101 SET character_set_client = @saved_cs_client */;

--
-- Dumping data for table `alm_pedidos_extraordinario`
--

LOCK TABLES `alm_pedidos_extraordinario` WRITE;
/*!40000 ALTER TABLE `alm_pedidos_extraordinario` DISABLE KEYS */;
/*!40000 ALTER TABLE `alm_pedidos_extraordinario` ENABLE KEYS */;
UNLOCK TABLES;

--
-- Table structure for table `alm_pedidos_materiales`
--

DROP TABLE IF EXISTS `alm_pedidos_materiales`;
/*!40101 SET @saved_cs_client     = @@character_set_client */;
/*!40101 SET character_set_client = utf8 */;
CREATE TABLE `alm_pedidos_materiales` (
  `pema_id` int(11) NOT NULL AUTO_INCREMENT,
  `fecha` date NOT NULL,
  `motivo_rechazo` varchar(500) COLLATE utf8_spanish_ci DEFAULT NULL,
  `justificacion` varchar(300) COLLATE utf8_spanish_ci DEFAULT NULL,
  `case_id` int(11) DEFAULT NULL,
  `estado` varchar(45) COLLATE utf8_spanish_ci DEFAULT NULL,
  `ortr_id` int(11) NOT NULL,
  `empr_id` int(11) DEFAULT NULL,
  `fec_alta` datetime DEFAULT CURRENT_TIMESTAMP,
  `eliminado` tinyint(4) DEFAULT '0',
  PRIMARY KEY (`pema_id`)
) ENGINE=InnoDB AUTO_INCREMENT=112 DEFAULT CHARSET=utf8 COLLATE=utf8_spanish_ci;
/*!40101 SET character_set_client = @saved_cs_client */;

--
-- Dumping data for table `alm_pedidos_materiales`
--

LOCK TABLES `alm_pedidos_materiales` WRITE;
/*!40000 ALTER TABLE `alm_pedidos_materiales` DISABLE KEYS */;
INSERT INTO `alm_pedidos_materiales` VALUES (1,'2020-04-29','','',8102,'Entregado',1,6,'2020-04-29 15:03:24',0),(2,'2020-04-29','','',8103,'Entregado',1,6,'2020-04-29 15:06:26',0),(3,'2020-04-29','',NULL,8105,'Ent. Parcial',2,6,'2020-04-29 15:34:06',0),(4,'2020-04-29','','',8106,'Entregado',2,6,'2020-04-29 15:42:27',0),(5,'2020-04-29','','',8107,'Entregado',2,6,'2020-04-29 15:50:56',0),(6,'2020-04-29','',NULL,8109,'Aprobado',3,6,'2020-04-30 01:38:49',0),(7,'2020-04-29','','',8110,'Entregado',3,6,'2020-04-30 01:40:34',0),(8,'2020-05-06',NULL,NULL,8133,'Solicitado',10,6,'2020-05-06 18:23:55',0),(9,'2020-05-06',NULL,NULL,8135,'Solicitado',11,6,'2020-05-06 20:11:53',0),(10,'2020-05-06',NULL,NULL,8137,'Solicitado',12,6,'2020-05-06 21:49:57',0),(11,'2020-05-06',NULL,NULL,8139,'Solicitado',13,6,'2020-05-06 22:04:17',0),(12,'2020-05-06',NULL,'',8141,'Solicitado',14,6,'2020-05-06 22:35:15',0),(13,'2020-05-06',NULL,NULL,8143,'Solicitado',15,6,'2020-05-06 22:44:27',0),(14,'2020-05-06',NULL,NULL,8145,'Solicitado',16,6,'2020-05-06 22:56:40',0),(15,'2020-05-07',NULL,'',NULL,'Creada',17,6,'2020-05-07 13:41:35',0),(16,'2020-05-07',NULL,NULL,8148,'Solicitado',18,6,'2020-05-07 13:44:17',0),(17,'2020-05-07',NULL,NULL,8150,'Solicitado',19,6,'2020-05-07 15:42:48',0),(18,'2020-05-07',NULL,'',8152,'Solicitado',20,6,'2020-05-07 15:46:11',0),(19,'2020-05-07',NULL,'',8155,'Solicitado',21,6,'2020-05-07 17:09:22',0),(20,'2020-05-07','','',8157,'Entregado',22,6,'2020-05-08 00:42:56',0),(21,'2020-05-07','','',8158,'Ent. Parcial',22,6,'2020-05-08 00:45:54',0),(22,'2020-05-22',NULL,'',NULL,'Creada',7,6,'2020-05-22 12:57:52',0),(23,'2020-06-29',NULL,'',10086,'Solicitado',32,6,'2020-06-29 14:30:36',0),(24,'2020-08-07','','',10138,'Aprobado',0,6,'2020-08-07 20:02:02',0),(25,'2020-08-07','','',10141,'Ent. Parcial',36,6,'2020-08-07 20:08:08',0),(26,'2020-08-10',NULL,NULL,NULL,'Creada',35,6,'2020-08-10 16:59:26',0),(27,'2020-08-10','','',10147,'Aprobado',37,6,'2020-08-10 17:00:58',0),(28,'2020-08-10',NULL,'',NULL,'Creada',38,6,'2020-08-10 17:08:04',0),(29,'2020-08-10','','',10150,'Entregado',39,6,'2020-08-10 17:17:33',0),(30,'2020-08-10','','',10152,'Entregado',40,6,'2020-08-10 17:22:51',0),(31,'2020-08-11','','',10164,'Aprobado',41,6,'2020-08-11 16:15:09',0),(32,'2020-08-31',NULL,'',10171,'Solicitado',42,6,'2020-08-31 18:25:32',0),(33,'2020-08-31',NULL,'',10173,'Solicitado',43,6,'2020-08-31 21:52:40',0),(34,'2020-09-01','','',10177,'Aprobado',44,6,'2020-09-01 15:46:39',0),(35,'2020-09-01',NULL,NULL,10301,'Solicitado',45,6,'2020-09-01 16:08:15',0),(36,'2020-09-02',NULL,NULL,NULL,'Creada',49,6,'2020-09-02 20:35:53',0),(37,'2020-09-24','','',11067,'Aprobado',199,6,'2020-09-24 20:16:34',0),(38,'2020-09-24',NULL,NULL,NULL,'Creada',68,6,'2020-09-24 20:18:56',0),(39,'2020-09-24','','',11069,'Entregado',200,6,'2020-09-24 20:54:59',0),(40,'2020-09-25','','',11071,'Entregado',201,6,'2020-09-25 17:01:15',0),(41,'2020-09-28','','',11076,'Aprobado',204,6,'2020-09-28 14:32:47',0),(42,'2020-09-28','','',11080,'Entregado',207,6,'2020-09-28 15:56:39',0),(43,'2020-10-03','','',11087,'Aprobado',208,6,'2020-10-03 06:27:19',0),(44,'2020-10-03',NULL,'',NULL,'Creada',209,6,'2020-10-03 06:45:32',0),(45,'2020-10-03',NULL,NULL,NULL,'Creada',77,6,'2020-10-03 06:49:42',0),(46,'2020-10-03','','',11090,'Aprobado',210,6,'2020-10-03 06:50:59',0),(47,'2020-10-03','','',11092,'Entregado',211,6,'2020-10-03 07:34:20',0),(48,'2020-10-03','','',11093,'Entregado',211,6,'2020-10-03 07:34:54',0),(49,'2020-10-04','','',11096,'Entregado',212,6,'2020-10-05 02:53:49',0),(50,'2020-10-05','','',11098,'Entregado',213,6,'2020-10-05 03:13:21',0),(51,'2020-10-05','','',11099,'Entregado',213,6,'2020-10-05 03:14:32',0),(52,'2020-10-08',NULL,'',NULL,'Creada',215,6,'2020-10-08 16:53:48',0),(53,'2020-10-09','','',11103,'Entregado',216,6,'2020-10-09 16:31:23',0),(54,'2020-10-13','','',11105,'Entregado',217,6,'2020-10-13 16:00:02',0),(55,'2020-10-13','','',11107,'Entregado',218,6,'2020-10-13 16:14:36',0),(56,'2020-10-13',NULL,NULL,11109,'Solicitado',87,6,'2020-10-13 16:18:44',0),(57,'2020-10-13',NULL,NULL,NULL,'Creada',95,6,'2020-10-13 18:49:53',0),(58,'2020-10-13',NULL,NULL,NULL,'Creada',105,6,'2020-10-13 18:49:58',0),(59,'2020-11-13','','',11182,'Entregado',0,6,'2020-11-13 21:58:39',0),(60,'2020-12-01',NULL,'',11193,'Solicitado',220,8,'2020-12-01 14:45:43',0),(61,'2020-12-10',NULL,NULL,NULL,'Creada',145,6,'2020-12-10 21:09:30',0),(66,'2020-12-11',NULL,'',NULL,'Creada',0,6,'2020-12-11 23:46:20',0),(69,'2020-12-23',NULL,NULL,NULL,'Creada',167,6,'2020-12-23 12:49:25',0),(70,'2020-12-23',NULL,NULL,NULL,'Creada',158,6,'2020-12-23 12:51:06',0),(71,'2020-12-23',NULL,NULL,NULL,'Creada',159,6,'2020-12-23 13:04:01',0),(73,'2020-12-23','','',11233,'Entregado',229,6,'2020-12-23 18:30:57',0),(95,'2020-12-28','','',11246,'Ent. Parcial',0,6,'2020-12-28 22:12:29',0),(97,'2020-12-28','','',11247,'Ent. Parcial',0,6,'2020-12-28 22:34:57',0),(98,'2020-12-28',NULL,'',11248,'Solicitado',0,6,'2020-12-28 22:38:32',0),(99,'2020-12-29','','',11249,'Entregado',0,6,'2020-12-29 13:11:29',0),(100,'2020-12-29','','',11251,'Entregado',230,6,'2020-12-29 13:33:46',0),(101,'2020-12-29','','',11252,'Entregado',0,6,'2020-12-29 15:00:02',0),(102,'2020-12-30','','',11254,'Entregado',231,6,'2020-12-30 12:50:36',0),(103,'2020-12-30','','',11255,'Entregado',231,6,'2020-12-30 12:51:56',0),(104,'2020-12-30','','',11256,'Entregado',231,6,'2020-12-30 13:04:05',0),(105,'2020-12-30','','',11258,'Entregado',0,6,'2020-12-30 14:34:37',0),(106,'2020-12-30','','',11259,'Ent. Parcial',0,6,'2020-12-30 15:08:43',0),(107,'2020-12-30',NULL,'',11260,'Solicitado',232,6,'2020-12-30 15:43:16',0),(108,'2020-12-30','','',11261,'Ent. Parcial',0,6,'2020-12-30 19:17:43',0),(109,'2020-12-30',NULL,'',11262,'Solicitado',231,6,'2020-12-31 00:19:15',0),(110,'2021-01-04',NULL,'',11263,'Solicitado',231,6,'2021-01-04 12:19:35',0);
/*!40000 ALTER TABLE `alm_pedidos_materiales` ENABLE KEYS */;
UNLOCK TABLES;

--
-- Table structure for table `alm_proveedores`
--

DROP TABLE IF EXISTS `alm_proveedores`;
/*!40101 SET @saved_cs_client     = @@character_set_client */;
/*!40101 SET character_set_client = utf8 */;
CREATE TABLE `alm_proveedores` (
  `prov_id` int(10) NOT NULL AUTO_INCREMENT,
  `nombre` varchar(255) DEFAULT NULL,
  `cuit` varchar(50) DEFAULT NULL,
  `domicilio` varchar(255) DEFAULT NULL,
  `telefono` varchar(50) DEFAULT NULL,
  `email` varchar(100) DEFAULT NULL,
  `empr_id` int(11) NOT NULL,
  `fec_alta` datetime DEFAULT CURRENT_TIMESTAMP,
  `eliminado` tinyint(4) DEFAULT '0',
  PRIMARY KEY (`prov_id`)
) ENGINE=InnoDB AUTO_INCREMENT=7 DEFAULT CHARSET=latin1;
/*!40101 SET character_set_client = @saved_cs_client */;

--
-- Dumping data for table `alm_proveedores`
--

LOCK TABLES `alm_proveedores` WRITE;
/*!40000 ALTER TABLE `alm_proveedores` DISABLE KEYS */;
INSERT INTO `alm_proveedores` VALUES (3,'Benito camelass','24324','asfas 23432','234234','r@gmail.com',6,'2019-06-24 20:11:18',0),(4,'Alberto Carlos Bustos','2423423432','sfssfa 234234','23423432','r@t.com',6,'2019-06-24 20:18:33',0),(5,'Proveedor 1','11111','aaaaa','2222','eeeeeee',6,'2019-06-24 20:26:44',0),(6,'Gomería Carlito','30706206226','XXXXXXX','2644444444','TALLER@carlito.COM',6,'2019-06-25 11:49:21',0);
/*!40000 ALTER TABLE `alm_proveedores` ENABLE KEYS */;
UNLOCK TABLES;

--
-- Table structure for table `alm_proveedores_articulos`
--

DROP TABLE IF EXISTS `alm_proveedores_articulos`;
/*!40101 SET @saved_cs_client     = @@character_set_client */;
/*!40101 SET character_set_client = utf8 */;
CREATE TABLE `alm_proveedores_articulos` (
  `prov_id` int(10) NOT NULL,
  `arti_id` int(11) NOT NULL,
  PRIMARY KEY (`prov_id`,`arti_id`)
) ENGINE=InnoDB DEFAULT CHARSET=utf8 COLLATE=utf8_spanish_ci;
/*!40101 SET character_set_client = @saved_cs_client */;

--
-- Dumping data for table `alm_proveedores_articulos`
--

LOCK TABLES `alm_proveedores_articulos` WRITE;
/*!40000 ALTER TABLE `alm_proveedores_articulos` DISABLE KEYS */;
/*!40000 ALTER TABLE `alm_proveedores_articulos` ENABLE KEYS */;
UNLOCK TABLES;

--
-- Table structure for table `alm_recepcion_materiales`
--

DROP TABLE IF EXISTS `alm_recepcion_materiales`;
/*!40101 SET @saved_cs_client     = @@character_set_client */;
/*!40101 SET character_set_client = utf8 */;
CREATE TABLE `alm_recepcion_materiales` (
  `rema_id` int(11) NOT NULL AUTO_INCREMENT,
  `fecha` datetime NOT NULL,
  `comprobante` varchar(255) CHARACTER SET latin1 NOT NULL,
  `empr_id` int(11) NOT NULL,
  `prov_id` int(10) NOT NULL,
  `fec_alta` datetime DEFAULT CURRENT_TIMESTAMP,
  `eliminado` tinyint(4) DEFAULT '0',
  PRIMARY KEY (`rema_id`),
  UNIQUE KEY `comprobante_UNIQUE` (`comprobante`)
) ENGINE=InnoDB AUTO_INCREMENT=10 DEFAULT CHARSET=utf8 COLLATE=utf8_spanish_ci;
/*!40101 SET character_set_client = @saved_cs_client */;

--
-- Dumping data for table `alm_recepcion_materiales`
--

LOCK TABLES `alm_recepcion_materiales` WRITE;
/*!40000 ALTER TABLE `alm_recepcion_materiales` DISABLE KEYS */;
INSERT INTO `alm_recepcion_materiales` VALUES (1,'2022-02-26 12:29:00','0000011',6,5,'2020-04-29 15:30:08',0),(2,'2020-04-29 12:39:00','E-0002',6,4,'2020-04-29 15:40:24',0),(3,'2020-04-29 12:49:00','E-0004',6,4,'2020-04-29 15:49:58',0),(4,'2020-04-29 22:51:00','E-0005',6,5,'2020-04-30 01:52:32',0),(5,'2020-05-03 13:27:00','0001',6,5,'2020-05-03 16:29:43',0),(6,'2020-05-03 13:37:00','00002',6,5,'2020-05-03 16:38:25',0),(7,'2020-05-03 13:42:00','00003',6,3,'2020-05-03 16:43:34',0),(8,'2020-08-07 17:17:00','sarasa',6,3,'2020-08-07 20:18:22',0),(9,'2021-03-07 12:02:00','000002',6,5,'2021-03-07 15:04:48',0);
/*!40000 ALTER TABLE `alm_recepcion_materiales` ENABLE KEYS */;
UNLOCK TABLES;

--
-- Table structure for table `area`
--

DROP TABLE IF EXISTS `area`;
/*!40101 SET @saved_cs_client     = @@character_set_client */;
/*!40101 SET character_set_client = utf8 */;
CREATE TABLE `area` (
  `id_area` int(11) NOT NULL AUTO_INCREMENT,
  `descripcion` varchar(100) COLLATE utf8mb4_spanish_ci NOT NULL,
  `id_empresa` int(11) NOT NULL,
  `estado` varchar(45) COLLATE utf8mb4_spanish_ci NOT NULL,
  PRIMARY KEY (`id_area`)
) ENGINE=InnoDB AUTO_INCREMENT=8 DEFAULT CHARSET=utf8mb4 COLLATE=utf8mb4_spanish_ci;
/*!40101 SET character_set_client = @saved_cs_client */;

--
-- Dumping data for table `area`
--

LOCK TABLES `area` WRITE;
/*!40000 ALTER TABLE `area` DISABLE KEYS */;
INSERT INTO `area` VALUES (1,'Area 1',6,'AC'),(2,'Area 2',6,'AN'),(3,'Producción',6,'AC'),(4,'Área Faena',6,'AC'),(5,'Sala de Maquinas',6,'AC'),(6,'Area',6,'AN'),(7,'Area 2',6,'AC');
/*!40000 ALTER TABLE `area` ENABLE KEYS */;
UNLOCK TABLES;

--
-- Temporary table structure for view `articles`
--

DROP TABLE IF EXISTS `articles`;
/*!50001 DROP VIEW IF EXISTS `articles`*/;
SET @saved_cs_client     = @@character_set_client;
SET character_set_client = utf8;
/*!50001 CREATE TABLE `articles` (
  `artId` tinyint NOT NULL,
  `artBarCode` tinyint NOT NULL,
  `artDescription` tinyint NOT NULL,
  `artCoste` tinyint NOT NULL,
  `artIsByBox` tinyint NOT NULL,
  `artCantbox` tinyint NOT NULL,
  `punto_pedido` tinyint NOT NULL,
  `artEstado` tinyint NOT NULL,
  `unidadmedida` tinyint NOT NULL,
  `id_empresa` tinyint NOT NULL
) ENGINE=MyISAM */;
SET character_set_client = @saved_cs_client;

--
-- Table structure for table `asignaherramientas`
--

DROP TABLE IF EXISTS `asignaherramientas`;
/*!40101 SET @saved_cs_client     = @@character_set_client */;
/*!40101 SET character_set_client = utf8 */;
CREATE TABLE `asignaherramientas` (
  `id` int(11) NOT NULL AUTO_INCREMENT,
  `herrId` int(11) DEFAULT NULL,
  `id_orden` int(11) DEFAULT NULL,
  `fechahora` date DEFAULT NULL,
  PRIMARY KEY (`id`),
  KEY `herrId` (`herrId`),
  KEY `id_orden` (`id_orden`)
) ENGINE=InnoDB DEFAULT CHARSET=latin1;
/*!40101 SET character_set_client = @saved_cs_client */;

--
-- Dumping data for table `asignaherramientas`
--

LOCK TABLES `asignaherramientas` WRITE;
/*!40000 ALTER TABLE `asignaherramientas` DISABLE KEYS */;
/*!40000 ALTER TABLE `asignaherramientas` ENABLE KEYS */;
UNLOCK TABLES;

--
-- Table structure for table `asignausuario`
--

DROP TABLE IF EXISTS `asignausuario`;
/*!40101 SET @saved_cs_client     = @@character_set_client */;
/*!40101 SET character_set_client = utf8 */;
CREATE TABLE `asignausuario` (
  `id` int(11) NOT NULL AUTO_INCREMENT,
  `usrId` int(11) DEFAULT NULL,
  `id_orden` int(11) DEFAULT NULL,
  `fechahora` datetime DEFAULT NULL,
  PRIMARY KEY (`id`),
  KEY `usrId` (`usrId`),
  KEY `id_orden` (`id_orden`)
) ENGINE=InnoDB AUTO_INCREMENT=15 DEFAULT CHARSET=latin1;
/*!40101 SET character_set_client = @saved_cs_client */;

--
-- Dumping data for table `asignausuario`
--

LOCK TABLES `asignausuario` WRITE;
/*!40000 ALTER TABLE `asignausuario` DISABLE KEYS */;
INSERT INTO `asignausuario` VALUES (1,17,4,'2020-07-01 19:39:42'),(2,17,5,'2020-07-01 19:41:13'),(3,17,9,'2020-09-01 12:55:04'),(4,49,9,'2020-09-01 12:55:04'),(5,1,10,'2020-09-25 14:13:33'),(7,NULL,13,'2020-09-25 16:11:41'),(8,49,16,'2020-10-03 03:48:31'),(9,49,17,'2020-10-03 04:32:59'),(10,4,18,'2020-10-04 23:52:24'),(11,17,19,'2020-10-05 00:03:34'),(13,26,21,'2020-10-05 00:22:14'),(14,NULL,21,'2020-10-05 00:22:14');
/*!40000 ALTER TABLE `asignausuario` ENABLE KEYS */;
UNLOCK TABLES;

--
-- Table structure for table `asp_detaplantillainsumos`
--

DROP TABLE IF EXISTS `asp_detaplantillainsumos`;
/*!40101 SET @saved_cs_client     = @@character_set_client */;
/*!40101 SET character_set_client = utf8 */;
CREATE TABLE `asp_detaplantillainsumos` (
  `deta_id` int(11) NOT NULL AUTO_INCREMENT,
  `artId` int(11) NOT NULL,
  `plant_id` int(11) NOT NULL,
  PRIMARY KEY (`deta_id`)
) ENGINE=InnoDB AUTO_INCREMENT=30 DEFAULT CHARSET=utf8 COLLATE=utf8_spanish_ci;
/*!40101 SET character_set_client = @saved_cs_client */;

--
-- Dumping data for table `asp_detaplantillainsumos`
--

LOCK TABLES `asp_detaplantillainsumos` WRITE;
/*!40000 ALTER TABLE `asp_detaplantillainsumos` DISABLE KEYS */;
INSERT INTO `asp_detaplantillainsumos` VALUES (1,0,1),(2,0,1),(3,0,1),(4,0,1),(5,0,2),(6,2,3),(7,233,3),(8,844,3),(9,2,4),(10,233,4),(11,844,4),(12,2,5),(13,233,5),(14,844,5),(15,2,6),(16,233,6),(17,844,6),(18,123,7),(24,2,8),(25,10,8),(26,11,8),(27,365,9),(28,145,9),(29,10,10);
/*!40000 ALTER TABLE `asp_detaplantillainsumos` ENABLE KEYS */;
UNLOCK TABLES;

--
-- Table structure for table `asp_plantillainsumos`
--

DROP TABLE IF EXISTS `asp_plantillainsumos`;
/*!40101 SET @saved_cs_client     = @@character_set_client */;
/*!40101 SET character_set_client = utf8 */;
CREATE TABLE `asp_plantillainsumos` (
  `plant_id` int(11) NOT NULL AUTO_INCREMENT,
  `descripcion` varchar(100) COLLATE utf8_spanish_ci DEFAULT NULL,
  `id_empresa` int(11) DEFAULT NULL,
  `plant_nombre` varchar(50) COLLATE utf8_spanish_ci DEFAULT NULL,
  `estado` varchar(10) COLLATE utf8_spanish_ci DEFAULT NULL,
  PRIMARY KEY (`plant_id`)
) ENGINE=InnoDB AUTO_INCREMENT=11 DEFAULT CHARSET=utf8 COLLATE=utf8_spanish_ci;
/*!40101 SET character_set_client = @saved_cs_client */;

--
-- Dumping data for table `asp_plantillainsumos`
--

LOCK TABLES `asp_plantillainsumos` WRITE;
/*!40000 ALTER TABLE `asp_plantillainsumos` DISABLE KEYS */;
INSERT INTO `asp_plantillainsumos` VALUES (1,'',6,'','AC'),(2,'Descripcion 1',6,'Plantilla 1','AC'),(3,'plantilla de articulos',6,'Plantilla 5','AC'),(4,'plantilla de articulos',6,'Plantilla 5','AC'),(5,'plantilla de articulos',6,'Plantilla 5','AC'),(6,'plantilla de articulos',6,'Plantilla 5','AC'),(7,'wwww',6,'aaaa','AC'),(8,'plantilla de prueba',6,'eli','AN'),(9,'Básica de Trabajo',6,'Plantilla 001','AC'),(10,'planilla de prueba nueva',6,'Planilla de Prueba','AC');
/*!40000 ALTER TABLE `asp_plantillainsumos` ENABLE KEYS */;
UNLOCK TABLES;

--
-- Table structure for table `asp_subtareas`
--

DROP TABLE IF EXISTS `asp_subtareas`;
/*!40101 SET @saved_cs_client     = @@character_set_client */;
/*!40101 SET character_set_client = utf8 */;
CREATE TABLE `asp_subtareas` (
  `id_subtarea` int(11) NOT NULL AUTO_INCREMENT,
  `tareadescrip` varchar(5000) COLLATE utf8_spanish_ci NOT NULL,
  `id_tarea` int(11) NOT NULL,
  `estado` varchar(5) COLLATE utf8_spanish_ci NOT NULL,
  `duracion_prog` int(11) DEFAULT NULL,
  `form_asoc` int(11) DEFAULT NULL,
  PRIMARY KEY (`id_subtarea`)
) ENGINE=InnoDB AUTO_INCREMENT=6 DEFAULT CHARSET=utf8 COLLATE=utf8_spanish_ci;
/*!40101 SET character_set_client = @saved_cs_client */;

--
-- Dumping data for table `asp_subtareas`
--

LOCK TABLES `asp_subtareas` WRITE;
/*!40000 ALTER TABLE `asp_subtareas` DISABLE KEYS */;
INSERT INTO `asp_subtareas` VALUES (1,'SubTarea 1',228,'',20,1),(2,'Sub Tarea 2',228,'',50,1),(3,'Sub Tarea 3',228,'',20,1),(4,'Inspección de Personal',244,'AC',50,3),(5,'Informe de Calidad del Sector',244,'AC',50,2);
/*!40000 ALTER TABLE `asp_subtareas` ENABLE KEYS */;
UNLOCK TABLES;

--
-- Table structure for table `ciudades`
--

DROP TABLE IF EXISTS `ciudades`;
/*!40101 SET @saved_cs_client     = @@character_set_client */;
/*!40101 SET character_set_client = utf8 */;
CREATE TABLE `ciudades` (
  `idCiudades` int(11) NOT NULL AUTO_INCREMENT,
  `Paises_Codigo` varchar(2) NOT NULL,
  `Ciudad` varchar(100) NOT NULL,
  PRIMARY KEY (`idCiudades`),
  KEY `Paises_Codigo` (`Paises_Codigo`),
  KEY `Ciudad` (`Ciudad`)
) ENGINE=MyISAM AUTO_INCREMENT=24 DEFAULT CHARSET=utf8;
/*!40101 SET character_set_client = @saved_cs_client */;

--
-- Dumping data for table `ciudades`
--

LOCK TABLES `ciudades` WRITE;
/*!40000 ALTER TABLE `ciudades` DISABLE KEYS */;
INSERT INTO `ciudades` VALUES (1,'AR','Buenos Aires'),(2,'AR','Santa Fe'),(3,'AR','Córdoba'),(4,'AR','Misiones'),(5,'AR','Entre Rios'),(6,'AR','Mendoza'),(7,'AR','San Juan'),(8,'AR','Tucumán'),(9,'AR','Tierra del Fuego'),(10,'AR','Chaco'),(11,'AR','La Pampa'),(12,'AR','Jujuy'),(13,'AR','Rio Negro'),(14,'AR','Chubut'),(15,'AR','Corrientes'),(16,'AR','Santa Cruz'),(17,'AR','Salta'),(18,'AR','San Luis'),(19,'AR','Neuquen'),(20,'AR','Catamarca'),(21,'AR','Santiago del Estero'),(22,'AR','La Rioja'),(23,'AR','Formosa');
/*!40000 ALTER TABLE `ciudades` ENABLE KEYS */;
UNLOCK TABLES;

--
-- Table structure for table `clientes`
--

DROP TABLE IF EXISTS `clientes`;
/*!40101 SET @saved_cs_client     = @@character_set_client */;
/*!40101 SET character_set_client = utf8 */;
CREATE TABLE `clientes` (
  `clinteid` int(11) NOT NULL AUTO_INCREMENT,
  `clientrazonsocial` varchar(255) DEFAULT NULL,
  `clientdireccion` varchar(255) DEFAULT NULL,
  `clientmail` varchar(255) DEFAULT NULL,
  `clienttelefono` int(11) DEFAULT NULL,
  `clientetelefono1` varchar(255) DEFAULT NULL,
  `localidadid` varchar(50) DEFAULT NULL,
  `paisid` varchar(2) DEFAULT NULL,
  `provinciaid` int(11) DEFAULT NULL,
  `cuenta_cuentaid` int(11) NOT NULL,
  `plant_id` int(11) DEFAULT NULL,
  PRIMARY KEY (`clinteid`),
  KEY `fk_clientes_cuenta1_idx` (`cuenta_cuentaid`) USING BTREE
) ENGINE=InnoDB DEFAULT CHARSET=latin1;
/*!40101 SET character_set_client = @saved_cs_client */;

--
-- Dumping data for table `clientes`
--

LOCK TABLES `clientes` WRITE;
/*!40000 ALTER TABLE `clientes` DISABLE KEYS */;
/*!40000 ALTER TABLE `clientes` ENABLE KEYS */;
UNLOCK TABLES;

--
-- Table structure for table `componenteequipo`
--

DROP TABLE IF EXISTS `componenteequipo`;
/*!40101 SET @saved_cs_client     = @@character_set_client */;
/*!40101 SET character_set_client = utf8 */;
CREATE TABLE `componenteequipo` (
  `idcomponenteequipo` int(11) NOT NULL AUTO_INCREMENT,
  `id_equipo` int(11) NOT NULL,
  `id_componente` int(11) NOT NULL,
  `observacion` varchar(255) DEFAULT NULL,
  `codigo` varchar(40) DEFAULT NULL,
  `estado` varchar(4) NOT NULL,
  `id_empresa` int(11) NOT NULL,
  `sistemaid` int(11) NOT NULL,
  PRIMARY KEY (`idcomponenteequipo`)
) ENGINE=InnoDB AUTO_INCREMENT=13 DEFAULT CHARSET=latin1;
/*!40101 SET character_set_client = @saved_cs_client */;

--
-- Dumping data for table `componenteequipo`
--

LOCK TABLES `componenteequipo` WRITE;
/*!40000 ALTER TABLE `componenteequipo` DISABLE KEYS */;
INSERT INTO `componenteequipo` VALUES (1,2,1,NULL,'001','AC',6,1),(2,1,1,NULL,'002','C',6,2),(3,2,2,NULL,'','AC',6,11),(4,1,3,NULL,'00000111','C',6,1),(5,16,3,NULL,'000000111111','AC',6,1),(6,17,3,NULL,'777','AC',6,11),(7,14,1,NULL,'','AC',6,11),(8,5,1,NULL,'','AC',6,11),(9,8,2,NULL,'','AC',6,11),(10,1,1,NULL,'12233','AC',6,1),(11,11,1,NULL,'','AC',6,11),(12,19,3,NULL,'000-01','AC',6,1);
/*!40000 ALTER TABLE `componenteequipo` ENABLE KEYS */;
UNLOCK TABLES;

--
-- Table structure for table `componentes`
--

DROP TABLE IF EXISTS `componentes`;
/*!40101 SET @saved_cs_client     = @@character_set_client */;
/*!40101 SET character_set_client = utf8 */;
CREATE TABLE `componentes` (
  `id_componente` int(11) NOT NULL AUTO_INCREMENT,
  `descripcion` varchar(255) CHARACTER SET latin1 NOT NULL,
  `id_equipo` int(11) DEFAULT NULL,
  `fechahora` datetime DEFAULT NULL,
  `informacion` text COLLATE utf8_spanish_ci,
  `marcaid` int(11) DEFAULT NULL,
  `pdf` varchar(255) COLLATE utf8_spanish_ci NOT NULL,
  `estado` varchar(4) COLLATE utf8_spanish_ci NOT NULL,
  `id_empresa` int(11) NOT NULL,
  PRIMARY KEY (`id_componente`),
  KEY `id_equipo` (`id_equipo`),
  KEY `marcaid` (`marcaid`)
) ENGINE=InnoDB AUTO_INCREMENT=7 DEFAULT CHARSET=utf8 COLLATE=utf8_spanish_ci;
/*!40101 SET character_set_client = @saved_cs_client */;

--
-- Dumping data for table `componentes`
--

LOCK TABLES `componentes` WRITE;
/*!40000 ALTER TABLE `componentes` DISABLE KEYS */;
INSERT INTO `componentes` VALUES (1,'Componente 1',-1,'2019-06-24 20:03:22','componente de prueba equipo 01',1,'1__2019-06-24-20-03-22.pdf','AC',6),(2,'Motor Diesel CAT C10',-1,'2019-07-25 16:23:50','CATERPILLARENGINE SPECIFICATIONS\r\nBore—in (mm) 4.9 (125)\r\nStroke—in (mm) 5.5 (140)\r\nDisplacement—cu in (L) 629 (10.3)\r\nAspiration Turbocharged for ATAAC\r\nRotation (from flywheel end) Counterclockwise\r\nCooling System—gal (L) 2.7 (10.2)\r\nLube Oil System (refill)—gal (L) 9.4 (36)\r\nWeight, Net Dry (approx)—lb (kg) with standard equipment 2050 (932)\r\nPERFORMANCE DATA\r\nOperating Range (rpm) 1200-1800\r\nMaximum Engine rpm 1800\r\nAdvertised hp (kW) 335 (250)\r\nGoverned Speed— rpm 1800\r\nMax hp @ 1600 rpm (kW) 350 (261)\r\nPeak Torque — lb-ft (N•m) 1350 (1830)\r\nPeak Torque — rpm 1200\r\n Torque rise (%) 38\r\nAltitude Capability— ft (m) 7500 (2288)',3,'comp2.pdf','AC',6),(3,'Motor Arranque CAT 1673 3406 3408 24v',-1,'2019-07-26 14:00:55','Marca DELCO REMY\r\nDientes de bendix 11\r\nSentido de rotación Horario\r\nVoltaje 24 V\r\nOEM DR10478998\r\nModelo DR10478998',3,'3__2019-07-26-14-00-55.pdf','AC',6),(4,'descripcion',-1,'2019-10-21 12:07:33','info',1,'4__2019-10-21-12-07-34.pdf','AN',6),(5,'Descripcion 1',-1,'2020-04-30 10:33:37','',1,'','AC',6),(6,'descripcion 1111',-1,'2020-04-30 10:38:27','',1,'','AC',6);
/*!40000 ALTER TABLE `componentes` ENABLE KEYS */;
UNLOCK TABLES;

--
-- Table structure for table `conffamily`
--

DROP TABLE IF EXISTS `conffamily`;
/*!40101 SET @saved_cs_client     = @@character_set_client */;
/*!40101 SET character_set_client = utf8 */;
CREATE TABLE `conffamily` (
  `famId` int(11) NOT NULL AUTO_INCREMENT,
  `famName` varchar(50) COLLATE utf8_spanish_ci DEFAULT NULL,
  `estado` varchar(5) COLLATE utf8_spanish_ci NOT NULL,
  `id_empresa` int(11) NOT NULL,
  PRIMARY KEY (`famId`)
) ENGINE=InnoDB AUTO_INCREMENT=69 DEFAULT CHARSET=utf8 COLLATE=utf8_spanish_ci;
/*!40101 SET character_set_client = @saved_cs_client */;

--
-- Dumping data for table `conffamily`
--

LOCK TABLES `conffamily` WRITE;
/*!40000 ALTER TABLE `conffamily` DISABLE KEYS */;
INSERT INTO `conffamily` VALUES (1,'Bulones','AC',6),(2,'Bujes','AC',6),(3,'Filtros','AC',6),(4,'Diafragmas','AC',6),(5,'Ejes','AC',6),(6,'Valvulas','AC',6),(7,'Sellos','AC',6),(8,'Retenes','AC',6),(9,'Tuercas','AC',6),(10,'Trampas de Agua','AC',6),(11,'Arandelas','AC',6),(12,'Guias','AC',6),(13,'Pernos','AC',6),(14,'Cojinetes','AC',6),(15,'Juntas','AC',6),(16,'Cables','AC',6),(17,'Termostatos','AC',6),(19,'Compresores','AC',6),(20,'Corta Corriente','AC',6),(21,'Correas','AC',6),(22,'Cubiertas','AC',6),(23,'Radiadores','AC',6),(24,'Motor','AC',6),(25,'Crucetas','AC',6),(26,'Espejos','AC',6),(28,'Pasador','AC',0),(29,'Platos','AC',0),(30,'Seguros','AC',0),(31,'Tapas','AC',0),(32,'Alternadores','AC',0),(33,'Faros','AC',0),(34,'Bombines','AC',0),(35,'Llantas','AC',0),(37,'Mamelucos Descartables ','AC',7),(38,'Guantes de vaqueta ','AC',7),(39,'Guantes de nitrillo descartables ','AC',7),(40,'Guantes de Nitrillo ','AC',7),(41,'Gafas Transparentes','AC',7),(42,'Gafas oscuras','AC',7),(43,'Gafas amarilla ','AC',7),(44,'Guantes multiflex ','AC',7),(45,'Barbijos ','AC',7),(46,'Semi-mascara ','AC',7),(47,'Protectores auditivos endoaurales ','AC',7),(48,'Protección auditiva tipo copa ','AC',7),(49,'Casco ','AC',7),(50,'Antiparras para viento ','AC',7),(51,'Arnes de casco ','AC',7),(52,'Filtros para semi-mascara ','AC',7),(53,'Tijera de bloqueo ','AC',7),(54,'Mordazas ','AC',7),(55,'Sensor de nivel','AC',7),(56,'Sensor de proximidad','AC',7),(57,'Sensores IFM ','AC',7),(58,'Filtros','AC',7),(59,'Sistema Aire Acondicionado.','AC',7),(60,'Grasa de Litio ','AC',7),(61,'Lamparas ','AC',7),(62,'Terminal para batería ','AC',7),(63,'Abrazadera ','AC',7),(64,'Crema desengrazante ','AC',7),(65,'Escobillas 22\" ','AC',7),(66,'Escobillas 24\"','AC',7),(67,'Fusible Ron-Bay','AC',7),(68,'Proveedor 1','AC',8);
/*!40000 ALTER TABLE `conffamily` ENABLE KEYS */;
UNLOCK TABLES;

--
-- Table structure for table `confsubfamily`
--

DROP TABLE IF EXISTS `confsubfamily`;
/*!40101 SET @saved_cs_client     = @@character_set_client */;
/*!40101 SET character_set_client = utf8 */;
CREATE TABLE `confsubfamily` (
  `sfamId` int(11) NOT NULL AUTO_INCREMENT,
  `sfamName` varchar(50) COLLATE utf8_spanish_ci NOT NULL,
  `famId` int(11) DEFAULT NULL,
  PRIMARY KEY (`sfamId`),
  KEY `famId` (`famId`)
) ENGINE=InnoDB AUTO_INCREMENT=20 DEFAULT CHARSET=utf8 COLLATE=utf8_spanish_ci;
/*!40101 SET character_set_client = @saved_cs_client */;

--
-- Dumping data for table `confsubfamily`
--

LOCK TABLES `confsubfamily` WRITE;
/*!40000 ALTER TABLE `confsubfamily` DISABLE KEYS */;
INSERT INTO `confsubfamily` VALUES (8,'Cocina',5),(9,'Heladera',5),(10,'Microondas',5),(11,'Futón',6),(12,'Alacena',6),(13,'Sillas',6),(14,'Taladro',7),(15,'Amoladora',7),(16,'LLaves',7),(17,'Afeitadora',8),(18,'Secador de Cabello',8),(19,'Masajeador',8);
/*!40000 ALTER TABLE `confsubfamily` ENABLE KEYS */;
UNLOCK TABLES;

--
-- Table structure for table `confzone`
--

DROP TABLE IF EXISTS `confzone`;
/*!40101 SET @saved_cs_client     = @@character_set_client */;
/*!40101 SET character_set_client = utf8 */;
CREATE TABLE `confzone` (
  `zonaId` int(11) NOT NULL AUTO_INCREMENT,
  `zonaName` varchar(50) COLLATE utf8_spanish_ci NOT NULL,
  PRIMARY KEY (`zonaId`)
) ENGINE=InnoDB AUTO_INCREMENT=16 DEFAULT CHARSET=utf8 COLLATE=utf8_spanish_ci;
/*!40101 SET character_set_client = @saved_cs_client */;

--
-- Dumping data for table `confzone`
--

LOCK TABLES `confzone` WRITE;
/*!40000 ALTER TABLE `confzone` DISABLE KEYS */;
INSERT INTO `confzone` VALUES (10,'Caucete'),(11,'Zonda'),(12,'Rivadavia'),(13,'Sarmiento'),(14,'Los Berros'),(15,'El Encón');
/*!40000 ALTER TABLE `confzone` ENABLE KEYS */;
UNLOCK TABLES;

--
-- Table structure for table `contratistaquipo`
--

DROP TABLE IF EXISTS `contratistaquipo`;
/*!40101 SET @saved_cs_client     = @@character_set_client */;
/*!40101 SET character_set_client = utf8 */;
CREATE TABLE `contratistaquipo` (
  `id_equipo` int(1) NOT NULL,
  `id_contratista` int(11) NOT NULL,
  PRIMARY KEY (`id_contratista`,`id_equipo`),
  KEY `id_equipo` (`id_equipo`)
) ENGINE=InnoDB DEFAULT CHARSET=utf8 COLLATE=utf8_spanish_ci;
/*!40101 SET character_set_client = @saved_cs_client */;

--
-- Dumping data for table `contratistaquipo`
--

LOCK TABLES `contratistaquipo` WRITE;
/*!40000 ALTER TABLE `contratistaquipo` DISABLE KEYS */;
INSERT INTO `contratistaquipo` VALUES (5,1),(5,2),(5,3),(16,17),(9,19),(12,19),(13,19),(16,19),(16,24);
/*!40000 ALTER TABLE `contratistaquipo` ENABLE KEYS */;
UNLOCK TABLES;

--
-- Table structure for table `contratistas`
--

DROP TABLE IF EXISTS `contratistas`;
/*!40101 SET @saved_cs_client     = @@character_set_client */;
/*!40101 SET character_set_client = utf8 */;
CREATE TABLE `contratistas` (
  `id_contratista` int(11) NOT NULL AUTO_INCREMENT,
  `nombre` varchar(50) CHARACTER SET latin1 NOT NULL,
  `contradireccion` varchar(100) COLLATE utf8_spanish_ci NOT NULL,
  `contramail` varchar(50) COLLATE utf8_spanish_ci NOT NULL,
  `contramail1` varchar(50) COLLATE utf8_spanish_ci DEFAULT NULL,
  `contracelular1` varchar(50) COLLATE utf8_spanish_ci NOT NULL,
  `contracelular2` varchar(50) COLLATE utf8_spanish_ci DEFAULT NULL,
  `contratelefono` varchar(50) COLLATE utf8_spanish_ci DEFAULT NULL,
  `contracontacto` varchar(100) COLLATE utf8_spanish_ci DEFAULT NULL,
  `estado` char(4) COLLATE utf8_spanish_ci NOT NULL,
  `id_empresa` int(11) NOT NULL,
  PRIMARY KEY (`id_contratista`)
) ENGINE=InnoDB AUTO_INCREMENT=5 DEFAULT CHARSET=utf8 COLLATE=utf8_spanish_ci;
/*!40101 SET character_set_client = @saved_cs_client */;

--
-- Dumping data for table `contratistas`
--

LOCK TABLES `contratistas` WRITE;
/*!40000 ALTER TABLE `contratistas` DISABLE KEYS */;
INSERT INTO `contratistas` VALUES (1,'Tito cotoda','asfas 2432','a@b.com','','2343242','','','','AN',6),(2,'Finning','Av. Siempre viva 555','xxxxx@zzzz.com','','264444444','','42333333','Juan Perez','AC',6),(3,'xxxxx','xxxxxx','xxxxxxx','xxxxxxxxxx','xxxxxxxxxxxx','','','','AN',6),(4,'aaa','aaa','aaa','aaa','aaa','aaa','aaa','aaa','AN',6);
/*!40000 ALTER TABLE `contratistas` ENABLE KEYS */;
UNLOCK TABLES;

--
-- Table structure for table `criticidad`
--

DROP TABLE IF EXISTS `criticidad`;
/*!40101 SET @saved_cs_client     = @@character_set_client */;
/*!40101 SET character_set_client = utf8 */;
CREATE TABLE `criticidad` (
  `id_criti` int(10) NOT NULL AUTO_INCREMENT,
  `descripcion` varchar(50) CHARACTER SET latin1 NOT NULL,
  `id_empresa` int(11) NOT NULL,
  `estado` varchar(45) COLLATE utf8_spanish_ci NOT NULL,
  PRIMARY KEY (`id_criti`)
) ENGINE=InnoDB AUTO_INCREMENT=6 DEFAULT CHARSET=utf8 COLLATE=utf8_spanish_ci;
/*!40101 SET character_set_client = @saved_cs_client */;

--
-- Dumping data for table `criticidad`
--

LOCK TABLES `criticidad` WRITE;
/*!40000 ALTER TABLE `criticidad` DISABLE KEYS */;
INSERT INTO `criticidad` VALUES (1,'Baja',6,'AC'),(2,'Media',6,'AC'),(3,'Alta',6,'AC'),(4,'Muy Alta',6,'AC'),(5,'Muy bajo',6,'AC');
/*!40000 ALTER TABLE `criticidad` ENABLE KEYS */;
UNLOCK TABLES;

--
-- Table structure for table `deta_ajustes`
--

DROP TABLE IF EXISTS `deta_ajustes`;
/*!40101 SET @saved_cs_client     = @@character_set_client */;
/*!40101 SET character_set_client = utf8 */;
CREATE TABLE `deta_ajustes` (
  `deaj_id` int(11) NOT NULL AUTO_INCREMENT,
  `cantidad` float DEFAULT NULL,
  `empr_id` int(11) DEFAULT NULL,
  `fec_alta` datetime NOT NULL DEFAULT CURRENT_TIMESTAMP,
  `usuario` varchar(30) DEFAULT 'current_user()',
  `lote_id` int(11) DEFAULT NULL,
  `ajus_id` int(11) NOT NULL,
  PRIMARY KEY (`deaj_id`),
  UNIQUE KEY `deaj_id` (`deaj_id`)
) ENGINE=InnoDB AUTO_INCREMENT=24 DEFAULT CHARSET=utf8;
/*!40101 SET character_set_client = @saved_cs_client */;

--
-- Dumping data for table `deta_ajustes`
--

LOCK TABLES `deta_ajustes` WRITE;
/*!40000 ALTER TABLE `deta_ajustes` DISABLE KEYS */;
INSERT INTO `deta_ajustes` VALUES (13,-115,6,'2020-01-21 13:58:35','current_user()',NULL,18),(14,-121,6,'2020-01-21 14:04:14','current_user()',NULL,19),(15,-50,6,'2021-02-09 14:48:24','current_user()',NULL,20),(16,5,6,'2021-02-10 01:51:33','current_user()',NULL,21),(17,-5,6,'2021-03-07 15:06:12','current_user()',NULL,22),(18,-33,6,'2021-03-07 15:16:13','current_user()',NULL,25),(19,30,6,'2021-03-07 15:20:13','current_user()',NULL,26),(20,0,6,'2021-03-07 15:22:46','current_user()',NULL,27),(22,30,6,'2021-03-07 15:44:35','current_user()',NULL,29),(23,-3,6,'2021-03-07 15:44:35','current_user()',NULL,29);
/*!40000 ALTER TABLE `deta_ajustes` ENABLE KEYS */;
UNLOCK TABLES;

--
-- Table structure for table `deta_ordeninsumos`
--

DROP TABLE IF EXISTS `deta_ordeninsumos`;
/*!40101 SET @saved_cs_client     = @@character_set_client */;
/*!40101 SET character_set_client = utf8 */;
CREATE TABLE `deta_ordeninsumos` (
  `id_detaordeninsumo` int(11) NOT NULL AUTO_INCREMENT,
  `id_ordeninsumo` int(11) DEFAULT NULL,
  `loteid` int(10) NOT NULL,
  `cantidad` double NOT NULL,
  `precio` double DEFAULT NULL,
  `id_empresa` int(11) NOT NULL,
  PRIMARY KEY (`id_detaordeninsumo`),
  KEY `loteid` (`loteid`),
  KEY `id_ordeninsumo` (`id_ordeninsumo`)
) ENGINE=InnoDB DEFAULT CHARSET=utf8 COLLATE=utf8_spanish_ci;
/*!40101 SET character_set_client = @saved_cs_client */;

--
-- Dumping data for table `deta_ordeninsumos`
--

LOCK TABLES `deta_ordeninsumos` WRITE;
/*!40000 ALTER TABLE `deta_ordeninsumos` DISABLE KEYS */;
/*!40000 ALTER TABLE `deta_ordeninsumos` ENABLE KEYS */;
UNLOCK TABLES;

--
-- Table structure for table `deta_ordenservicio`
--

DROP TABLE IF EXISTS `deta_ordenservicio`;
/*!40101 SET @saved_cs_client     = @@character_set_client */;
/*!40101 SET character_set_client = utf8 */;
CREATE TABLE `deta_ordenservicio` (
  `id_detasercicio` int(11) NOT NULL AUTO_INCREMENT,
  `id_ordenservicio` int(11) NOT NULL,
  `id_tarea` varchar(100) COLLATE utf8_spanish_ci NOT NULL,
  `tiempo` varchar(100) CHARACTER SET latin1 NOT NULL,
  `observacion` text CHARACTER SET latin1,
  `monto` double NOT NULL,
  `id_componente` int(11) NOT NULL,
  `rh` int(11) DEFAULT NULL,
  PRIMARY KEY (`id_detasercicio`),
  KEY `id_ordenservicio` (`id_ordenservicio`),
  KEY `id_componente` (`id_componente`),
  KEY `deta_ordenservicio_ibfk_2` (`id_tarea`)
) ENGINE=InnoDB AUTO_INCREMENT=54 DEFAULT CHARSET=utf8 COLLATE=utf8_spanish_ci;
/*!40101 SET character_set_client = @saved_cs_client */;

--
-- Dumping data for table `deta_ordenservicio`
--

LOCK TABLES `deta_ordenservicio` WRITE;
/*!40000 ALTER TABLE `deta_ordenservicio` DISABLE KEYS */;
INSERT INTO `deta_ordenservicio` VALUES (1,1,'probando s.s','',NULL,0,0,NULL),(2,2,'prueba 1','',NULL,0,0,NULL),(3,2,'prueba 2','',NULL,0,0,NULL),(4,2,'prueba 3','',NULL,0,0,NULL),(5,3,'tarea 1','',NULL,0,0,NULL),(6,4,'T01','',NULL,0,0,NULL),(7,4,'T02','',NULL,0,0,NULL),(8,4,'T03','',NULL,0,0,NULL),(9,5,'T01','',NULL,0,0,NULL),(10,5,'T02','',NULL,0,0,NULL),(11,5,'T03','',NULL,0,0,NULL),(12,6,'T01','',NULL,0,0,NULL),(13,7,'hola mundo','',NULL,0,0,NULL),(14,8,'werwrwer','',NULL,0,0,NULL),(15,8,'ewrwrwe','',NULL,0,0,NULL),(16,8,'rwerwe','',NULL,0,0,NULL),(17,9,'tarea 1','',NULL,0,0,NULL),(18,9,'tarea 2','',NULL,0,0,NULL),(19,10,'cambio de filtro','',NULL,0,0,NULL),(20,11,'arreglar el coso','',NULL,0,0,NULL),(22,13,'wqewqe','',NULL,0,0,NULL),(24,15,'se verifico el sallado','',NULL,0,0,NULL),(25,15,'filtro de aire revisar','',NULL,0,0,NULL),(26,16,'fffff','',NULL,0,0,NULL),(27,17,'asfdsf','',NULL,0,0,NULL),(28,18,'prueba','',NULL,0,0,NULL),(29,19,'probando gps','',NULL,0,0,NULL),(31,21,'revisado','',NULL,0,0,NULL),(32,22,'tarea 1','',NULL,0,0,NULL),(33,23,'tarea 1','',NULL,0,0,NULL),(40,27,'segunda prueba','',NULL,0,0,NULL),(41,27,'nueva prueba','',NULL,0,0,NULL),(42,27,'prueba','',NULL,0,0,NULL),(44,29,'tarea','',NULL,0,0,NULL),(46,31,'segunda tarea','',NULL,0,0,NULL),(47,31,'tarea','',NULL,0,0,NULL),(48,32,'tarea de prueba horometro','',NULL,0,0,NULL),(49,33,'probando preventivo - alertas','',NULL,0,0,NULL),(50,34,'tarea 1','',NULL,0,0,NULL),(51,35,'creamos aceite','',NULL,0,0,NULL),(52,36,'tarea 1','',NULL,0,0,NULL),(53,37,'tarea 1','',NULL,0,0,NULL);
/*!40000 ALTER TABLE `deta_ordenservicio` ENABLE KEYS */;
UNLOCK TABLES;

--
-- Table structure for table `deta_remito`
--

DROP TABLE IF EXISTS `deta_remito`;
/*!40101 SET @saved_cs_client     = @@character_set_client */;
/*!40101 SET character_set_client = utf8 */;
CREATE TABLE `deta_remito` (
  `detaremitoid` int(11) NOT NULL AUTO_INCREMENT,
  `id_remito` int(11) NOT NULL,
  `loteid` int(11) NOT NULL,
  `cantidad` double NOT NULL,
  `precio` double NOT NULL,
  `id_empresa` int(11) NOT NULL,
  PRIMARY KEY (`detaremitoid`)
) ENGINE=InnoDB DEFAULT CHARSET=latin1;
/*!40101 SET character_set_client = @saved_cs_client */;

--
-- Dumping data for table `deta_remito`
--

LOCK TABLES `deta_remito` WRITE;
/*!40000 ALTER TABLE `deta_remito` DISABLE KEYS */;
/*!40000 ALTER TABLE `deta_remito` ENABLE KEYS */;
UNLOCK TABLES;

--
-- Table structure for table `empresas`
--

DROP TABLE IF EXISTS `empresas`;
/*!40101 SET @saved_cs_client     = @@character_set_client */;
/*!40101 SET character_set_client = utf8 */;
CREATE TABLE `empresas` (
  `id_empresa` int(50) NOT NULL AUTO_INCREMENT,
  `descripcion` varchar(50) CHARACTER SET latin1 NOT NULL,
  `empcuit` varchar(255) CHARACTER SET utf8 COLLATE utf8_spanish_ci DEFAULT NULL,
  `empdir` varchar(255) CHARACTER SET utf8 COLLATE utf8_spanish_ci DEFAULT NULL,
  `emptelefono` varchar(255) CHARACTER SET utf8 COLLATE utf8_spanish_ci DEFAULT NULL,
  `empemail` varchar(255) CHARACTER SET utf8 COLLATE utf8_spanish_ci DEFAULT NULL,
  `cliImagePath` varchar(255) CHARACTER SET utf8 COLLATE utf8_spanish_ci DEFAULT NULL,
  `localidadid` int(11) DEFAULT NULL,
  `provinciaid` int(11) DEFAULT NULL,
  `paisid` int(11) DEFAULT NULL,
  `gps` varchar(255) CHARACTER SET utf8 COLLATE utf8_spanish_ci DEFAULT NULL,
  `empcelular` varchar(255) CHARACTER SET utf8 COLLATE utf8_spanish_ci DEFAULT NULL,
  `zonaId` int(11) DEFAULT NULL,
  `emlogo` blob,
  `clienteid` int(11) NOT NULL,
  PRIMARY KEY (`id_empresa`)
) ENGINE=InnoDB AUTO_INCREMENT=9 DEFAULT CHARSET=utf8;
/*!40101 SET character_set_client = @saved_cs_client */;

--
-- Dumping data for table `empresas`
--

LOCK TABLES `empresas` WRITE;
/*!40000 ALTER TABLE `empresas` DISABLE KEYS */;
INSERT INTO `empresas` VALUES (6,'Caleras San Juan',NULL,NULL,NULL,NULL,NULL,NULL,NULL,NULL,NULL,NULL,NULL,NULL,1),(7,'MINA CHINCHILLAS','20000000','2000000',NULL,NULL,NULL,NULL,NULL,NULL,NULL,NULL,NULL,'\0JFIF\0\0`\0`\0\0\0C\0		\n\n\r\n\n	\r\0C\0\0F\"\0\0\0\0\0\0\0\0\0\0\0\0	\n\0\0\0\0}\0!1AQa\"q2#BR$3br	\n\Z%&\'()*456789:CDEFGHIJSTUVWXYZcdefghijstuvwxyz\0\0\0\0\0\0\0\0	\n\0\0\0w\0!1AQaq\"2B	#3Rbr\n$4%\Z&\'()*56789:CDEFGHIJSTUVWXYZcdefghijstuvwxyz\0\0\0?\05lσ4Om;Rӧ{[KYC=^7F2 \05U~{_xֿzx{%cRpyU<7gwmOon_X\0Ya\0h\0%\0E_vj+?Jҿ_{?n_X\0Ya\0im\0nSQ|_]$0DDU31\0<I5bC~u\0>tQ^\0?b\Z͍>Knb6v\0jD\0mE{~s*eF{ŵ}FjӍXm$QXe6weD@K3\0rk\0>	bW\0e\05\0ckSskqk~*_GtͧXJ)`2+efe^U׹\rXѧ&\0I\0%\0E_vn_X\0Ya\0k\0r<?ҿ_{?n_X\0Ya\0j?k7QumlIgqqr碤i!fckw\0b \'hR:S{.}jIKDLb\0>?Z^^_n3랢\0J\0s\0q68d0vR,&xm=Z_7G/,_\n\0\0t|\0\0\n;_͵_%|g_}O7G/,_\n\0\0t|\0\0\n;_͵?\0$\0t|\0\0\n;G7G/,_\n\0\0QGC~_}O7G/,_\n\0\0nED$6;CE[\'dI_]&)>ҫQZ֒Ek\ZO~գvl:\'<nBGP*.~^^-CFԵ\r&l	>Ђ?:!\0|@-Xnn{uKڽgYx񜕔=t>^;1熚ZO=<aB\\/_=~QX_\r~%h<Z\Zۭ՝$AHH A_(+4}rie&\0RmS̚U(W@ׇ߿\0`꺲jV&/qٰvD\0k>$~~*{\0\ZkbYla9qmv<W5ǯj,;_ǅt}?3?G};q-~*}$ömxQ;\0fC\0\Zq|+5(APbfu	wzW(n]M{7Z>\0i\0}s}#,v+k3䌟|IʚW	4w> \'<q00OLR\0UO2\0j᫧_z6ZWpz.ϧ>>DXoBG\nOkvW:XrVܶkN>uQ|ԽWX~|U\0.Oh$VyApyk%_a|ExwUk.u;%$O\\_K*rhoEiH!gmD1AђJHߌV\n.\'u}nQĔqS\\?>+\nmn=_<k__=I5~{_xֿz=_EƟ\0#(0(\0\0w?i?D3xYWMV?vO=^X\0׸\nd~\0`?g^gRS8*0/\0erf5,ƚwo \'ZVg\r`KV_`=*8&_-p7]	o?7\rZ(s7¿xXpg)u\\Y޾6rwgɤ? KO;|?~uʫ}r#!2so|U|`X<GO]0\'d\\8\0V\r~`:+_^exT뾯ONQEp{R?xE{R?q?/ɝo/GGK_?r_:S]\0+\0qW\'\0#Z_xE)4QE~~J\'#_OػKU׵3ϼ{iq(Q\0^Vm骵iio^UT鴬E@\0ٻ~\0=G9n\0_\0\0W\08/ܿW\0#\0JqṬq᫷Ej\"xY]o!+5OuK}\"Uk[M{m\"];IF\'k8{Os	8QϷ<!bTiueIihtѿ7ɻgŻσڽ}I-$b~}\Zo5Xމq˜z^]M4p\"Y\0W?6|@QBĶcClAN\0=	\n\\xuj\\[P2=8-)\Z{]ҿҸ[)`gU\0|iI(cmZ(H ;|͌eq^G1]\Z0MR?:Zuj:waZ}|RETD6Z}&9$\"p$Y\0¦؃_l?پT^N_nmןf/!Gi2Ī*c\0\0hGr\n\"w u{XǺ	0jFxNu{xycVR	<\0<W<Ѷ>\\q,mϻ|uG?\r^n_Oҵ;W6w<۸ꮌ+{_U&,o=KMǚ=ȅ\rI+xv%_k&Tn7#?xsyML^R%+e:Νǣ~||	÷-iv;Y;ar:bZ\0?ΫK@%H|\'&O^8Qa\0FWS6~S n?iW2\'RIRIJ4ַ)ZK6oD1?I*}XW={u[xqf+ۈRʲO$1E!SUd;ޗR]EiY_ש~{_xֿzk?1|	z>7?OGQEawG˦ˀR ꅱ>\'5J\06;Ӿ/~ؓxWVC&?mdb3=o: sQM \"# \Z*2K$NNʘG41+i6k\0Ci\0\rnȓ:3Wq{0kKn0,K_uo\0{Kk\0\'Y%e6ώkdz◽y|\\sltn{~6?zk\0^~\Z/û/<WՕ#1<<\0g5pxP\Z\'\\xJ(ېnԎ4pXǪ^=O_<O\nQ[O?3QZ?/E7Ix7@<CG2[/q(B7]R4Ode*r5Ne8׾h!˚$6\0#j}	\0Vѭ|=\0ݽ1$1\n\0_=xZڄ*?\\EQ:K춾`w\0b@~\0w\0b@~\0Zr_薿,\0u~W\04WxOF%?*\0ۿR?,h+\0S׏¯\0i+&ԬXowU_<&yS峾t{yn%Qǚ_\0	\0A]K\0_k)\0\0>un3ÿ\n<;6msJ4uf-\0Xvҿk>*?mKxos+8ܻ(`VP@#Ra%24`=2{r:nkȸf]QsV~,3#:rZ(7{|^d%汬ZY@Y%|~d\Z~xb跚Z+MƯkQ#]o\0/䋿5H2f8<~cƸtSzWn_yGp5\03p|%\'RQ.dvv!{U:k\0\0%u_$MknCkcP/I9|nbL^ZM^KoqOE*8* \r}SQUiz\0[w>+4*:sZt}#?Yw;]c@յ-Vm/o<\']a\Z̢&Vg8f}SE(@@5,\\\0Иٛ7y}?F\0~zY\\h_>9D%Gxk-$=?ftU.^?<|M5>7>rJdG~,W⭓\\_ľ%LV\r\0zefbiZޅEwcuqeu	Hc3ExXZ}l\0qeji6\\W/\0\0.\ZLLx:	08?\'k\0LcE7yo	mPt>wQԩ\0|i]Flp*q|\0N8>_8{mt|b\0Z\0I\0\0cƵ\0p\'/4?WYEW_A\0?o24Y[ψV!ePoG/N06O,Kpk\0\r\0C_&H?aMkn&ּv%T+\nL804\"zW89=or)-SmzWGIgw.y<3HFѰ9Ѓj,K_t|:gϏ\06\0%\0r[]Gih&˔I.8GW;1,rI9$]wWm>=YkrmN\0#Wd*?jM/g9Λf*XW9\rkǾ1}m\riNˑq%é~\r_	8g4_-ϬKh5=\\#s0V/B1{֣w_3^^WG/R3K0\0,5}\0o\0R\0?K\r|^WG1ﵿ/ͅ{R?xE{R?VcW2_薿,\0u~W\04WxOF%?*\0ۿR?,h(\0~?<m^-cZnQ8*,@כ0Jv\\rܮ:nmtEIk!\0A_5\0\0b_Zl} 藓B|$\0\r6͖QҠ2WXrV\nV^?(-Z\05Ht+Fsai*$Gw\0BAkv׾3oE`˩óS^aտڔ(\r]>3h7N],Gr$LJH\Z~oƁ\rzP2[H>Y!|ttp}׎1_%93^+Zsog鷦Oᬫ	fܣz5g\n?\n;MM;F\\~ҿsc\0\0\0;Z+;T񆓡܈/uM:bR6 9~Q9Nܤ鐌c$hC\0t \Z[xFѵXcgpH08Pv~>xE2UpT\ZR2Ҧ|E%7_F#N\Z3S]V\Z䪓]ο\0mu|Y:_2N\0%\rg6~&h3Xܤ1\"C?X_H#¨g$\0k+nii[ጺn/2\0g_eW|WРGJ@#W\n70H#mI97K+3ױŵz?sE~\nF޿UGgZN\0\0#C\ZKxjMGQn.\ZKX^	9),krh?&<,u٭kO0>xO4K/WnKo*)hAՙӺ`?ښXǍq	aaEdQ\r%\0Jv&]DזU\0HR3:G\rF\'?hʱa)֞k~Wmt|b\0Z\0I\0\0cƵ\0p\'/4?WYEWAHv\0`}C\0D]\Z1G=mȡDawb\r?\Z`¿6~??Pxҫt=I͟b[wy0#y~\0Ɵ~*;oΪ\0魘!I\"A_d{џྫ%QEz}\09m3BF\0mjFSHQْO.#\0]k\Z+w\rφ>xuۯ\r\'Lvins+/b3m>ߟ~E\0c8o_`>V\0H/\0UoR3K0\0,5~\0Q\0$~q\06\0LOH \0LOH Y_b??Z\0\0s\0q_?r_:%?\Z\0~\0,\0n\0H+cPg	M\0(U\0`%<\0)?\n\0:\\S?|{\0᫿f9\ZVMKOd7UC䗍Tcy1_u0^}CFTjm%ccG&\0J5M`WMOK# Z8(%@3j\Z,եB\0~ݿ>2?iJf1,,gkZt2$nH{\ZO}ȼ<%xק]QM}\0~ϣ|~7:S9{Y{R\0q?IOۡ?mٺծO<Gsy\0mU[w4I8muRk`ռ-XjZ\rĸ+1)h7~MUU4~C2.nt{xKT/MjKմ3)#)k>dM5t~I(\'h$WFdt;+k	\0G_i~YBݝnT\0%2$8%Ld=mnO+ͫfKTOfQ-o=[Llen,n&2*֯h\ZlחVVt\"c8f8_ˍ4e{\ZPmj͐zt|%ͥ}?\0R[Z:\0\0l\0xÿI\Z֟x]*On,tYWdrJY;K\nߎTr9}eK[ϕsZ֢It\n(fc|+$TnuOnSL?<E&=17VV4(NEJ{@?3<%n1O]nQTN=7)lQ_gx:g_>mRHⰲO1D_@\'1żV&x]?aHկ?xֿzk\\,u-3A$5ͼJݝ݇^K.9ss+ooў~u\0hB0w\0?*+4fQ±\"}䶸u+bQY\'.ʃ_\r#ly8\"<w}C\\	+|\0\nPN\0A(v\0`}C\0Dq<gǳ5ׂu_RDm-	8_oIYs2l`KVkog\0B\0gaR~60yڜ&K\n6_BsLnUVSP}+kxyؓēMG?wd<Jr(s&~Gw5ZVmU\r.\r@7vРK,{ W\0\nÿ\0/&m\0AhtM&)`g\Z092=|{iG\0&\0xuַK\0NqX\riY0.&3Kۗ:wTbINnswoV} \nc\0#_9}T{K^^Im#wsH\0T_;\0@\r\0\0b\0k0m\Z4!Gߕ%vV|f+im={\0~\03\0_MKgMN{}J#$4t>Uե*^ɯhUi=\0կ9tWpj;&/Y_y9˳87~UF=`pĸrMM~xaO˱_+\0E\0_V\0\015M\0\0/%\0\0??5\0ZJW4_\0k+4TmHP>Uэ%Oߣ]?RUNkmoՒHN)kO<7\n ߳\"n\Z\rԃf -p@{\\o<5iw|mso*	Q0CIuhWRO>4Y6g\'$_S4r(E굵^ss>q%_z?+\0q\00\r\0\0b\0h\0o\0h\0^\0<_%\0\0?/+\0b?F񍘚K\'z݊7Xbts \0D\r~Zfè\ZͬwWQcE=y\0·9\n/&~FlCx[UxՈb}|wC4Ҥ5-]NP^hox_O	?ۖSEOlV\0*;/1/c	{N>+i01o48o5ɜ	7+\n=X<O[8&7E?FT ۟~#ΰ<p-[Y6`r9Ȯܳ:2(NFOMkmsI~\'>5K%ǈ\Zx?PIy2繚 꼃\0C_.oSG.1]I8:`p}9I?W|^ħů;џԙ_pO\0\0>0\0\0aVt c34WTZGvܿN4~GqZ}j7E5\rcQ8\'* ,_\0F~~$]2\0]_><^/~W59nѱ4>+8:|+K4~m/]%~3~ȿB_?5!s!nI\'uH3y^~~?\0dFnO+74uw8\0p@\0z)7W/U=~g6r!hOT/\0?c\Z7#W	&t\0,P);UYv?jk/O~ iKHizXn@{e8P4	3ix3uFX`wi~y}Wm_]c}aaSROlfԮxdC4.߀95g]y-ONӥ~U.xY`3~u7\n5&.NuĚ[YE\\Ȩ9_\':ۿo|-sLhZ(.*$Ȓ.r*yߙq#	pxy8/+|vACAN5қ=?xPmiWff[{IqёԆR=A\0#Z5	~Dm\ZH]V2/b24?7?^Ɵ@\Z&qͻ<t^8\Z~~˟tonƒH֦SxrHH(9^.y8<[v\0srlSQ꯺\05O@֯4_\n>Jɻu?Lu\n_\0_rO??l_E_t\03ZYDo%\Z?\0%\0ƏLu\n_\0_?G\0go\rk|+x&9JS`/;V\0\'?qb\r*&_wxc^kFJI>OLu\n_\0^\0Fw}|)]FX_2ò&^\0	>\0\0kUϾ\rņxN\rwD\\\\4ڸyW-JI]5N/bVIUMEף?=?rJ|VBV)Y?l__\0Կ%\0ƾ\0|\0be~yWm:~!5I_42\0+\0K\0Z\0\0/5\0\0~\Z+kzۃ\'?D\"N_A]\0\'?g[v\n-m׳,μO`VS{tvzx~֣\ZѪ^6/~[kvW	K#XW?M->|GҼ-S_GIյ-E#1\0Lf9yb*9G~Os|k<\'Agk7x#Ks!強f^I \0׈W[	0ԆWZjxt%X=tvg~I\r*PhMLaV1YI{dp|A\0	\0A]K\0_k.?m#׃-M{\r?zGZi#!ܙRzW9;qYS|#<<}QU#_<ߴMG}p\'@ebPm95\0?M~ׯE0[nُb}+e_ٗ:3lb^?#VLw\0eR:4ic\ZZ*u?\"?ෟ/6úFs#FLȒ]uۜ$G\n_m_U׵[ɤg9idbYRI?}\0GedO3oGwYYJBޢILhG]tiӡ`RN:o?8jo_/P^(P?xi#X$RvB#R0U\0	\0A]K\0_kX?Y_\0\0[:\nk^{E:TIA/şn{>5K˫_\n9,[sɯկ5:0|aJ-/B&g$cEBI57\07\0j|_GYgq\"hQ!Vu܅q6W^~o/[}O%Uޮ/[Qm\0d>\'\Zj7Aril+\\θv$uE\">ln?!+O#;;$ܚLWw	OᯍO47Wm&(3˯bZ\ZpYFG+K-_T)3lO+{%|Gz<7]ҴJҴp@q1\nE\0w=Q<\r#ßl汍,90\\(0Y[n[nE|(T֦[i\'j*tYE\'D~*~Zճx[wW\ZR6;\\iVs..ђ>C+`nV\0Gÿ7W%5ob3[\0C\0+_&	xO3x/EƟ;hIA2fs~WqJ3^v[J3Y	WoZz+~2~Ӟ,a!\"jzQEÀڤp:\0\0/5?r\0?fԿJeam|Hi-ƥm\0uPM}F->&,Dʿ\0Կ%\0ƏLu\n_\0_	+cDq\0㴿\0[\0\0q\0}K_}O\0?1\0+K\0~\0֭c]]\\\\d.W/&\0w$\0\0]g?օyÿZH`vxYAUl9$q^>y|fXzt䛶.O\'FTIQE|!B7ZOZF!(@ܓF#\0A\0|gO,|D1h.>\'hԟ3~:_\0L.ZGQ&E]CGoKU!lq\rx!\0\04R\0?!u0[6kԲD*|W٣\0\rCU{\ZׇmoXi*ج?b濣/7FYKy۫zh$AIPN2Tc_yMN\0>𗇭y.5{ML$[AW4T:82N\0σ&ߊ~|\'!|\nYOxp3,P\Z0v8fWw{~^:k<X^kpF멺)vXYv*ɵ[vȿYiguKm\"MCJ++MsWe\0kח_G\ZcQ>ٯs9ʰ4R+&ӵ\0qm&tGrO??l_rO??lQ\0+\0>&\0_)k7	qOorhͯZGy䍛8m)ػ|\0~\0&/aB3|KC\rF5UXd~	Wy\0%/\0Jb\0\0]f߃*aPIZcGGQ$blۉc\Z3NKv3ʸrX\\T+ʬZW4~t?u	\0M?<39\0Oi\05_Qß-8F5}W䎫<s\r3G:wkgA[mDp,I8Oz?3_6)L/_?K%+?ekoeΡoyZ)E:q8$X\'Q¶3Z>d>f40G%PXC8\\i֩YWq0q\r\'d{_Ky#M+LH$K31by$<epQt_NZVʬxyc$(f_\0FN-4Kko\0G[Ƣ?Â U\0\0++hǀWY#upK\0-ۯ1?:򵵷wW<7e\rFhaQDQxP~	^e/e/\\\Zy:\Z΅q˼8_\Zoeh\ZuO.űD$w_\\ہ\\/.9svz?W\0Ͻ,8)rz:&ӵ6u*+Yᡖ7=\0\n\0~$EִUe`!؟X\\1J4q}*\'SkhUB;N\0u+S$HlX\">iǥ~L?\0UO۫Үsc1lS]3Lt{;H\"a\"D\0UP8\0\0\0ҾC3.JqA-_}We[hz\Z|\0Q/u\02%\0/\0Nu]\\\r?&\'\'+\07\0j\nwy}\0.ݻKKs\0,}:`to:ئ\0YmXpyVto1/-Xdf%=K7MkFa3^?Z2A	Gk>	ac~#Knea{dy1>\ZY_R/E׍uK=Uq˹DPHͱvJʹ7*q\n|gI_ݯ+oJԄY\0K<\'.,4b\0UVKc+.y	\Zd0W`_˰Jv\0BU#S֌f\n5\0t j׼?&C7q$G㿷\nu_i!9R ,2i/86<cp7JU8{?H\\ITiߙ_sc\0\0c6\0RW	]C\0\'/mK\0J{6t5+u`Fc2n3(;Q_uxb%E~?v?\'\0]/)ػ|\0~\04\0\0\n\'B\0J^?\n\0\0W]\0>_\0\0?O\0>Mƫ+ѤBA=E+3\r|g8Ҕlvߩd,59TRyEG!\0\\?S~ܟ	5\rxY4䔄T2Z3Ī1;Cn/ M⻝.kglwv$W&wƝ0Yx¾==SOGIS\"#⪘\Z~¬yӺ\03泞gת~2zNw%Ս͕rh%h_|YWm\rwľ ֡#fEq@O_m0b-;Q1u\0{t\0GOٳC \05KǷJg:r#cWGV?t]Ěgu}t8-ieEUPI\'\no\04)^$Ox`h\r\ZRpJ}JEN\0¯cc,TIi[ =w:fIּb:#o/=k)jxZisIm/?%\0O~fW㿃~=&<E%۶v`E;A:V2G&?\0uS԰xHaM6̳N/,Bnkin.GK+Z\0HS\0Dnd?L~\09g\0\0_(\0ϧ\0R\0?W\0ikԿa=\0K##ONY\0񺱤~?Z|;-qoqo-і0UA +*qFtdMn(l8ڭ\Z{?*?\0[\0K.kҿO|_J+C!?&)=*#LZE$.I8d\0HS\0Dnr0*m^̸VxL\n\\-n\0\0e4\0o+\0o?7O?f{wB95܃<쭖ؑ+<+\'\ZV6kɳK{xw1fڈ18OzѯKKF伮}5$cEEX\\|SC^&4mZk\rSIQ-捊:0?Jsտb3D%˫Y#mвr<ؽ7pI触EA^!ZԵo\0x\'So|Wz73cMS?\04nާatQm5g4B**ii\0+ohWj:6iy4R(elG\ri^éYosWc)2H`pAU</=/\Z\ZFh-,v\0,Iu$օ~y&&n9_POvWRndmc1-	?މ+t\0|N/</\"G>Aw,qX ibp8>\0\',\0~ƔcVrKWu؎\r)өdފyn|_\0~cc▧mTLgR\Z->!Y_UWDЬ5[iuae\Zomm\n\0U\0UY:XL}0qB>W\0\0\0p:]Q~*}+\\gKY[%żX2GNTq\n=\0r\0dKO.ʄy7_g|=,}uYO_}7\0V7\0jF\0e~5/x-&i+.x$ѕOGcKyx_s>Ai$v3F]>+ͳwrqj=<,Xl\'*>eg6>&:4	1k-:e?w`I1;K_u\",ȥ]eX ~,Is.%Bs&ݣ$k<uh_\03汜\0\0<khgLmtһ~:AM^I\ZiݙYb{\0)̿M?&\0\0,?gבi\n5,}ө	u0=rӕ\"Sp6m*#oV\0D~~߱ďQiŐ%ޯp`;&#\'bs5	^>ZWGeԮZΪS#|@31-7Ktm,വPCb8Q*\0>+s$/gnXvϨ2\n}>iB%\"ͩT⿦\rCWa_uuwWWR4M/I]Yy$I\'j/d?L~\09g\0iG=txx6sZ\0ihk#ONY\0?>\01{\0\0\0_(\0ϧ?*}O斿S/d?L~\09g\0?\n|,W#>ݳ?zt6hٻf\0-Wv͌qיqm<nxhi߳O=G_[kE',2),(8,'CSJ-CIENAGUITA',NULL,NULL,NULL,NULL,NULL,NULL,NULL,NULL,NULL,NULL,NULL,NULL,3);
/*!40000 ALTER TABLE `empresas` ENABLE KEYS */;
UNLOCK TABLES;

--
-- Table structure for table `envios`
--

DROP TABLE IF EXISTS `envios`;
/*!40101 SET @saved_cs_client     = @@character_set_client */;
/*!40101 SET character_set_client = utf8 */;
CREATE TABLE `envios` (
  `id_envio` int(10) NOT NULL AUTO_INCREMENT,
  `fecha` date NOT NULL,
  `ultimo_envio` varchar(10) NOT NULL,
  PRIMARY KEY (`id_envio`)
) ENGINE=MyISAM DEFAULT CHARSET=latin1;
/*!40101 SET character_set_client = @saved_cs_client */;

--
-- Dumping data for table `envios`
--

LOCK TABLES `envios` WRITE;
/*!40000 ALTER TABLE `envios` DISABLE KEYS */;
/*!40000 ALTER TABLE `envios` ENABLE KEYS */;
UNLOCK TABLES;

--
-- Table structure for table `equipos`
--

DROP TABLE IF EXISTS `equipos`;
/*!40101 SET @saved_cs_client     = @@character_set_client */;
/*!40101 SET character_set_client = utf8 */;
CREATE TABLE `equipos` (
  `id_equipo` int(11) NOT NULL AUTO_INCREMENT,
  `descripcion` varchar(255) CHARACTER SET latin1 NOT NULL,
  `fecha_ingreso` date NOT NULL,
  `fecha_baja` date NOT NULL,
  `fecha_garantia` date NOT NULL,
  `marca` varchar(255) CHARACTER SET latin1 NOT NULL,
  `codigo` varchar(255) CHARACTER SET latin1 NOT NULL,
  `ubicacion` varchar(100) CHARACTER SET latin1 NOT NULL,
  `id_empresa` int(11) NOT NULL,
  `id_sector` int(11) NOT NULL,
  `id_hubicacion` double NOT NULL,
  `id_grupo` int(11) NOT NULL,
  `id_customer` int(11) DEFAULT NULL,
  `id_criticidad` int(11) NOT NULL,
  `estado` varchar(2) CHARACTER SET latin1 NOT NULL,
  `fecha_ultimalectura` datetime NOT NULL,
  `ultima_lectura` double NOT NULL,
  `tipo_horas` varchar(10) CHARACTER SET latin1 NOT NULL,
  `id-centrodecosto` double NOT NULL,
  `valor_reposicion` double NOT NULL,
  `fecha_reposicion` date NOT NULL,
  `id_proveedor` double NOT NULL,
  `valor` double NOT NULL,
  `comprobante` varchar(255) CHARACTER SET latin1 NOT NULL,
  `descrip_tecnica` text COLLATE utf8_spanish_ci NOT NULL,
  `id_unidad` int(11) NOT NULL,
  `id_area` int(11) DEFAULT NULL,
  `id_proceso` int(11) DEFAULT NULL,
  `numero_serie` double DEFAULT NULL,
  `adjunto` varchar(255) COLLATE utf8_spanish_ci DEFAULT NULL,
  `meta_disponibilidad` int(11) DEFAULT NULL,
  PRIMARY KEY (`id_equipo`),
  KEY `id_empresa` (`id_empresa`),
  KEY `id_sector` (`id_sector`),
  KEY `id_criticidad` (`id_criticidad`),
  KEY `id_grupo` (`id_grupo`)
) ENGINE=InnoDB AUTO_INCREMENT=23 DEFAULT CHARSET=utf8 COLLATE=utf8_spanish_ci;
/*!40101 SET character_set_client = @saved_cs_client */;

--
-- Dumping data for table `equipos`
--

LOCK TABLES `equipos` WRITE;
/*!40000 ALTER TABLE `equipos` DISABLE KEYS */;
INSERT INTO `equipos` VALUES (1,'Equipo de trabajo 01','0000-00-00','0000-00-00','0000-00-00','1','Equipo-00','',6,1,0,1,1,1,'AC','0000-00-00 00:00:00',80016,'',0,0,'0000-00-00',0,0,'','',6,1,23,1,'equipo1_6_2019-06-24-19-13-49.pdf',NULL),(2,'equipo de prueba marca 1','0000-00-00','0000-00-00','0000-00-00','1','Equipo-01','',6,2,0,1,1,1,'IN','0000-00-00 00:00:00',0,'',0,0,'0000-00-00',0,0,'','',6,2,22,2,'equipo2_6_2019-06-24-19-15-29.pdf',80),(3,'Autoelevador Toyota FDZN 25','2019-06-25','0000-00-00','2020-08-19','2','Tr-Au-001','',6,3,0,2,1,2,'AC','2019-06-25 00:00:00',0,'',0,0,'0000-00-00',0,0,'','',6,3,24,111111,NULL,70),(4,'maquina 00','0000-00-00','0000-00-00','0000-00-00','2','egb-00','',6,1,0,1,-1,1,'AN','0000-00-00 00:00:00',0,'',0,0,'0000-00-00',0,0,'','',6,3,8,1,'equipo4_6_2019-08-14-21-16-10.pdf',NULL),(5,'Equipo de Corte','2019-08-14','0000-00-00','2021-08-31','1','Ar1-Ct-001','',6,1,0,1,1,3,'AC','2019-08-14 00:00:00',0,'',0,0,'0000-00-00',0,0,'','',6,1,23,123456,'equipo5_6_2019-08-14-23-42-35.pdf',NULL),(6,'Autoelevador XT25','2019-08-15','0000-00-00','2021-02-01','2','Pr-Au-004','',6,3,0,2,4,1,'AN','2019-08-15 00:00:00',200,'',0,0,'0000-00-00',0,0,'','',6,3,8,222222288,'equipo6_6_2019-08-15-00-04-53.pdf',NULL),(7,'Noqueador Neumático STUN-BP1','2019-08-15','0000-00-00','2022-01-01','4','FA-NO-001','',6,5,0,3,1,4,'IN','2019-08-15 00:00:00',0,'',0,0,'0000-00-00',0,0,'','',6,4,25,124609,'equipo7_6_2019-08-15-11-07-09.pdf',NULL),(8,'SIERRA CIRCULAR','0000-00-00','0000-00-00','0000-00-00','4','FA-LI-004','',6,6,0,3,1,3,'AC','2019-08-15 00:00:00',999,'',0,0,'0000-00-00',0,0,'','SIERRA PARA DIVIDIR 1/2 RES (ELÉCTRICA)',6,4,26,121221,NULL,NULL),(9,'Generador Eléctrico C330D5 PC 1.1','2019-08-21','0000-00-00','2021-01-01','5','MA-GE-001','na',6,7,0,3,5,2,'AC','0000-00-00 00:00:00',0,'',0,0,'0000-00-00',0,0,'','Generador Eléctrico C330D5\nPlaca de Control 1.1\n',6,5,27,8528412,NULL,50),(10,'nuevo equipo de prueba','0000-00-00','0000-00-00','0000-00-00','1','ELI-BERT','',6,10,0,3,1,4,'AC','2019-08-30 00:00:00',114,'',0,0,'0000-00-00',0,0,'','',6,5,27,132667,NULL,15),(11,'Autoelevador Toyota 2.5TN','0000-00-00','0000-00-00','0000-00-00','2','Pr-Au-005','',6,3,0,2,1,1,'AC','0000-00-00 00:00:00',553,'',0,0,'0000-00-00',0,0,'','',6,3,7,0,NULL,85),(12,'holis','0000-00-00','0000-00-00','0000-00-00','1','fer-test','',6,1,0,1,1,2,'AC','0000-00-00 00:00:00',33,'',0,0,'0000-00-00',0,0,'','',6,1,7,303456,NULL,80),(13,'EQUIPO DE PRUEBA','0000-00-00','0000-00-00','0000-00-00','3','XXX-ZZZ','',6,2,0,2,1,2,'AC','0000-00-00 00:00:00',3445,'',0,0,'0000-00-00',0,0,'','',6,2,24,21244222,NULL,50),(14,'primero de septiembre','0000-00-00','0000-00-00','0000-00-00','1','EEE-GGG','',6,1,0,1,1,1,'AC','0000-00-00 00:00:00',0,'',0,0,'0000-00-00',0,0,'','',6,2,8,1234,NULL,60),(15,'aaaa','0000-00-00','0000-00-00','0000-00-00','1','eq-fer','',6,1,0,1,1,3,'AC','0000-00-00 00:00:00',0,'',0,0,'0000-00-00',0,0,'','',6,1,7,123,NULL,NULL),(16,'sin descripcion','0000-00-00','0000-00-00','0000-00-00','1','0000000','',6,1,0,1,1,1,'RE','2019-03-05 00:00:00',11111111,'',0,0,'0000-00-00',0,0,'','',6,1,23,1111,NULL,80),(17,'Sin descripcion','0000-00-00','0000-00-00','0000-00-00','2','EQUI_FER','',6,3,0,1,1,3,'AC','0000-00-00 00:00:00',1820,'',0,0,'0000-00-00',0,0,'','sin descripcion tecnica',6,5,7,123,NULL,NULL),(18,'tercer pizo centro cívico','0000-00-00','0000-00-00','0000-00-00','1','P3CC','',6,2,0,1,7,3,'AC','2020-04-02 00:00:00',23,'',0,0,'0000-00-00',0,0,'','',6,1,23,0,NULL,NULL),(19,'Equipo de prueba para pasaje a sim','0000-00-00','0000-00-00','0000-00-00','1','ELI-03','',6,1,23,1,5,4,'AC','0000-00-00 00:00:00',300,'',0,0,'0000-00-00',0,0,'','',6,1,23,12345678,NULL,NULL),(20,'Equipo 01','0000-00-00','0000-00-00','0000-00-00','1','EQ-01-2020','sin ubicacion',6,1,0,1,1,4,'AC','0000-00-00 00:00:00',2,'',0,0,'0000-00-00',0,0,'','',6,1,23,12233,NULL,NULL),(21,'Nuevo equipo de prueba ','2020-04-28','0000-00-00','2021-12-02','2','EQ-04-2020','',6,1,0,1,1,4,'RE','2020-04-30 00:00:00',125,'',0,0,'0000-00-00',0,0,'','sin descripcion tecnica',6,1,23,123,NULL,NULL),(22,'equipo de prueba eli','0000-00-00','0000-00-00','0000-00-00','1','e-l-i','',6,10,0,1,10,4,'AC','0000-00-00 00:00:00',1010,'',0,0,'0000-00-00',0,0,'','',6,3,9,123456789,'equipo22_6_2020-05-07-21-37-57.pdf',NULL);
/*!40000 ALTER TABLE `equipos` ENABLE KEYS */;
UNLOCK TABLES;

--
-- Table structure for table `establecimientos`
--

DROP TABLE IF EXISTS `establecimientos`;
/*!40101 SET @saved_cs_client     = @@character_set_client */;
/*!40101 SET character_set_client = utf8 */;
CREATE TABLE `establecimientos` (
  `esta_id` int(11) NOT NULL,
  `nombre` varchar(100) COLLATE utf8_spanish_ci NOT NULL,
  `lng` float DEFAULT NULL,
  `lat` float DEFAULT NULL,
  `calle` varchar(100) COLLATE utf8_spanish_ci DEFAULT NULL,
  `altura` varchar(100) COLLATE utf8_spanish_ci DEFAULT NULL,
  `localidad` varchar(100) COLLATE utf8_spanish_ci DEFAULT NULL,
  `estado` varchar(100) COLLATE utf8_spanish_ci DEFAULT NULL,
  `pais` varchar(100) COLLATE utf8_spanish_ci DEFAULT NULL,
  `fec_alta` date DEFAULT NULL,
  `usuario` varchar(100) COLLATE utf8_spanish_ci DEFAULT NULL,
  `empr_id` int(11) DEFAULT NULL,
  PRIMARY KEY (`esta_id`)
) ENGINE=InnoDB DEFAULT CHARSET=utf8 COLLATE=utf8_spanish_ci;
/*!40101 SET character_set_client = @saved_cs_client */;

--
-- Dumping data for table `establecimientos`
--

LOCK TABLES `establecimientos` WRITE;
/*!40000 ALTER TABLE `establecimientos` DISABLE KEYS */;
INSERT INTO `establecimientos` VALUES (4,'Caleras San Juan',NULL,NULL,NULL,NULL,'2','1','9','2019-11-02',NULL,6);
/*!40000 ALTER TABLE `establecimientos` ENABLE KEYS */;
UNLOCK TABLES;

--
-- Table structure for table `fallas`
--

DROP TABLE IF EXISTS `fallas`;
/*!40101 SET @saved_cs_client     = @@character_set_client */;
/*!40101 SET character_set_client = utf8 */;
CREATE TABLE `fallas` (
  `id_reparacion` int(100) NOT NULL AUTO_INCREMENT,
  `descripcion` varchar(255) NOT NULL,
  PRIMARY KEY (`id_reparacion`)
) ENGINE=MyISAM DEFAULT CHARSET=latin1;
/*!40101 SET character_set_client = @saved_cs_client */;

--
-- Dumping data for table `fallas`
--

LOCK TABLES `fallas` WRITE;
/*!40000 ALTER TABLE `fallas` DISABLE KEYS */;
/*!40000 ALTER TABLE `fallas` ENABLE KEYS */;
UNLOCK TABLES;

--
-- Table structure for table `ficha_equipo`
--

DROP TABLE IF EXISTS `ficha_equipo`;
/*!40101 SET @saved_cs_client     = @@character_set_client */;
/*!40101 SET character_set_client = utf8 */;
CREATE TABLE `ficha_equipo` (
  `id_fichaequip` int(11) NOT NULL AUTO_INCREMENT,
  `id_equipo` int(11) NOT NULL,
  `marca` varchar(3000) COLLATE utf8_spanish_ci NOT NULL,
  `modelo` varchar(3000) COLLATE utf8_spanish_ci NOT NULL,
  `numero_motor` varchar(3000) COLLATE utf8_spanish_ci NOT NULL,
  `numero_serie` varchar(3000) COLLATE utf8_spanish_ci NOT NULL,
  `fecha_ingreso` date NOT NULL,
  `dominio` varchar(3000) COLLATE utf8_spanish_ci NOT NULL,
  `fabricacion` int(11) NOT NULL,
  `peso` float NOT NULL,
  `bateria` varchar(3000) COLLATE utf8_spanish_ci NOT NULL,
  `hora_lectura` float NOT NULL,
  PRIMARY KEY (`id_fichaequip`)
) ENGINE=InnoDB DEFAULT CHARSET=utf8 COLLATE=utf8_spanish_ci;
/*!40101 SET character_set_client = @saved_cs_client */;

--
-- Dumping data for table `ficha_equipo`
--

LOCK TABLES `ficha_equipo` WRITE;
/*!40000 ALTER TABLE `ficha_equipo` DISABLE KEYS */;
/*!40000 ALTER TABLE `ficha_equipo` ENABLE KEYS */;
UNLOCK TABLES;

--
-- Table structure for table `frm_formularios`
--

DROP TABLE IF EXISTS `frm_formularios`;
/*!40101 SET @saved_cs_client     = @@character_set_client */;
/*!40101 SET character_set_client = utf8 */;
CREATE TABLE `frm_formularios` (
  `form_id` int(11) NOT NULL AUTO_INCREMENT,
  `nombre` varchar(45) CHARACTER SET latin1 DEFAULT NULL,
  `descripcion` varchar(300) CHARACTER SET latin1 DEFAULT NULL,
  `empr_id` int(11) DEFAULT NULL,
  `fec_alta` datetime DEFAULT CURRENT_TIMESTAMP,
  `eliminado` tinyint(4) DEFAULT '0',
  PRIMARY KEY (`form_id`)
) ENGINE=InnoDB AUTO_INCREMENT=4 DEFAULT CHARSET=utf8 COLLATE=utf8_spanish_ci;
/*!40101 SET character_set_client = @saved_cs_client */;

--
-- Dumping data for table `frm_formularios`
--

LOCK TABLES `frm_formularios` WRITE;
/*!40000 ALTER TABLE `frm_formularios` DISABLE KEYS */;
INSERT INTO `frm_formularios` VALUES (1,'Formulario Usuario','-',1,'2019-08-17 14:24:38',0),(2,'Evaluacion Sector por Operario','-',NULL,'2019-09-16 12:52:58',0),(3,'Evaluacion de Desempeño Colaborador','-',NULL,'2019-09-16 12:53:49',0);
/*!40000 ALTER TABLE `frm_formularios` ENABLE KEYS */;
UNLOCK TABLES;

--
-- Table structure for table `frm_instancias_formularios`
--

DROP TABLE IF EXISTS `frm_instancias_formularios`;
/*!40101 SET @saved_cs_client     = @@character_set_client */;
/*!40101 SET character_set_client = utf8 */;
CREATE TABLE `frm_instancias_formularios` (
  `id` int(11) NOT NULL,
  `label` varchar(45) COLLATE utf8_spanish_ci DEFAULT NULL,
  `name` varchar(45) COLLATE utf8_spanish_ci DEFAULT NULL,
  `valor` varchar(500) COLLATE utf8_spanish_ci DEFAULT NULL,
  `requerido` tinyint(4) DEFAULT NULL,
  `tida_id` int(11) DEFAULT NULL,
  `valo_id` varchar(45) COLLATE utf8_spanish_ci DEFAULT NULL,
  `info_id` int(11) DEFAULT NULL,
  `form_id` int(11) DEFAULT NULL,
  `orden` int(11) DEFAULT NULL,
  `aux` varchar(45) COLLATE utf8_spanish_ci DEFAULT NULL,
  `fec_alta` datetime DEFAULT CURRENT_TIMESTAMP,
  `eliminado` tinyint(4) DEFAULT '0',
  PRIMARY KEY (`id`)
) ENGINE=InnoDB DEFAULT CHARSET=utf8 COLLATE=utf8_spanish_ci;
/*!40101 SET character_set_client = @saved_cs_client */;

--
-- Dumping data for table `frm_instancias_formularios`
--

LOCK TABLES `frm_instancias_formularios` WRITE;
/*!40000 ALTER TABLE `frm_instancias_formularios` DISABLE KEYS */;
INSERT INTO `frm_instancias_formularios` VALUES (164,'Nombre','nombre','Fernando Emmanuel',1,3,NULL,1,1,2,NULL,'2019-08-21 11:37:35',0),(165,'Apellido','apellido','Leiva Silva',1,3,NULL,1,1,3,NULL,'2019-08-21 11:37:35',0),(166,'Fecha Nacimiento','fecha_nacimiento','23/11/1994',1,5,NULL,1,1,4,NULL,'2019-08-21 11:37:35',0),(167,'Email','email','fer17916@gmail.com',1,3,NULL,1,1,5,NULL,'2019-08-21 11:37:35',0),(168,'Seleccionar Provincia','provincia','San Juan',1,4,'provincias',1,1,6,NULL,'2019-08-21 11:37:35',0),(169,'Seleccionar Sexo','sexo','Mujer',1,7,'sexos',1,1,7,NULL,'2019-08-21 11:37:35',0),(170,'Seleccionar Opcion','contrato','Acepto los Terminos y Condiciones del Servicio-Enviar Emails',1,6,'contratos',1,1,8,NULL,'2019-08-21 11:37:35',0),(171,'Adjuntar Archivo','pdf','-_(1)_(1)_(1)4.txt',1,8,NULL,1,1,9,NULL,'2019-08-21 11:37:35',0),(172,'Observaciones','observaciones','iiiiiiii',1,9,NULL,1,1,10,NULL,'2019-08-21 11:37:35',0),(173,'Complete todos los campos del formulario *',NULL,NULL,NULL,2,NULL,1,1,1,NULL,'2019-08-21 11:37:35',0),(174,'Complete todos los campos del formulario *',NULL,NULL,NULL,2,NULL,2,1,1,NULL,'2019-08-22 19:02:57',0),(175,'Nombre','nombre','Eliana ',1,3,NULL,2,1,2,NULL,'2019-08-22 19:02:57',0),(176,'Apellido','apellido','Bernaldez',1,3,NULL,2,1,3,NULL,'2019-08-22 19:02:57',0),(177,'Fecha Nacimiento','fecha_nacimiento','01/01/1994',1,5,NULL,2,1,4,NULL,'2019-08-22 19:02:57',0),(178,'Email','email','elianabernaldez03@gmail.com',1,3,NULL,2,1,5,NULL,'2019-08-22 19:02:57',0),(179,'Seleccionar Provincia','provincia','Mendoza',1,4,'provincias',2,1,6,NULL,'2019-08-22 19:02:57',0),(180,'Seleccionar Sexo','sexo','Mujer',1,7,'sexos',2,1,7,NULL,'2019-08-22 19:02:57',0),(181,'Seleccionar Opcion','contrato','Acepto los Terminos y Condiciones del Servicio-Enviar Emails',1,6,'contratos',2,1,8,NULL,'2019-08-22 19:02:57',0),(182,'Adjuntar Archivo','pdf','-_(1)_(1)_(3).txt',1,8,NULL,2,1,9,NULL,'2019-08-22 19:02:57',0),(183,'Observaciones','observaciones','Berta',1,9,NULL,2,1,10,NULL,'2019-08-22 19:02:57',0),(184,'Complete todos los campos del formulario *',NULL,NULL,NULL,2,NULL,3,1,1,NULL,'2019-08-22 19:03:09',0),(185,'Nombre','nombre','Eliana',1,3,NULL,3,1,2,NULL,'2019-08-22 19:03:09',0),(186,'Apellido','apellido','Bernaldez',1,3,NULL,3,1,3,NULL,'2019-08-22 19:03:09',0),(187,'Fecha Nacimiento','fecha_nacimiento','22/09/2019',1,5,NULL,3,1,4,NULL,'2019-08-22 19:03:09',0),(188,'Email','email','elianabernaldez@gmail.com',1,3,NULL,3,1,5,NULL,'2019-08-22 19:03:09',0),(189,'Seleccionar Provincia','provincia','San Juan',1,4,'provincias',3,1,6,NULL,'2019-08-22 19:03:09',0),(190,'Seleccionar Sexo','sexo','Mujer',1,7,'sexos',3,1,7,NULL,'2019-08-22 19:03:09',0),(191,'Seleccionar Opcion','contrato','Acepto los Terminos y Condiciones del Servicio-Enviar Emails',1,6,'contratos',3,1,8,NULL,'2019-08-22 19:03:09',0),(192,'Adjuntar Archivo','pdf','Arbolado.bmpr',1,8,NULL,3,1,9,NULL,'2019-08-22 19:03:09',0),(193,'Observaciones','observaciones','sin observaciones  dijo el chino',1,9,NULL,3,1,10,NULL,'2019-08-22 19:03:09',0);
/*!40000 ALTER TABLE `frm_instancias_formularios` ENABLE KEYS */;
UNLOCK TABLES;

--
-- Table structure for table `frm_items`
--

DROP TABLE IF EXISTS `frm_items`;
/*!40101 SET @saved_cs_client     = @@character_set_client */;
/*!40101 SET character_set_client = utf8 */;
CREATE TABLE `frm_items` (
  `item_id` int(11) NOT NULL,
  `label` varchar(45) COLLATE utf8_spanish_ci DEFAULT NULL,
  `name` varchar(45) COLLATE utf8_spanish_ci DEFAULT NULL,
  `requerido` tinyint(4) DEFAULT NULL,
  `tida_id` varchar(45) COLLATE utf8_spanish_ci DEFAULT NULL,
  `valo_id` varchar(45) COLLATE utf8_spanish_ci DEFAULT NULL,
  `form_id` int(11) DEFAULT NULL,
  `orden` int(11) DEFAULT NULL,
  `fec_alta` datetime DEFAULT CURRENT_TIMESTAMP,
  `eliminado` tinyint(4) DEFAULT '0',
  `aux` varchar(45) COLLATE utf8_spanish_ci DEFAULT NULL,
  PRIMARY KEY (`item_id`)
) ENGINE=InnoDB DEFAULT CHARSET=utf8 COLLATE=utf8_spanish_ci;
/*!40101 SET character_set_client = @saved_cs_client */;

--
-- Dumping data for table `frm_items`
--

LOCK TABLES `frm_items` WRITE;
/*!40000 ALTER TABLE `frm_items` DISABLE KEYS */;
INSERT INTO `frm_items` VALUES (11,'Zona: Exterior',NULL,NULL,'25',NULL,2,1,'2019-09-16 12:54:31',0,NULL),(12,'Tareas',NULL,NULL,'26',NULL,2,2,'2019-09-16 12:54:31',0,NULL),(13,'Rejas y portones','ext_rej_por',NULL,'4','calificacion_sim',2,3,'2019-09-16 12:54:31',0,NULL),(14,'Espacios verdes','ext_esp_ver',NULL,'4','calificacion_sim',2,3,'2019-09-16 12:54:31',0,NULL),(15,'Veredas','ext_veredas',NULL,'4','calificacion_sim',2,4,'2019-09-16 12:54:31',0,NULL),(16,'Cartelería, luminarias, paredes y cornisas','ext_clpc',NULL,'4','calificacion_sim',2,5,'2019-09-16 12:54:31',0,NULL),(17,'Zona: Interior','',NULL,'25',NULL,2,6,'2019-09-16 12:54:31',0,NULL),(18,'Tareas','',NULL,'26',NULL,2,7,'2019-09-16 12:54:31',0,NULL),(19,'Telas de araña','int_tel',NULL,'4','calificacion_sim',2,8,'2019-09-16 13:20:57',0,NULL),(20,'Cerramientos, herrajes, paredes, vidrios y es','int_chpve',NULL,'4','calificacion_sim',2,9,'2019-09-16 13:20:57',0,NULL),(21,'Cestos de basura','int_cb',NULL,'4','calificacion_sim',2,10,'2019-09-16 13:20:57',0,NULL),(22,'Pisos','int_pisos',NULL,'4','calificacion_sim',2,11,'2019-09-16 13:20:57',0,NULL),(23,'Odorización','int_od',NULL,'4','calificacion_sim',2,12,'2019-09-16 13:20:57',0,NULL),(24,'Zona: Transito',NULL,NULL,'25',NULL,2,13,'2019-09-16 13:29:30',0,NULL),(25,'Tareas',NULL,NULL,'26',NULL,2,14,'2019-09-16 13:29:30',0,NULL),(26,'Telas de araña','tra_tel',NULL,'4','calificacion_sim',2,15,'2019-09-16 13:29:30',0,NULL),(27,'Cerramientos, herrajes, paredes, vidrios y es','tra_chpve',NULL,'4','calificacion_sim',2,16,'2019-09-16 13:29:30',0,NULL),(28,'Mobiliario y adornos','tra_ma',NULL,'4','calificacion_sim',2,17,'2019-09-16 13:29:30',0,NULL),(29,'Cestos de basura','tra_cb',NULL,'4','calificacion_sim',2,18,'2019-09-16 13:29:30',0,NULL),(30,'Pisos','tra_pisos',NULL,'4','calificacion_sim',2,19,'2019-09-16 13:29:30',0,NULL),(31,'Odorización','tra_od',NULL,'4','calificacion_sim',2,20,'2019-09-16 13:29:30',0,NULL),(32,'Zona: Humeda',NULL,NULL,'25','',2,21,'2019-09-16 14:29:34',0,NULL),(33,'Tareas',NULL,NULL,'26',NULL,2,22,'2019-09-16 14:29:34',0,NULL),(34,'Telas de araña','hum_tel',NULL,'4','calificacion_sim',2,23,'2019-09-16 14:29:34',0,NULL),(35,'Cerramientos, herrajes, paredes, vidrios y es','hum_chpve',NULL,'4','calificacion_sim',2,24,'2019-09-16 14:29:34',0,NULL),(36,'Azulejos','hum_azu',NULL,'4','calificacion_sim',2,25,'2019-09-16 14:29:34',0,NULL),(37,'Sanitarios, lavamanos y mesadas','hum_slm',NULL,'4','calificacion_sim',2,26,'2019-09-16 14:29:34',0,NULL),(38,'Mobiliario y adornos','hum_ma',NULL,'4','calificacion_sim',2,27,'2019-09-16 14:29:34',0,NULL),(39,'Cestos de basura','hum_cv',NULL,'4','calificacion_sim',2,28,'2019-09-16 14:29:34',0,NULL),(40,'Pisos','hum_pisos',NULL,'4','calificacion_sim',2,29,'2019-09-16 14:33:02',0,NULL),(41,'Reposición de descartables','hum_rep',NULL,'4','calificacion_sim',2,30,'2019-09-16 14:33:02',0,NULL),(42,'Odorización','hum_od',NULL,'4','calificacion_sim',2,31,'2019-09-16 14:33:02',0,NULL),(43,'Observaciones','ext_obs',NULL,'9',NULL,2,32,'2019-09-16 14:33:02',0,NULL),(44,'Observaciones','int_obs',NULL,'9',NULL,2,20,'2019-09-16 14:37:48',0,NULL),(45,'Observaciones','tra_obs',NULL,'9',NULL,2,12,'2019-09-16 14:37:48',0,NULL),(46,'Observaciones','hum_obs',NULL,'9',NULL,2,6,'2019-09-16 14:37:48',0,NULL),(47,'Informacion del Empleado',NULL,NULL,'25',NULL,3,1,'2019-09-16 15:19:04',0,NULL),(48,'Nombre y Apellido','nom_ape',NULL,'3',NULL,3,2,'2019-09-16 15:19:04',0,NULL),(49,'Puesto','puesto',NULL,'3',NULL,3,3,'2019-09-16 15:19:04',0,NULL),(50,'Establecimiento donde desarrolla sus tareas','est',NULL,'3',NULL,3,4,'2019-09-16 15:19:04',0,NULL),(51,'Supervisor','supervisor',NULL,'3',NULL,3,5,'2019-09-16 15:19:04',0,NULL),(52,'Fecha de Evaluación','fecha_eval',NULL,'5',NULL,3,6,'2019-09-16 15:19:04',0,NULL),(53,'Cuestionario',NULL,NULL,'26',NULL,3,7,'2019-09-16 15:19:04',0,NULL),(54,'1 -  Presencia Fisica',NULL,NULL,'26',NULL,3,8,'2019-09-16 15:19:04',0,NULL),(55,'a. Aseo Personal ','aseo_personal',NULL,'4','calificacion_sim',3,9,'2019-09-16 15:19:04',0,NULL),(56,'b. Cuidado y Mantenimiento de Ambo.','cui_man_ambo',NULL,'4','calificacion_sim',3,10,'2019-09-16 15:19:04',0,NULL),(57,'c. Cuidado y mantenimiento de EPP ','cui_man_epp',NULL,'4','calificacion_sim',3,11,'2019-09-16 15:19:04',0,NULL),(58,'Promedio',NULL,NULL,'3',NULL,3,12,'2019-09-16 15:19:04',0,NULL),(59,'2 - Calidad y productividad',NULL,NULL,'26',NULL,3,13,'2019-09-16 15:19:04',0,NULL),(60,'a. Precisión y calidad del trabajo realizado.','pres_cali',NULL,'4','calificacion_sim',3,14,'2019-09-16 15:19:04',0,NULL),(61,'b. Organización del trabajo en tiempo y forma','org_tra',NULL,'4','calificacion_sim',3,15,'2019-09-16 15:33:11',0,NULL),(62,'c. Cuidado de herramientas y equipo.','cui_herr_equ',NULL,'4','calificacion_sim',3,16,'2019-09-16 15:33:11',0,NULL),(63,'Promedio','cal_pro_pro',NULL,'3',NULL,3,17,'2019-09-16 15:33:11',0,NULL),(64,'3 - Conocimiento',NULL,NULL,'26',NULL,3,18,'2019-09-16 15:39:16',0,NULL),(65,'a. Nivel de experiencia y conocimiento técnic','nivel_exp',NULL,'4','calificacion_sim',3,19,'2019-09-16 15:39:16',0,NULL),(66,'b. Uso y conocimiento de métodos y procedimie','conmepro',NULL,'4','calificacion_sim',3,20,'2019-09-16 15:39:16',0,NULL),(67,'c. Uso y conocimiento de herramientas.','con_herr',NULL,'4','calificacion_sim',3,21,'2019-09-16 15:39:16',0,NULL),(68,'d. Puede desempeñarse con poca o ninguna ayud','desempeno',NULL,'4','calificacion_sim',3,22,'2019-09-16 15:39:16',0,NULL),(69,'e. Capacidad de enseñar/entrenar a otros.','cap_enseñar',NULL,'4','calificacion_sim',3,23,'2019-09-16 15:39:16',0,NULL),(70,'Promedio','con_pro',NULL,'3',NULL,3,24,'2019-09-16 15:39:16',0,NULL),(72,'4 - Compromiso y presentismo',NULL,NULL,'26',NULL,3,25,'2019-09-16 15:43:40',0,NULL),(73,'a. Trabaja sin necesidad de supervisión.','tranesu',NULL,'4',NULL,3,26,'2019-09-16 15:43:40',0,NULL),(74,'b. Se esfuerza más si la situación lo requier','esfuerzo',NULL,'4',NULL,3,27,'2019-09-16 15:43:40',0,NULL),(75,'c. Puntualidad.','puntualidad',NULL,'4',NULL,3,28,'2019-09-16 15:43:40',0,NULL),(76,'d. Presentismo.','presentismo',NULL,'4',NULL,3,29,'2019-09-16 15:43:40',0,NULL),(77,'Promedio','com_pre_pro',NULL,'3',NULL,3,30,'2019-09-16 15:43:40',0,NULL),(78,'5 - Iniciativa / Liderazgo',NULL,NULL,'26',NULL,3,31,'2019-09-16 15:43:40',0,NULL),(79,'a. Cuando completa sus tareas, busca nuevas a','predisposicion',NULL,'4',NULL,3,32,'2019-09-16 15:43:40',0,NULL),(80,'b. Elige prioridades de forma eficiente. ','priodidades',NULL,'4',NULL,3,33,'2019-09-16 15:43:40',0,NULL),(81,'c. Sugiere mejoras. ','sug_mejoras',NULL,'4',NULL,3,34,'2019-09-16 15:43:40',0,NULL),(82,'d. Identifica errores y trabaja para arreglar','reconoce_error',NULL,'4',NULL,3,35,'2019-09-16 15:43:40',0,NULL),(83,'e. Motiva y ayuda a los demás.','motiva_ayuda',NULL,'4',NULL,3,36,'2019-09-16 15:43:40',0,NULL),(84,'Promedio','ini_lid_pro',NULL,'3',NULL,3,37,'2019-09-16 15:43:40',0,NULL),(85,'6 - Trabajo en equipo',NULL,NULL,'26',NULL,3,38,'2019-09-16 15:43:40',0,NULL),(86,'a. Trabaja fluidamente con supervisores, pare','trabajo_fluido',NULL,'4',NULL,3,39,'2019-09-16 15:43:40',0,NULL),(87,'b. Tiene una actitud positiva y proactiva. ','actitud',NULL,'4',NULL,3,40,'2019-09-16 15:44:29',0,NULL),(88,'c. Promueve el trabajo en equipo.','trab_equipo',NULL,'4',NULL,3,41,'2019-09-16 15:44:29',0,NULL),(89,'Promedio','trab_equipo_prom',NULL,'3',NULL,3,42,'2019-09-16 15:44:29',0,NULL),(90,'Comentarios',NULL,NULL,'26',NULL,3,43,'2019-09-16 15:44:29',0,NULL),(91,'Comentarios del empleado','com_emp',NULL,'9',NULL,3,44,'2019-09-16 15:44:29',0,NULL),(92,'Comentarios y recomendaciones del supervisor','com_sup',NULL,'9',NULL,3,45,'2019-09-16 15:44:29',0,NULL),(93,'Metas y objetivos del empleado para la próxim','com_metas_obj',NULL,'9',NULL,3,46,'2019-09-16 15:44:29',0,NULL),(94,'Puntuación general de desempeño','',NULL,'26',NULL,3,47,'2019-09-16 16:16:44',0,NULL),(95,'(Dividir la cantidad total de puntos por 5)',NULL,NULL,'2',NULL,3,48,'2019-09-16 16:16:44',0,NULL),(96,'Tener en cuenta que inferior a 3:',NULL,NULL,'2',NULL,3,49,'2019-09-16 16:16:44',0,NULL),(97,'-No podrán solicitar adelantos de sueldos',NULL,NULL,'2',NULL,3,50,'2019-09-16 16:16:44',0,NULL),(98,'-No podrán postularse a búsquedas internas',NULL,NULL,'2',NULL,3,51,'2019-09-16 16:16:44',0,NULL),(100,'Promedio Total','promedio_total',NULL,'3',NULL,3,52,'2019-09-16 16:53:30',0,NULL);
/*!40000 ALTER TABLE `frm_items` ENABLE KEYS */;
UNLOCK TABLES;

--
-- Table structure for table `grupo`
--

DROP TABLE IF EXISTS `grupo`;
/*!40101 SET @saved_cs_client     = @@character_set_client */;
/*!40101 SET character_set_client = utf8 */;
CREATE TABLE `grupo` (
  `id_grupo` int(10) NOT NULL AUTO_INCREMENT,
  `descripcion` varchar(50) CHARACTER SET latin1 NOT NULL,
  `estado` varchar(5) COLLATE utf8_spanish_ci NOT NULL,
  `id_empresa` int(11) NOT NULL,
  PRIMARY KEY (`id_grupo`)
) ENGINE=InnoDB AUTO_INCREMENT=5 DEFAULT CHARSET=utf8 COLLATE=utf8_spanish_ci;
/*!40101 SET character_set_client = @saved_cs_client */;

--
-- Dumping data for table `grupo`
--

LOCK TABLES `grupo` WRITE;
/*!40000 ALTER TABLE `grupo` DISABLE KEYS */;
INSERT INTO `grupo` VALUES (1,'Grupo 1','AC',6),(2,'Autoelevadores','AC',6),(3,'No aplica','AC',6),(4,'Grupo 2','AC',6);
/*!40000 ALTER TABLE `grupo` ENABLE KEYS */;
UNLOCK TABLES;

--
-- Table structure for table `herramientas`
--

DROP TABLE IF EXISTS `herramientas`;
/*!40101 SET @saved_cs_client     = @@character_set_client */;
/*!40101 SET character_set_client = utf8 */;
CREATE TABLE `herramientas` (
  `herrId` int(11) NOT NULL AUTO_INCREMENT,
  `herrcodigo` varchar(255) NOT NULL DEFAULT '',
  `herrmarca` varchar(255) DEFAULT NULL,
  `modid` int(10) DEFAULT NULL,
  `tipoid` int(10) DEFAULT NULL,
  `equip_estad` varchar(4) DEFAULT NULL,
  `herrdescrip` varchar(255) DEFAULT NULL,
  `depositoId` int(11) DEFAULT NULL,
  `id_empresa` int(11) NOT NULL,
  PRIMARY KEY (`herrId`),
  UNIQUE KEY `1` (`herrcodigo`) USING BTREE,
  KEY `depositoId` (`depositoId`)
) ENGINE=InnoDB AUTO_INCREMENT=183 DEFAULT CHARSET=latin1;
/*!40101 SET character_set_client = @saved_cs_client */;

--
-- Dumping data for table `herramientas`
--

LOCK TABLES `herramientas` WRITE;
/*!40000 ALTER TABLE `herramientas` DISABLE KEYS */;
INSERT INTO `herramientas` VALUES (1,'herramienta 1','modelo 1',1,NULL,'AN','descripcion 1',4,6),(4,'HR-TT-Organizador Tornillos','Organizador tornillos - Stanley',1,NULL,'AC','HR-TT-Organizador Tornillos',1,6),(5,'HR-TT-Escalera 7 peldaños','Escalera 7 peldaño - Ayinco',1,NULL,'TR','HR-TT-Escalera 7 peldaños',1,6),(6,'HR-TT-Mascara facial','Mascara facial',2,NULL,'AC','HR-TT-Mascara facial',1,6),(7,'HR-TT-Prot Audit-Vincha','Protector auditivo copa tipo vincha',1,NULL,'AC','HR-TT-Prot Audit-Vincha',1,6),(8,'HR-TT-Llave combinada 10mm','Llave combinada 10mm',3,NULL,'AC','HR-TT-Llave combinada 10mm',1,6),(9,'HR-TT-Llave combinada 13mm','Llave combinada 13mm',1,NULL,'TR','HR-TT-Llave combinada 13mm',1,6),(10,'HR-TT-Llave combinada 15mm','Llave combinada 13mm',1,NULL,'AC','HR-TT-Llave combinada 15mm',1,6),(11,'HR-TT-Llave combinada 17mm','Llave combinada 17mm',1,NULL,'TR','HR-TT-Llave combinada 17mm',1,6),(12,'HR-TT-Llave combinada 7/16\"','Llave combinada 7/16\"',1,NULL,'AC','HR-TT-Llave combinada 7/16\"',1,6),(13,'HR-TT-Llave combinada 9/16\"','Llave combinada 9/16\"',1,NULL,'AC','HR-TT-Llave combinada 9/16\"',1,6),(14,'HR-TT-Destornillador de puño philips','Destornillador de puño philips - Bulit',1,NULL,'AC','HR-TT-Destornillador de puño philips',1,6),(15,'HR-TT-Llave Francesa 30mm','Llave Francesa 30mm',1,NULL,'TR','HR-TT-Llave Francesa 30mm',1,6),(16,'HR-TT-Cinta métrica de 5 m ','Cinta métrica de 5 m ',1,NULL,'AC','HR-TT-Cinta métrica de 5 m ',1,6),(17,'HR-OFA-Linterna','Linterna',1,NULL,'TR','HR-OFA-Linterna',1,6),(18,'HR-OFA-Arco de sierra','Arco de sierra',1,NULL,'AC','HR-OFA-Arco de sierra',1,6),(19,'HR-OFA-Extractor de poleas 150 mm','Extractor de poleas 150 mm',1,NULL,'AC','HR-OFA-Extractor de poleas 150 mm',1,6),(20,'HR-OFA-Alargues','Alargues',1,NULL,'AC','HR-OFA-Alargues',1,6),(21,'HR-OFE-Espatula chica','Espatula chica',1,NULL,'AC','HR-OFE-Espatula chica',1,6),(22,'HR-OFE-Espatulas medianas','Espatulas medianas',1,NULL,'AC','HR-OFE-Espatulas medianas',1,6),(23,'HR-OFE-Barretines de 0,80 y 0,90 negro, naranja','barretines de 0,80 y 0,90 negro, naranja',1,NULL,'AC','HR-OFE-Barretines de 0,80 y 0,90 negro, naranja',1,6),(24,'HR-OFE-Arnés','Arnés',1,NULL,'TR','HR-OFE-Arnés',1,6),(25,'HR-OFE-Llanas','Llanas',1,NULL,'AC','HR-OFE-Llanas',1,6),(26,'HR-OFE-Llana dentada','Llana dentada',1,NULL,'AC','HR-OFE-Llana dentada',1,6),(27,'HR-OFE-Balde de Albañil','Balde de Albañil',1,NULL,'AC','HR-OFE-Balde de Albañil',1,6),(28,'HR-OFE-Anchada','Anchada',1,NULL,'AC','HR-OFE-Anchada',1,6),(29,'HR-OFE-Bota de goma','Bota de goma',1,NULL,'AC','HR-OFE-Bota de goma',1,6),(31,'HR-ODE-Boquilla para termofusión 4\"','Boquilla para termofusión 4\"',1,NULL,'AC','HR-ODE-Boquilla para termofusión 4\"',1,6),(32,'HR-ODE-Boquilla para termofusión 2,5\"','Boquilla para termofusión 2,5\"',1,NULL,'AC','HR-ODE-Boquilla para termofusión 2,5\"',1,6),(33,'HR-ODE-Boquilla para termofusión 80mm','Boquilla para termofusión 80mm',1,NULL,'AC','HR-ODE-Boquilla para termofusión 80mm',1,6),(34,'HR-ODE-Boquilla para termofusión 2\"','Boquilla para termofusión 2\"',1,NULL,'AC','HR-ODE-Boquilla para termofusión 2\"',1,6),(37,'HR-ODE-Boquilla para termofusión 3/4\"','Boquilla para termofusión 3/4\"',1,NULL,'AC','HR-ODE-Boquilla para termofusión 3/4\"',1,6),(39,'HR-ODE-Termofusora 1','Termofusora 1',1,NULL,'AC','HR-ODE-Termofusora 1',1,6),(40,'HR-ODE-Termofusora 1600w','Termofusora 1600w',1,NULL,'AC','HR-ODE-Termofusora 1600w',1,6),(41,'HR-ODE-Boquilla para termofusión 75mm','Boquilla para termofusión 75mm',1,NULL,'AC','HR-ODE-Boquilla para termofusión 75mm',1,6),(42,'HR-ODE-Boquilla para termofusión 90mm','Boquilla para termofusión 90mm',1,NULL,'AC','HR-ODE-Boquilla para termofusión 90mm',1,6),(43,'HR-ODE-Boquilla para termofusión 110mm','Boquilla para termofusión 110mm',1,NULL,'AC','HR-ODE-Boquilla para termofusión 110mm',1,6),(44,'HR-OVI-TermoAnemómetro ','TermoAnemómetro ',1,NULL,'AC','HR-OVI-TermoAnemómetro ',1,6),(45,'HR-OVI-Termometro infrarojo','Termometro infrarojo',1,NULL,'AC','HR-OVI-Termometro infrarojo',1,6),(46,'HR-OVI-Pinza extractora de fusible NH','Pinza extractora de fusible NH',1,NULL,'AC','HR-OVI-Pinza extractora de fusible NH',1,6),(47,'HR-OVI-Pinza amperometrica con puntas','Pinza amperometrica con puntas',1,NULL,'AC','HR-OVI-Pinza amperometrica con puntas',1,6),(48,'HR-OVI- Soldador Cautín 30w','Soldador Cautín 30w',1,NULL,'AC','HR-OVI- Soldador Cautín 30w',1,6),(49,'HR-OFE-Multimetro con puntas','Multimetro con puntas',1,NULL,'AC','HR-OFE-Multimetro con puntas',1,6),(50,'HR-TTA-Pértiga DPA 3 KV','Pértiga DPA 3 KV',1,NULL,'AC','HR-TTA-Pértiga DPA 3 KV',1,6),(51,'HR-OVI-Detector de metál ','Detector de metál ',1,NULL,'AC','HR-OVI-Detector de metál ',1,6),(52,'HR-OVI-Programador de variador vel.','Programador de variador vel.',1,NULL,'AC','HR-OVI-Programador de variador vel.',1,6),(53,'HR-OVI-Pinza amp con puntas','Pinza amp con puntas',1,NULL,'AC','HR-OVI-Pinza amp con puntas',1,6),(54,'HR-OFA-Caja de llaves tubos medidas chicas(completa)','Caja de llaves tubos medidas chicas(completa)',1,NULL,'AC','HR-OFA-Caja de llaves tubos medidas chicas(completa)',1,6),(55,'HR-OFA-Caja de llaves tubos medidas grandes(completa)','Caja de llaves tubos medidas grandes(completa)',1,NULL,'AC','HR-OFA-Caja de llaves tubos medidas grandes(completa)',1,6),(56,'HR-OFA-Caja de mechas(12,16,20mm y 1/2\")','Caja de mechas(12,16,20mm y 1/2\")',1,NULL,'AC','HR-OFA-Caja de mechas(12,16,20mm y 1/2\")',1,6),(57,'HR-OFA-Amoladora 4,5\" 840w 9557 HP','Amoladora 4,5\" 840w 9557 HP',1,NULL,'AC','HR-OFA-Amoladora 4,5\" 840w 9557 HP',1,6),(58,'HR-OFA-Llave Stillson 36\"','Llave Stillson 36\"',1,NULL,'AC','HR-OFA-Llave Stillson 36\"',1,6),(59,'HR-OFA-Pistola de calor','Pistola de calor',1,NULL,'AC','HR-OFA-Pistola de calor',1,6),(60,'HR-OFA-Serrucho 24\"','Serrucho 24\"',1,NULL,'AC','HR-OFA-Serrucho 24\"',1,6),(61,'HR-OFA-Atornillador ? 13 con bateria ','Atornillador ? 13 con bateria ',1,NULL,'AC','HR-OFA-Atornillador ? 13 con bateria ',1,6),(63,'HR-OFA-Atornillador  13 con bateria ','Atornillador  13 con bateria ',1,NULL,'AC','HR-OFA-Atornillador  13 con bateria ',1,6),(64,'HR-OFA-Llave Inglesa 22\"','Llave Inglesa 22\"',1,NULL,'AC','HR-OFA-Llave Inglesa 22\"',1,6),(65,'HR-OFA-Rotomartillo con mandril y llave','Rotomartillo con mandril y llave',1,NULL,'AC','HR-OFA-Rotomartillo con mandril y llave',1,6),(66,'HR-ODE-Extractor de poleas 400 mm','Extractor de poleas 400 mm',1,NULL,'AC','HR-ODE-Extractor de poleas 400 mm',1,6),(67,'HR-OFE-Espatulas grandes','Espatulas grandes',1,NULL,'AC','HR-OFE-Espatulas grandes',1,6),(68,'HR-OFE-Soplete para colocar membrana','Soplete para colocar membrana',1,NULL,'AC','HR-OFE-Soplete para colocar membrana',1,6),(69,'HR-OFE-Cola de vida ','Cola de vida ',1,NULL,'AC','HR-OFE-Cola de vida ',1,6),(73,'HR-OFE-Serrucho para corte en durlock','Serrucho para corte en durlock',1,NULL,'AC','HR-OFE-Serrucho para corte en durlock',1,6),(74,'HR-OFE-Llana de durlock','Llana de durlock',1,NULL,'AC','HR-OFE-Llana de durlock',1,6),(75,'HR-OFE-Fratacho','Fratacho',1,NULL,'TR','HR-OFE-Fratacho',1,6),(76,'HR-OFE-Cortafierro','Cortafierro',1,NULL,'AC','HR-OFE-Cortafierro',1,6),(77,'HR-OFE-Mazo mediano','Mazo mediano',1,NULL,'AC','HR-OFE-Mazo mediano',1,6),(78,'HR-OFE-Cuchara mediana de albañil','Cuchara mediana de albañil',1,NULL,'AC','HR-OFE-Cuchara mediana de albañil',1,6),(79,'HR-OFE-Cuchara grande de albañil','Cuchara grande de albañil',1,NULL,'AC','HR-OFE-Cuchara grande de albañil',1,6),(80,'HR-OFE-Chocla','Chocla',1,NULL,'AC','HR-OFE-Chocla',1,6),(81,'HR-OFE-Martelina','Martelina',1,NULL,'AC','HR-OFE-Martelina',1,6),(82,'HR-OFE-Bomba de combustible','Bomba de combustible',1,NULL,'AC','HR-OFE-Bomba de combustible',1,6),(83,'HR-OFE-Grasera','Grasera',1,NULL,'AC','HR-OFE-Grasera',1,6),(86,'A-Hormigonera','azul',1,NULL,'AC','A-Hormigonera',NULL,6),(87,'w80','989',1,NULL,'AC','w80',NULL,6),(89,'HVLL-TT-MANIFOLD','',1,NULL,'AC','MANOMETRO DE GASES REFRIGERANTE',2,6),(90,'HVLL-TT','SSP',1,NULL,'TR','Agujereadora de mano eléctrica 13 mm con percutor',3,6),(91,'2334343242','ssss',0,NULL,'AC','Taladro',1,6),(93,'1001','IRIMO',-1,NULL,'AC','Caja de tubos 3/4´',0,7),(95,'CJ 01 ','METALICA ',19,NULL,'AC','CAJA DE HERRAMIENTAS ',4,7),(96,'CJ 02 ','COMPLETA ',23,NULL,'AC','CAJA DE HERRAMIENTAS ',4,7),(97,'CJ 03','ENCASTRE 3/4 ',24,NULL,'AC','CAJA DE TUBOS ',4,7),(98,'CJ O4 ','PLASTICA CHICA ',33,NULL,'AC','CAJA DE HERRAMIENTAS ',4,7),(99,'CJ 05 ','ALTA Y BAJA ',32,NULL,'AC','CAJA CON MANOMETROS DE CARGA DE A/C',4,7),(100,'LLVF 01','450MM',35,NULL,'AC','LLAVE FRANCESA',4,7),(101,'LLST 01','PINZA ',35,NULL,'AC',' STILSON ',4,7),(103,'LLIN 01','REGULABLE',20,NULL,'AC','LLAVE INGLESA',4,7),(105,'LLCO 01','COMBINADA 36MM',20,NULL,'AC','LLAVE ',4,7),(115,'110','modelo 2',25,NULL,'AC','descrip 2',5,7),(126,'MR01','Encastre 1/2',3,NULL,'AC','Mango de fuerza',2,6),(137,'','',-1,NULL,'AC','',-1,7),(139,'MF 01','Encastre 1/2',35,NULL,'AC','Mango de fuerza ',4,7),(140,'LLBO 01 ','DE BOCA',35,NULL,'AC','LLAVE 60MM',4,7),(141,'PNZ 01','PICO DE LORO ',30,NULL,'AC','PINZA ',4,7),(142,'PNZ 02','DE FUERZA ',29,NULL,'AC','PINZA ',4,7),(143,'LLCO 02','CONVINADA',35,NULL,'AC','LLAVE 3/4 ',4,7),(144,'LLCO 03 ','COMBINADA ',27,NULL,'AC','LLAVE 14MM',4,7),(145,'LLCO  04','COMBINADA ',24,NULL,'AC','LLAVE 10MM',4,7),(146,'LLBO 02 ','DE BOCA ',26,NULL,'AC','LLAVE',4,7),(147,'LLCO 05','COMBINADA ',21,NULL,'AC','LLAVE  18MM',4,7),(148,'LLCO06','COMBINADA',35,NULL,'AC','LLAVE 11/16',4,7),(149,'LLCU 01','TIPO C',21,NULL,'AC','LLAVE 17MM-13MM',4,7),(150,'DS P 01','Plano ',27,NULL,'AC','Destornillador ',4,7),(151,'DS PH 01','Philips ',35,NULL,'AC','Destornillador ',4,7),(152,'LLALM 01 ','ALEM',35,NULL,'AC','JUEGO DE LLAVES',4,7),(153,'LLCO 08 ','Combinada',28,NULL,'AC','Llave 8MM',4,7),(154,'PNZS 01','Zeguer recta ',32,NULL,'AC','Pinza',4,7),(155,'PNZS 02','Zeguers curva ',32,NULL,'AC','Pinza',4,7),(156,'PNZ 03','De  punta ',32,NULL,'AC','Pinza',4,7),(157,'PLC 01 ','Encastre 1/2 ',27,NULL,'AC','Palanca ',4,7),(158,'LLCO 09','Combinada',21,NULL,'AC','Llave 3/4 ',4,7),(159,'TST 01','Pinza',25,NULL,'AC','Tester ',4,7),(160,'HD 01 ','EP 450 S ',22,NULL,'TR','Handye ',4,7),(161,'HD 2 ','EP450 S ',22,NULL,'AC','Handye ',4,7),(162,'TB 01 ','Encastre 1/2 ',21,NULL,'AC','TUBO 32 MM',4,7),(163,'TBAL 01 ','ALEM ',32,NULL,'AC','TUBO 14MM',4,7),(164,'MT 01','De mano ',32,NULL,'AC','Masa de 10 kg ',4,7),(165,'MT 02 ','De mano',32,NULL,'AC','Martillo ',4,7),(166,'PNZ 04 ','Amarilla con negro ',36,NULL,'AC','Pinza',4,7),(167,'LIM 01 ','Plana ',35,NULL,'AC','Lima ',4,7),(168,'TR 01','Cuter ',27,NULL,'AC','Trincheta ',4,7),(169,'LLVF 02','Francesa 30mm',21,NULL,'AC','Llave',4,7),(170,'LLCO 10 ','Combinada ',20,NULL,'AC','LLAVE 15/16 ',4,7),(171,'LLCO 11','Combinada',35,NULL,'AC','Llave 24mm',4,7),(172,'LLCO 12','Combinada ',27,NULL,'AC','Llave 17mm ',4,7),(173,'LLALM 02 ','Alem',32,NULL,'AC','Llave 4mm',4,7),(175,'0002019','2019',1,NULL,'AN','nueva herramienta ',2,6),(176,'01','modelo test',29,NULL,'AN','descr test',9,7),(177,'030303030','modelo 1',11,NULL,'AN','nueva herramienta',1,6),(178,'0012','sas',1,NULL,'AN','herra-22',4,6),(179,'0000111','Modelo 01',3,NULL,'TR','prueba 01',4,6),(180,'11111','1111',4,NULL,'AN','11111',5,6),(181,'000002222223','02',1,NULL,'AC','nueva herramienta 02',8,6),(182,'co-00001','modelo 1',1,NULL,'TR','herramienta de prueba',8,6);
/*!40000 ALTER TABLE `herramientas` ENABLE KEYS */;
UNLOCK TABLES;

--
-- Table structure for table `historial_lecturas`
--

DROP TABLE IF EXISTS `historial_lecturas`;
/*!40101 SET @saved_cs_client     = @@character_set_client */;
/*!40101 SET character_set_client = utf8 */;
CREATE TABLE `historial_lecturas` (
  `id_lectura` int(10) NOT NULL AUTO_INCREMENT,
  `id_equipo` int(10) NOT NULL,
  `lectura` int(10) NOT NULL,
  `fecha` datetime NOT NULL,
  `usrId` int(11) NOT NULL,
  `observacion` text,
  `operario_nom` varchar(50) CHARACTER SET utf8 COLLATE utf8_spanish_ci NOT NULL,
  `turno` varchar(11) CHARACTER SET utf8 COLLATE utf8_spanish_ci NOT NULL,
  `estado` varchar(4) NOT NULL,
  `obs` tinyint(4) DEFAULT NULL,
  PRIMARY KEY (`id_lectura`)
) ENGINE=MyISAM AUTO_INCREMENT=199 DEFAULT CHARSET=latin1;
/*!40101 SET character_set_client = @saved_cs_client */;

--
-- Dumping data for table `historial_lecturas`
--

LOCK TABLES `historial_lecturas` WRITE;
/*!40000 ALTER TABLE `historial_lecturas` DISABLE KEYS */;
INSERT INTO `historial_lecturas` VALUES (128,2,240,'2020-04-01 13:33:22',54,'prueba 01','rs','m','AC',NULL),(127,2,200,'2020-04-01 13:32:49',54,'prueba 00','rs','m','AC',NULL),(126,2,0,'2020-04-01 13:30:23',54,'Lectura alta de equipo','-','Alta','AC',NULL),(125,11,520,'2020-04-01 13:11:54',2,'prueba 04','rs','m','AC',NULL),(124,11,500,'2020-04-01 13:07:25',2,'prueba 03','rs','m','AC',NULL),(123,11,440,'2020-04-01 13:05:31',2,'prueba 03','rs','m','AC',NULL),(122,11,400,'2020-04-01 13:04:32',2,'prueba 02','rs','m','AC',NULL),(121,11,250,'2020-04-01 12:45:11',2,'PRUEBA 02','rs','m','AC',NULL),(120,11,240,'2020-04-01 12:42:37',2,'prueba 01','rs','m','AC',NULL),(119,1,5000,'2020-03-11 16:48:04',2,'zxcxz','weqe','d','AC',NULL),(118,16,3000,'2020-03-11 10:39:28',2,'asdasd','Fernando','4','AC',NULL),(117,1,2950,'2020-03-11 10:34:54',2,'dsadsa','dsadas','dd','AC',NULL),(115,1,1900,'2020-03-11 10:18:21',2,'dsadasd','sdad','34','AC',NULL),(116,1,2800,'2020-03-11 10:26:40',2,'sdadasd','3','3','AC',NULL),(114,17,1800,'2020-03-11 10:15:23',2,'sad','Fernando','34','AC',NULL),(113,16,2800,'2020-03-11 10:14:05',2,'sdssdasd','Fernando','444','AC',NULL),(112,1,1500,'2020-03-06 15:47:47',2,'asdasd','Fernando','Tarde','AC',NULL),(111,1,999,'2020-03-04 15:33:20',1,'test-fer','Fernando','mañana','AC',NULL),(110,8,999,'2020-03-04 15:30:53',1,'lec-fer','Fernando','mañana','AC',NULL),(109,1,270,'2020-03-03 11:50:36',1,'probando preven por horas','Eliana','mñn','AC',NULL),(108,8,840,'2020-03-03 11:48:38',54,'prueba05','rs','m','AC',NULL),(107,8,770,'2020-03-03 11:47:03',54,'prueba03','rs','m','AC',NULL),(106,8,512,'2020-03-03 11:36:44',54,'prueba03','rs','m','AC',NULL),(105,8,445,'2020-03-03 11:34:48',54,'prueba02','rs','m','AC',NULL),(104,8,255,'2020-03-03 11:33:59',54,'prueba01','rs','m','AC',NULL),(103,16,255,'2020-03-03 11:33:17',54,'prueba01','rs','m','AC',NULL),(102,8,215,'2020-03-03 11:31:48',54,'prueba 0\r\n','rs','m','AC',NULL),(101,8,0,'2020-03-03 11:30:36',54,'Lectura alta de equipo','-','Alta','AC',NULL),(100,1,170,'2020-02-27 10:04:47',1,'Descripcion: Nueva falla encontrada | OT: 1','mantest1, mantest1','-','AC',NULL),(99,1,156,'2020-02-19 11:25:10',1,'Descripcion: Regular Luz de Válvula de Motor (cada 2000hs segun horometro). | OT: 22','mantest1, mantest1','-','AC',NULL),(98,14,300,'2020-02-19 10:37:02',1,'Descripcion: Limpie el Cuerpo del Radiador. | OT: 18','mantest1, mantest1','-','AC',NULL),(97,14,276,'2020-02-19 10:35:48',55,'Descripcion: Apriete los Tornillos de los Pasadores de Expansión de los Cilindros. | OT: 17','mantest2, mantest2','-','AC',NULL),(96,14,266,'2020-02-19 10:20:21',1,'Descripcion: tarea de prueba 13/02 | OT: 12','mantest1, mantest1','-','AC',NULL),(95,17,1730,'2020-02-19 10:23:46',1,'Descripcion: Apriete los Tornillos de los Pasadores de Expansión de los Cilindros. | OT: 16','mantest1, mantest1','-','AC',NULL),(94,14,220,'2020-02-19 10:11:25',1,'Descripcion: Prueba maury | OT: 15','mantest1, mantest1','-','AC',NULL),(91,14,205,'2020-02-19 10:27:53',1,'Descripcion: Probando bugs | OT: 20','mantest1, mantest1','-','AC',NULL),(92,11,210,'2020-02-19 10:24:56',1,'Descripcion: Falla nueva | OT: 21','mantest1, mantest1','-','AC',NULL),(93,1,130,'2020-02-19 10:09:38',2,'Descripcion: Apriete los Tornillos de los Pasadores de Expansión de los Cilindros. | OT: 19','suptest1, suptest1','-','AC',NULL),(90,17,1750,'2020-02-19 10:08:32',1,'Descripcion: Augusto buenas tardes!! Feliz 2020!!Respecto a la fecha de entrega del preventivo por horómetro la respuesta te la pasara Carlos Braña (en copia), quien se ha integrado al equipo de Trazalog como Project Manager y es quien maneja la bolsa de trabajo del Área de Servicios.Por la visita de mañana confirmame el horario para esperarte.Respecto a los puntos de mejora propuestos, lo revisare y te daré una respuesta.Abrazo!!! | OT: 13','mantest1, mantest1','-','AC',NULL),(88,16,0,'2020-02-09 01:24:40',2,'Lectura alta de equipo','-','Alta','AC',NULL),(89,14,200,'2020-02-10 13:10:05',1,'Descripcion: Falla de prueba eli | OT: 10','mantest1, mantest1','-','AC',NULL),(86,17,1710,'2020-02-05 12:26:09',54,'fafa','dutis','tarde','AC',NULL),(87,14,150,'2020-02-05 15:32:19',1,'Descripcion: probando la s.s | OT: 9','mantest1, mantest1','-','AC',NULL),(85,17,125,'2020-02-04 11:57:56',1,'Descripcion: probando adjunto | OT: 3','mantest1, mantest1','-','AC',NULL),(129,2,250,'2020-04-01 13:34:50',54,'prueba 02','rs','m','AC',NULL),(130,11,550,'2020-04-06 13:23:05',1,'Descripcion: Cambiar Aceite de Motor (utilizar aceite 15W40). | OT: 6','mantest1, mantest1','-','AC',NULL),(131,2,500,'2020-04-01 13:57:41',2,'prueba 04','rs','m','AC',NULL),(132,2,530,'2020-04-01 14:02:30',2,'prueba 05 ','rs','m','AC',NULL),(133,2,550,'2020-04-01 14:03:21',2,'prueba 06','rs','m','AC',NULL),(134,18,0,'2020-04-02 14:40:15',1,'Lectura alta de equipo','-','Alta','AC',NULL),(135,19,0,'2020-04-22 21:16:17',1,'Lectura alta de equipo','-','Alta','AC',NULL),(136,19,100,'2020-04-23 11:25:40',1,'sin observaciones','Eliana','mñn','AC',NULL),(137,5,0,'2020-04-28 16:54:39',1,'Lectura alta de equipo','-','Alta','AC',NULL),(138,5,0,'2020-04-28 16:54:43',1,NULL,'','','IN',NULL),(139,7,0,'2020-04-28 17:07:39',1,'Lectura alta de equipo','-','Alta','AC',NULL),(140,9,0,'2020-04-28 17:09:25',1,'Lectura alta de equipo','-','Alta','AC',NULL),(141,2,0,'2020-04-28 17:10:33',1,NULL,'','','IN',NULL),(142,7,0,'2020-04-28 17:10:52',1,NULL,'','','IN',NULL),(143,5,0,'2020-04-28 17:15:35',1,'Lectura alta de equipo','-','Alta','AC',NULL),(144,19,115,'2020-04-28 19:02:26',1,'Descripcion: probando grafica | OT: 8','mantest1, mantest1','-','AC',NULL),(145,19,120,'2020-04-29 12:18:21',1,'Descripcion: Solicitud urgente | OT: 1','mantest1, mantest1','-','AC',NULL),(146,20,0,'2020-04-29 13:12:52',53,'Lectura alta de equipo','-','Alta','AC',NULL),(147,3,0,'2020-04-29 19:47:24',1,'Lectura alta de equipo','-','Alta','AC',NULL),(148,13,0,'2020-04-29 19:47:32',1,'Lectura alta de equipo','-','Alta','AC',NULL),(149,10,0,'2020-04-29 22:21:38',53,'Lectura alta de equipo','-','Alta','AC',NULL),(150,15,0,'2020-04-29 22:21:42',53,'Lectura alta de equipo','-','Alta','AC',NULL),(151,12,0,'2020-04-29 22:22:19',2,'Lectura alta de equipo','-','Alta','AC',NULL),(152,14,0,'2020-04-29 22:23:05',54,NULL,'','','IN',NULL),(153,14,0,'2020-04-29 22:23:07',54,'Lectura alta de equipo','-','Alta','AC',NULL),(154,14,100,'2020-04-29 22:23:49',54,'probando boton ','Eliana','tarde','RE',NULL),(155,14,0,'2020-04-29 22:23:56',54,NULL,'','','IN',NULL),(156,14,0,'2020-04-29 22:23:59',54,'Lectura alta de equipo','-','Alta','AC',NULL),(157,21,100,'2020-04-29 22:28:46',54,'Lectura alta de equipo','-','Alta','AC',NULL),(158,21,120,'2020-04-29 22:33:30',54,'probando lectura','Eliana','tarde','AC',NULL),(159,21,125,'2020-04-29 22:35:42',54,'equipo en reparacion ','Eliana','noche','RE',NULL),(160,22,0,'2020-05-07 21:39:26',4,'Lectura alta de equipo','-','Alta','AC',NULL),(161,22,1000,'2020-05-07 22:47:05',2,'s/obs','Eliana','noche','AC',NULL),(162,1,9000,'2020-06-26 18:49:20',2,'p0','rs','m','AC',NULL),(163,1,9211,'2020-06-26 18:53:55',2,'p1','rs','m','AC',NULL),(164,1,9249,'2020-06-26 18:55:10',2,'p2','rs','m','AC',NULL),(165,1,9250,'2020-06-26 18:56:17',2,'p2','rs','m','AC',NULL),(166,1,9260,'2020-06-26 18:58:15',2,'p3','rs','m','AC',NULL),(167,16,9950,'2020-06-26 19:15:31',1,'p4','rs','m','AC',NULL),(168,1,9950,'2020-06-26 19:17:08',1,'p4','rs','m','AC',NULL),(169,16,11000,'2020-06-26 19:29:01',2,'p5','rs','m','AC',NULL),(170,1,12000,'2020-06-26 19:29:39',2,'p6','rs','m','AC',NULL),(171,1,13000,'2020-06-26 19:40:48',2,'p6','rs','m','AC',NULL),(172,19,200,'2020-06-29 11:59:15',1,'Descripcion: probando bug | OT: 33','mantest1, mantest1','-','AC',NULL),(173,1,13500,'2020-07-01 19:51:37',1,'p07','rs','m','AC',NULL),(174,1,13900,'2020-07-01 19:59:55',1,'P08','rs','m','AC',NULL),(175,13,3444,'2020-08-31 15:27:54',1,'Descripcion: Limpie el Cuerpo Del Radiador (Utilice Aire Comprimido.) | OT: 42','mantest1, mantest1','-','AC',NULL),(176,1,6666,'2020-08-31 18:54:39',1,'Descripcion: Limpie el Cuerpo Del Radiador (Utilice Aire Comprimido.) | OT: 43','mantest1, mantest1','-','AC',NULL),(177,1,7010,'2020-09-01 12:54:11',1,'Descripcion: prueba1 | OT: 44','mantest1, mantest1','-','AC',NULL),(178,5,0,'2020-09-14 15:05:15',2,NULL,'','','IN',NULL),(179,5,0,'2020-09-14 15:05:18',2,'Lectura alta de equipo','-','Alta','AC',NULL),(180,13,3445,'2020-09-25 14:12:00',1,'Descripcion: Cambiar Aceite de Motor (utilizar aceite 15W40). | OT: 201','mantest1, mantest1','-','AC',NULL),(181,22,1003,'2020-09-25 15:55:12',1,'Descripcion: Apriete los Tornillos de los Pasadores de Expansión de los Cilindros. | OT: 200','mantest1, mantest1','-','IN',NULL),(182,10,111,'2020-09-25 16:09:53',1,'Descripcion: Cambiar Cartucho Filtro de Aire. | OT: 199','mantest1, mantest1','-','AC',NULL),(183,10,114,'2020-09-28 15:49:32',1,'Descripcion: Limpie las Mangueras y las Conexiones del Radiador. | OT: 207','mantest1, mantest1','-','AC',NULL),(184,17,1820,'2020-10-03 03:48:01',1,'Descripcion: Cambiar Aceite de Motor (cada 250 hs según horometro, utilizar aceite 15W40). | OT: 208','mantest1, mantest1','-','AC',NULL),(185,20,2,'2020-10-03 04:32:40',1,'Descripcion: Limpiar Tanque de Combustible. | OT: 210','mantest1, mantest1','-','IN',NULL),(186,12,33,'2020-10-04 23:52:04',1,'Descripcion: Revise la Bomba de Agua | OT: 211','mantest1, mantest1','-','AC',NULL),(187,11,553,'2020-10-05 00:03:03',1,'Descripcion: Compruebe el Intercooler y las Mangueras de Conexion. | OT: 212','mantest1, mantest1','-','AC',NULL),(188,22,1010,'2020-10-05 00:20:06',1,'Descripcion: Revise el Sensor de Temperatura. | OT: 213','mantest1, mantest1','-','IN',NULL),(189,1,8000,'2020-10-07 14:16:25',1,'Descripcion: eliiiiii | OT: 214','mantest1, mantest1','-','AC',NULL),(190,1,80005,'2020-10-08 15:00:21',1,'Descripcion: Apriete los Tornillos de los Pasadores de Expansión de los Cilindros. | OT: 204','mantest1, mantest1','-','AC',NULL),(191,1,80006,'2020-10-08 13:36:22',1,'Descripcion: Revise el Sensor de Temperatura. | OT: 216','mantest1, mantest1','-','AC',NULL),(192,16,11001,'2020-10-09 15:23:23',0,'Descripcion:  | OT: 209','','-','AC',NULL),(193,16,11003,'2020-10-13 13:05:11',1,'Descripcion: Revisar Apriete de las Varillas Tirantes.  | OT: 217','mantest1, mantest1','-','AC',NULL),(194,16,11008,'2020-10-13 13:16:39',1,'Descripcion: Apriete los Tornillos de los Pasadores de Expansión de los Cilindros. | OT: 218','mantest1, mantest1','-','AC',NULL),(195,18,23,'2020-12-01 11:47:05',1,'Descripcion: OTRA FALLA | OT: 220','mantest1, mantest1','-','AC',NULL),(196,19,300,'2020-07-01 19:38:33',1,'Descripcion: probando cierre | OT: 31','mantest1, mantest1','-','AC',NULL),(197,1,80016,'2021-06-10 11:20:55',1,'Descripcion: Apriete los Tornillos de los Pasadores de Expansión de los Cilindros. | OT: 237','mantest1, mantest1','-','AC',NULL),(198,16,11111111,'2021-06-18 12:20:52',2,'Fuga aceite nivel 3','rs','m','RE',NULL);
/*!40000 ALTER TABLE `historial_lecturas` ENABLE KEYS */;
UNLOCK TABLES;
/*!50003 SET @saved_cs_client      = @@character_set_client */ ;
/*!50003 SET @saved_cs_results     = @@character_set_results */ ;
/*!50003 SET @saved_col_connection = @@collation_connection */ ;
/*!50003 SET character_set_client  = utf8 */ ;
/*!50003 SET character_set_results = utf8 */ ;
/*!50003 SET collation_connection  = utf8_general_ci */ ;
/*!50003 SET @saved_sql_mode       = @@sql_mode */ ;
/*!50003 SET sql_mode              = 'NO_AUTO_CREATE_USER,NO_ENGINE_SUBSTITUTION' */ ;
DELIMITER ;;
/*!50003 CREATE OR REPLACE*/ /*!50017 DEFINER=`root`@`localhost`*/ /*!50003 TRIGGER actualizaLectura AFTER INSERT ON historial_lecturas FOR EACH ROW
UPDATE equipos SET equipos.ultima_lectura = new.lectura WHERE new.id_equipo = equipos.id_equipo */;;
DELIMITER ;
/*!50003 SET sql_mode              = @saved_sql_mode */ ;
/*!50003 SET character_set_client  = @saved_cs_client */ ;
/*!50003 SET character_set_results = @saved_cs_results */ ;
/*!50003 SET collation_connection  = @saved_col_connection */ ;
/*!50003 SET @saved_cs_client      = @@character_set_client */ ;
/*!50003 SET @saved_cs_results     = @@character_set_results */ ;
/*!50003 SET @saved_col_connection = @@collation_connection */ ;
/*!50003 SET character_set_client  = utf8 */ ;
/*!50003 SET character_set_results = utf8 */ ;
/*!50003 SET collation_connection  = utf8_general_ci */ ;
/*!50003 SET @saved_sql_mode       = @@sql_mode */ ;
/*!50003 SET sql_mode              = 'NO_AUTO_CREATE_USER,NO_ENGINE_SUBSTITUTION' */ ;
DELIMITER ;;
/*!50003 CREATE OR REPLACE*/ /*!50017 DEFINER=`root`@`localhost`*/ /*!50003 TRIGGER actualizaLectura7 AFTER UPDATE ON historial_lecturas
     FOR EACH ROW BEGIN
       if((SELECT MAX(fecha) FROM historial_lecturas where historial_lecturas.id_equipo = NEW.id_equipo) = old.fecha) then
         update equipos set ultima_lectura = new.lectura where equipos.id_equipo =  new.id_equipo;
       END IF;
     END */;;
DELIMITER ;
/*!50003 SET sql_mode              = @saved_sql_mode */ ;
/*!50003 SET character_set_client  = @saved_cs_client */ ;
/*!50003 SET character_set_results = @saved_cs_results */ ;
/*!50003 SET collation_connection  = @saved_col_connection */ ;

--
-- Table structure for table `infocomponentes`
--

DROP TABLE IF EXISTS `infocomponentes`;
/*!40101 SET @saved_cs_client     = @@character_set_client */;
/*!40101 SET character_set_client = utf8 */;
CREATE TABLE `infocomponentes` (
  `infocompid` int(11) NOT NULL AUTO_INCREMENT,
  `infocompdescrip` varchar(255) DEFAULT NULL,
  `archivo` varchar(255) DEFAULT NULL,
  `fecha` datetime DEFAULT NULL,
  `id_equipo` int(11) DEFAULT NULL,
  PRIMARY KEY (`infocompid`),
  KEY `id_equipo` (`id_equipo`)
) ENGINE=InnoDB DEFAULT CHARSET=latin1;
/*!40101 SET character_set_client = @saved_cs_client */;

--
-- Dumping data for table `infocomponentes`
--

LOCK TABLES `infocomponentes` WRITE;
/*!40000 ALTER TABLE `infocomponentes` DISABLE KEYS */;
/*!40000 ALTER TABLE `infocomponentes` ENABLE KEYS */;
UNLOCK TABLES;

--
-- Table structure for table `infoequipos`
--

DROP TABLE IF EXISTS `infoequipos`;
/*!40101 SET @saved_cs_client     = @@character_set_client */;
/*!40101 SET character_set_client = utf8 */;
CREATE TABLE `infoequipos` (
  `infoid` int(11) NOT NULL AUTO_INCREMENT,
  `descripcion` varchar(255) DEFAULT NULL,
  `archivo` varchar(255) DEFAULT NULL,
  `id_equipo` int(11) DEFAULT NULL,
  PRIMARY KEY (`infoid`),
  KEY `id_equipo` (`id_equipo`)
) ENGINE=InnoDB DEFAULT CHARSET=latin1;
/*!40101 SET character_set_client = @saved_cs_client */;

--
-- Dumping data for table `infoequipos`
--

LOCK TABLES `infoequipos` WRITE;
/*!40000 ALTER TABLE `infoequipos` DISABLE KEYS */;
/*!40000 ALTER TABLE `infoequipos` ENABLE KEYS */;
UNLOCK TABLES;

--
-- Table structure for table `informacionequipo`
--

DROP TABLE IF EXISTS `informacionequipo`;
/*!40101 SET @saved_cs_client     = @@character_set_client */;
/*!40101 SET character_set_client = utf8 */;
CREATE TABLE `informacionequipo` (
  `id_informacion` int(11) NOT NULL AUTO_INCREMENT,
  `titulo` varchar(50) COLLATE utf8mb4_spanish_ci NOT NULL,
  `descripcion` varchar(100) COLLATE utf8mb4_spanish_ci NOT NULL,
  `id_equipo` int(11) NOT NULL,
  `id_empresa` int(10) NOT NULL,
  PRIMARY KEY (`id_informacion`)
) ENGINE=InnoDB DEFAULT CHARSET=utf8mb4 COLLATE=utf8mb4_spanish_ci;
/*!40101 SET character_set_client = @saved_cs_client */;

--
-- Dumping data for table `informacionequipo`
--

LOCK TABLES `informacionequipo` WRITE;
/*!40000 ALTER TABLE `informacionequipo` DISABLE KEYS */;
/*!40000 ALTER TABLE `informacionequipo` ENABLE KEYS */;
UNLOCK TABLES;

--
-- Table structure for table `marcasequipos`
--

DROP TABLE IF EXISTS `marcasequipos`;
/*!40101 SET @saved_cs_client     = @@character_set_client */;
/*!40101 SET character_set_client = utf8 */;
CREATE TABLE `marcasequipos` (
  `marcaid` int(11) NOT NULL AUTO_INCREMENT,
  `marcadescrip` varchar(255) DEFAULT NULL,
  `estado` varchar(3) NOT NULL,
  `id_empresa` int(11) NOT NULL,
  PRIMARY KEY (`marcaid`)
) ENGINE=InnoDB AUTO_INCREMENT=6 DEFAULT CHARSET=latin1;
/*!40101 SET character_set_client = @saved_cs_client */;

--
-- Dumping data for table `marcasequipos`
--

LOCK TABLES `marcasequipos` WRITE;
/*!40000 ALTER TABLE `marcasequipos` DISABLE KEYS */;
INSERT INTO `marcasequipos` VALUES (1,'Marca 1','AC',6),(2,'Toyota','AC',6),(3,'Caterpillar','AC',6),(4,'Freund','AC',6),(5,'Sullair','AC',6);
/*!40000 ALTER TABLE `marcasequipos` ENABLE KEYS */;
UNLOCK TABLES;

--
-- Table structure for table `modelo_año`
--

DROP TABLE IF EXISTS `modelo_año`;
/*!40101 SET @saved_cs_client     = @@character_set_client */;
/*!40101 SET character_set_client = utf8 */;
CREATE TABLE `modelo_año` (
  `id_año` int(100) NOT NULL AUTO_INCREMENT,
  `descripcion` varchar(10) NOT NULL,
  PRIMARY KEY (`id_año`)
) ENGINE=MyISAM AUTO_INCREMENT=2 DEFAULT CHARSET=latin1;
/*!40101 SET character_set_client = @saved_cs_client */;

--
-- Dumping data for table `modelo_año`
--

LOCK TABLES `modelo_año` WRITE;
/*!40000 ALTER TABLE `modelo_año` DISABLE KEYS */;
INSERT INTO `modelo_año` VALUES (1,'wqeqewqeqw');
/*!40000 ALTER TABLE `modelo_año` ENABLE KEYS */;
UNLOCK TABLES;

--
-- Table structure for table `orden_insumos`
--

DROP TABLE IF EXISTS `orden_insumos`;
/*!40101 SET @saved_cs_client     = @@character_set_client */;
/*!40101 SET character_set_client = utf8 */;
CREATE TABLE `orden_insumos` (
  `id_orden` int(11) NOT NULL AUTO_INCREMENT,
  `fecha` date DEFAULT NULL,
  `solicitante` varchar(100) COLLATE utf8_spanish_ci DEFAULT NULL,
  `destino` varchar(100) COLLATE utf8_spanish_ci DEFAULT NULL,
  `comprobante` int(255) DEFAULT NULL,
  `id_empresa` int(11) NOT NULL,
  `id_ot` int(11) NOT NULL,
  PRIMARY KEY (`id_orden`)
) ENGINE=InnoDB DEFAULT CHARSET=utf8 COLLATE=utf8_spanish_ci;
/*!40101 SET character_set_client = @saved_cs_client */;

--
-- Dumping data for table `orden_insumos`
--

LOCK TABLES `orden_insumos` WRITE;
/*!40000 ALTER TABLE `orden_insumos` DISABLE KEYS */;
/*!40000 ALTER TABLE `orden_insumos` ENABLE KEYS */;
UNLOCK TABLES;

--
-- Table structure for table `orden_pedido`
--

DROP TABLE IF EXISTS `orden_pedido`;
/*!40101 SET @saved_cs_client     = @@character_set_client */;
/*!40101 SET character_set_client = utf8 */;
CREATE TABLE `orden_pedido` (
  `id_orden` int(11) NOT NULL AUTO_INCREMENT,
  `id_proveedor` int(11) NOT NULL,
  `nro_trabajo` int(11) NOT NULL,
  `descripcion` text NOT NULL,
  `fecha` datetime NOT NULL,
  `fecha_entrega` datetime NOT NULL,
  `fecha_entregada` datetime NOT NULL,
  `estado` varchar(2) NOT NULL,
  `id_trabajo` int(11) NOT NULL,
  `observacion` text NOT NULL,
  `numero_remito` int(11) DEFAULT NULL,
  `id_empresa` int(11) NOT NULL,
  PRIMARY KEY (`id_orden`),
  KEY `id_trabajo` (`id_trabajo`),
  KEY `id_proveedor` (`id_proveedor`)
) ENGINE=InnoDB DEFAULT CHARSET=latin1;
/*!40101 SET character_set_client = @saved_cs_client */;

--
-- Dumping data for table `orden_pedido`
--

LOCK TABLES `orden_pedido` WRITE;
/*!40000 ALTER TABLE `orden_pedido` DISABLE KEYS */;
/*!40000 ALTER TABLE `orden_pedido` ENABLE KEYS */;
UNLOCK TABLES;

--
-- Table structure for table `orden_servicio`
--

DROP TABLE IF EXISTS `orden_servicio`;
/*!40101 SET @saved_cs_client     = @@character_set_client */;
/*!40101 SET character_set_client = utf8 */;
CREATE TABLE `orden_servicio` (
  `id_orden` int(11) NOT NULL AUTO_INCREMENT,
  `lectura` double DEFAULT NULL,
  `fecha` date NOT NULL,
  `comprobante` varchar(255) CHARACTER SET latin1 NOT NULL,
  `id_equipo` int(11) NOT NULL,
  `id_contratista` int(11) NOT NULL,
  `id_solicitudreparacion` int(11) NOT NULL,
  `valesid` int(11) DEFAULT NULL,
  `estado` varchar(5) COLLATE utf8_spanish_ci DEFAULT NULL,
  `id_ordenherraminetas` int(11) DEFAULT NULL,
  `id_orden_insumo` int(11) DEFAULT NULL,
  `id_ot` int(11) DEFAULT NULL,
  `id_empresa` int(11) NOT NULL,
  `fechahorainicio` datetime NOT NULL,
  `fechahorafin` datetime NOT NULL,
  `horometroinicio` double NOT NULL,
  `horometrofin` double NOT NULL,
  PRIMARY KEY (`id_orden`),
  KEY `id_equipo` (`id_equipo`) USING BTREE,
  KEY `id_empresaservicio` (`id_contratista`) USING BTREE,
  KEY `id_solicitudreparacion` (`id_solicitudreparacion`) USING BTREE,
  KEY `id_orden_insumo` (`id_orden_insumo`) USING BTREE
) ENGINE=InnoDB AUTO_INCREMENT=38 DEFAULT CHARSET=utf8 COLLATE=utf8_spanish_ci;
/*!40101 SET character_set_client = @saved_cs_client */;

--
-- Dumping data for table `orden_servicio`
--

LOCK TABLES `orden_servicio` WRITE;
/*!40000 ALTER TABLE `orden_servicio` DISABLE KEYS */;
INSERT INTO `orden_servicio` VALUES (1,NULL,'2020-04-29','',19,0,1,0,'CE',NULL,NULL,1,6,'2020-04-21 12:18:17','2020-04-29 12:18:21',118,120),(2,NULL,'2020-05-07','',1,0,0,0,'C',NULL,NULL,3,6,'2020-04-30 22:17:18','2020-05-07 22:17:21',4000,5000),(3,NULL,'2020-06-29','',19,0,0,0,'CE',NULL,NULL,33,6,'2020-06-10 11:59:13','2020-06-29 11:59:15',120,200),(4,NULL,'2020-07-01','',19,0,0,0,'CE',NULL,NULL,31,6,'2020-07-01 19:38:29','2020-07-01 19:38:33',300,300),(5,NULL,'2020-07-01','',1,0,0,0,'C',NULL,NULL,30,6,'2020-07-01 19:40:30','2020-07-01 19:40:38',13001,13001),(6,NULL,'2020-07-01','',1,0,0,0,'C',NULL,NULL,34,6,'2020-07-01 19:58:25','2020-07-01 19:58:34',14000,14000),(7,NULL,'2020-08-31','',13,0,12,0,'CE',NULL,NULL,42,6,'2020-08-31 15:27:52','2020-08-31 15:27:54',3344,3444),(8,NULL,'2020-08-31','',1,0,13,0,'CE',NULL,NULL,43,6,'2020-09-01 18:54:37','2020-08-31 18:54:39',4566,6666),(9,NULL,'2020-09-01','',1,0,21,0,'CE',NULL,NULL,44,6,'2020-09-01 12:54:03','2020-09-01 12:54:11',7000,7010),(10,NULL,'2020-09-25','',13,0,0,1,'CE',NULL,NULL,201,6,'2020-09-25 14:11:59','2020-09-25 14:12:00',3443,3445),(11,NULL,'2020-09-25','',22,0,0,2,'CE',NULL,NULL,200,6,'2020-09-25 15:55:08','2020-09-25 15:55:12',1001,1003),(13,NULL,'2020-09-25','',10,0,0,4,'CE',NULL,NULL,199,6,'2020-09-25 16:09:52','2020-09-25 16:09:53',111,111),(15,NULL,'2020-09-28','',10,0,0,0,'CE',NULL,NULL,207,6,'2020-09-28 15:49:30','2020-09-28 15:49:32',112,114),(16,NULL,'2020-10-03','',17,0,0,5,'CE',NULL,NULL,208,6,'2020-10-03 03:47:58','2020-10-03 03:48:01',1810,1820),(17,NULL,'2020-10-03','',20,0,0,6,'CE',NULL,NULL,210,6,'2020-11-05 04:32:38','2020-10-03 04:32:40',1,2),(18,NULL,'2020-10-04','',12,0,0,7,'CE',NULL,NULL,211,6,'2020-10-04 23:52:02','2020-10-04 23:52:04',22,33),(19,NULL,'2020-10-05','',11,0,0,8,'CE',NULL,NULL,212,6,'2020-10-05 00:03:02','2020-10-05 00:03:03',551,553),(21,NULL,'2020-10-05','',22,0,0,10,'CE',NULL,NULL,213,6,'2020-10-05 00:20:06','2020-10-05 00:20:06',1004,1010),(22,NULL,'2020-10-07','',1,0,24,0,'CE',NULL,NULL,214,6,'2020-09-28 14:16:23','2020-10-07 14:16:25',7030,8000),(23,NULL,'2020-10-07','',1,0,6,0,'C',NULL,NULL,36,6,'2020-10-21 14:24:22','2020-10-14 14:24:24',3000,8001),(27,NULL,'2020-10-09','',1,0,0,0,'CE',NULL,NULL,204,6,'2020-10-08 15:00:19','2020-10-08 15:00:21',80001,80005),(29,NULL,'2020-10-09','',1,0,0,0,'CE',NULL,NULL,216,6,'2020-10-09 13:36:20','2020-10-08 13:36:22',80004,80006),(31,NULL,'2020-10-13','',16,0,0,0,'CE',NULL,NULL,209,6,'2020-10-09 15:23:22','2020-10-09 15:23:23',11000,11001),(32,NULL,'2020-10-13','',16,0,0,0,'CE',NULL,NULL,217,6,'2020-10-13 13:05:09','2020-10-13 13:05:11',11001,11003),(33,NULL,'2020-10-13','',16,0,0,0,'CE',NULL,NULL,218,6,'2020-10-13 13:16:38','2020-10-13 13:16:39',11003,11008),(34,NULL,'2020-10-13','',16,0,8,0,'C',NULL,NULL,38,6,'2020-09-29 21:08:44','2020-10-13 21:08:46',11200,12000),(35,NULL,'2020-12-01','',18,0,27,0,'CE',NULL,NULL,220,8,'2020-12-01 11:46:57','2020-12-01 11:47:05',23,23),(36,NULL,'2021-06-10','',1,0,0,0,'CE',NULL,NULL,237,6,'2021-06-10 11:20:53','2021-06-10 11:20:55',80006,80016),(37,NULL,'2021-06-11','',3,0,0,0,'C',NULL,NULL,238,6,'2021-06-09 10:41:45','2021-06-11 10:41:48',56,100);
/*!40000 ALTER TABLE `orden_servicio` ENABLE KEYS */;
UNLOCK TABLES;

--
-- Table structure for table `orden_trabajo`
--

DROP TABLE IF EXISTS `orden_trabajo`;
/*!40101 SET @saved_cs_client     = @@character_set_client */;
/*!40101 SET character_set_client = utf8 */;
CREATE TABLE `orden_trabajo` (
  `id_orden` int(11) NOT NULL AUTO_INCREMENT,
  `id_tarea` int(11) DEFAULT NULL,
  `nro` varchar(100) DEFAULT NULL,
  `fecha` date NOT NULL,
  `fecha_program` datetime NOT NULL,
  `fecha_inicio` datetime NOT NULL,
  `fecha_entrega` datetime NOT NULL,
  `fecha_terminada` datetime NOT NULL,
  `fecha_aviso` datetime NOT NULL,
  `fecha_entregada` datetime NOT NULL,
  `descripcion` text NOT NULL,
  `cliId` int(11) NOT NULL DEFAULT '1',
  `estado` varchar(2) NOT NULL,
  `id_usuario` int(11) NOT NULL DEFAULT '1',
  `id_usuario_a` int(11) DEFAULT NULL,
  `id_usuario_e` int(11) NOT NULL,
  `id_sucursal` int(11) NOT NULL DEFAULT '1',
  `id_proveedor` int(11) NOT NULL,
  `id_solicitud` int(11) NOT NULL,
  `tipo` varchar(2) NOT NULL,
  `id_equipo` int(11) NOT NULL,
  `duracion` double DEFAULT NULL,
  `id_tareapadre` int(11) DEFAULT NULL,
  `id_empresa` int(11) NOT NULL,
  `lectura_programada` double DEFAULT NULL,
  `lectura_ejecutada` double DEFAULT NULL,
  `case_id` int(11) DEFAULT NULL,
  `latitud` varchar(45) DEFAULT NULL,
  `longitud` varchar(45) DEFAULT NULL,
  `justificacion` varchar(100) DEFAULT NULL,
  PRIMARY KEY (`id_orden`),
  KEY `orden_trabajo_ibfk_1` (`cliId`) USING BTREE,
  KEY `id_usuario` (`id_usuario`) USING BTREE,
  KEY `id_usuariosolicitante` (`id_usuario_a`) USING BTREE,
  KEY `usuario_entrega` (`id_usuario_e`) USING BTREE,
  KEY `id_sucursal` (`id_sucursal`) USING BTREE
) ENGINE=InnoDB AUTO_INCREMENT=239 DEFAULT CHARSET=latin1;
/*!40101 SET character_set_client = @saved_cs_client */;

--
-- Dumping data for table `orden_trabajo`
--

LOCK TABLES `orden_trabajo` WRITE;
/*!40000 ALTER TABLE `orden_trabajo` DISABLE KEYS */;
INSERT INTO `orden_trabajo` VALUES (1,0,'1','2020-04-29','2020-04-29 00:00:00','2020-04-29 12:08:41','0000-00-00 00:00:00','2020-04-29 12:12:31','0000-00-00 00:00:00','0000-00-00 00:00:00','Solicitud urgente',1,'CE',2,1,1,1,0,1,'2',19,60,1,6,0,0,8101,'','',NULL),(2,-1,NULL,'0000-00-00','2020-04-29 00:00:00','2020-04-29 12:34:54','0000-00-00 00:00:00','2020-04-29 22:50:38','0000-00-00 00:00:00','0000-00-00 00:00:00','Ot cliente 1',1,'T',2,55,0,1,1,0,'1',1,NULL,NULL,6,NULL,NULL,8104,'','',NULL),(3,0,'1','2020-04-29','2020-04-30 00:00:00','2020-04-29 22:40:27','0000-00-00 00:00:00','2020-04-29 23:29:39','0000-00-00 00:00:00','0000-00-00 00:00:00','probando preventivo',1,'T',54,1,1,1,0,1,'3',1,30,1,6,0,0,8108,'','',NULL),(4,-1,NULL,'0000-00-00','2020-04-29 00:00:00','2020-04-29 23:02:59','0000-00-00 00:00:00','2020-04-29 23:03:01','0000-00-00 00:00:00','0000-00-00 00:00:00','OT',1,'T',1,1,0,1,1,0,'1',19,NULL,NULL,6,NULL,NULL,8111,'','',NULL),(5,0,'1','2020-04-29','2020-05-01 00:00:00','2020-04-29 23:09:48','0000-00-00 00:00:00','2020-04-29 23:09:52','0000-00-00 00:00:00','0000-00-00 00:00:00','s.s',1,'T',2,1,1,1,0,2,'2',3,60,2,6,0,0,8112,'','',NULL),(6,-1,NULL,'0000-00-00','2020-04-30 00:00:00','2020-04-30 15:50:30','0000-00-00 00:00:00','2020-04-30 15:50:38','0000-00-00 00:00:00','0000-00-00 00:00:00','tincho',1,'T',1,1,0,1,1,0,'1',19,NULL,NULL,6,NULL,NULL,8113,'','',NULL),(7,0,NULL,'0000-00-00','2020-05-06 00:00:00','0000-00-00 00:00:00','0000-00-00 00:00:00','0000-00-00 00:00:00','0000-00-00 00:00:00','0000-00-00 00:00:00','Prueba sergio',1,'AS',55,1,0,1,1,0,'1',19,NULL,NULL,6,NULL,NULL,8128,'','',NULL),(8,0,NULL,'0000-00-00','2020-05-06 00:00:00','0000-00-00 00:00:00','0000-00-00 00:00:00','0000-00-00 00:00:00','0000-00-00 00:00:00','0000-00-00 00:00:00','Ot bugs',1,'AS',2,1,0,1,1,0,'1',19,NULL,NULL,6,NULL,NULL,8129,'','',NULL),(9,0,'1','2020-05-06','2020-05-07 00:00:00','0000-00-00 00:00:00','0000-00-00 00:00:00','0000-00-00 00:00:00','0000-00-00 00:00:00','0000-00-00 00:00:00','Probando s.s 06/05',1,'AS',2,1,1,1,0,3,'2',19,60,3,6,0,0,8130,'','',NULL),(10,12,NULL,'0000-00-00','2020-05-06 00:00:00','0000-00-00 00:00:00','0000-00-00 00:00:00','0000-00-00 00:00:00','0000-00-00 00:00:00','0000-00-00 00:00:00','Compruebe el Estado de las Mordazas del Centralizador del Retenedor.',1,'AS',2,55,0,1,1,0,'1',14,NULL,NULL,6,NULL,NULL,8132,'','',NULL),(11,73,NULL,'0000-00-00','2020-05-06 00:00:00','0000-00-00 00:00:00','0000-00-00 00:00:00','0000-00-00 00:00:00','0000-00-00 00:00:00','0000-00-00 00:00:00','Cambiar Aceite de Mandos Finales (cada 1000 hs según horometro utilizar aceite SAE 50).',1,'AS',2,1,0,1,1,0,'1',14,NULL,NULL,6,NULL,NULL,8134,'','',NULL),(12,19,NULL,'0000-00-00','2020-05-06 00:00:00','0000-00-00 00:00:00','0000-00-00 00:00:00','0000-00-00 00:00:00','0000-00-00 00:00:00','0000-00-00 00:00:00','Apriete los Tornillos de los Pasadores de Expansión de los Cilindros.',1,'AS',2,1,0,1,1,0,'1',19,NULL,NULL,6,NULL,NULL,8136,'','',NULL),(13,99,NULL,'0000-00-00','2020-05-06 00:00:00','0000-00-00 00:00:00','0000-00-00 00:00:00','0000-00-00 00:00:00','0000-00-00 00:00:00','0000-00-00 00:00:00','Cambie el Filtro de Admisión de Aire (ITEM. 51549).',1,'AS',2,1,0,1,1,0,'1',12,NULL,NULL,6,NULL,NULL,8138,'','',NULL),(14,15,NULL,'0000-00-00','2020-05-06 00:00:00','0000-00-00 00:00:00','0000-00-00 00:00:00','0000-00-00 00:00:00','0000-00-00 00:00:00','0000-00-00 00:00:00','Cambie los Filtros del Motor',1,'AS',2,1,0,1,1,0,'1',14,NULL,NULL,6,NULL,NULL,8140,'','',NULL),(15,15,NULL,'0000-00-00','2020-05-06 00:00:00','0000-00-00 00:00:00','0000-00-00 00:00:00','0000-00-00 00:00:00','0000-00-00 00:00:00','0000-00-00 00:00:00','Cambie los Filtros del Motor',1,'AS',2,55,0,1,1,0,'1',12,NULL,NULL,6,NULL,NULL,8142,'','',NULL),(16,95,NULL,'0000-00-00','2020-05-06 00:00:00','0000-00-00 00:00:00','0000-00-00 00:00:00','0000-00-00 00:00:00','0000-00-00 00:00:00','0000-00-00 00:00:00','Lubricar Movimiento (utilizar grasa EP 62).',1,'AS',2,55,0,1,1,0,'1',14,NULL,NULL,6,NULL,NULL,8144,'','',NULL),(17,19,NULL,'0000-00-00','2020-05-07 00:00:00','0000-00-00 00:00:00','0000-00-00 00:00:00','0000-00-00 00:00:00','0000-00-00 00:00:00','0000-00-00 00:00:00','Apriete los Tornillos de los Pasadores de Expansión de los Cilindros.',1,'PL',2,NULL,0,1,1,0,'1',1,NULL,NULL,6,NULL,NULL,8146,'','',NULL),(18,46,NULL,'0000-00-00','2020-05-07 00:00:00','0000-00-00 00:00:00','0000-00-00 00:00:00','0000-00-00 00:00:00','0000-00-00 00:00:00','0000-00-00 00:00:00','Cambiar Aceite de Motor (cada 250 hs según horometro, utilizar aceite 15W40).',1,'AS',2,1,0,1,1,0,'1',11,NULL,NULL,6,NULL,NULL,8147,'','',NULL),(19,100,NULL,'0000-00-00','2020-05-07 00:00:00','0000-00-00 00:00:00','0000-00-00 00:00:00','0000-00-00 00:00:00','0000-00-00 00:00:00','0000-00-00 00:00:00','Cambie el Cartucho de Filtro de Aire.',1,'AS',2,55,0,1,1,0,'1',14,NULL,NULL,6,NULL,NULL,8149,'','',NULL),(20,88,NULL,'0000-00-00','2020-05-07 00:00:00','0000-00-00 00:00:00','0000-00-00 00:00:00','0000-00-00 00:00:00','0000-00-00 00:00:00','0000-00-00 00:00:00','Cambiar Filtro Separador de Agua del Sistema de Combustible.',1,'AS',2,1,0,1,1,0,'1',1,NULL,NULL,6,NULL,NULL,8151,'','',NULL),(21,0,NULL,'0000-00-00','2020-05-07 00:00:00','0000-00-00 00:00:00','0000-00-00 00:00:00','0000-00-00 00:00:00','0000-00-00 00:00:00','0000-00-00 00:00:00','eli-001',1,'AS',54,55,0,1,1,0,'1',19,NULL,NULL,6,NULL,NULL,8153,'','',NULL),(22,0,'1','2020-05-07','2020-05-08 00:00:00','0000-00-00 00:00:00','0000-00-00 00:00:00','0000-00-00 00:00:00','0000-00-00 00:00:00','0000-00-00 00:00:00','sin fallas',1,'AS',2,1,1,1,0,4,'2',22,60,4,6,0,0,8156,'','',NULL),(23,4,NULL,'0000-00-00','2020-05-07 00:00:00','0000-00-00 00:00:00','0000-00-00 00:00:00','0000-00-00 00:00:00','0000-00-00 00:00:00','0000-00-00 00:00:00','Revise la Bomba de Agua',1,'AS',1,55,0,1,1,0,'1',22,NULL,NULL,6,NULL,NULL,8159,'','',NULL),(26,0,NULL,'0000-00-00','2020-05-22 00:00:00','0000-00-00 00:00:00','0000-00-00 00:00:00','0000-00-00 00:00:00','0000-00-00 00:00:00','0000-00-00 00:00:00','Nueva ot cliente 1',1,'PL',1,NULL,0,1,1,0,'1',10,NULL,NULL,6,NULL,NULL,10001,NULL,NULL,NULL),(27,0,'1','2020-05-26','2020-05-26 00:00:00','0000-00-00 00:00:00','0000-00-00 00:00:00','0000-00-00 00:00:00','0000-00-00 00:00:00','0000-00-00 00:00:00','prueba con mati',1,'AS',2,2,1,1,0,5,'2',10,60,5,6,0,0,10006,'','',NULL),(28,46,'1','2020-06-26','2020-06-26 10:00:00','2020-11-13 18:14:11','0000-00-00 00:00:00','0000-00-00 00:00:00','0000-00-00 00:00:00','0000-00-00 00:00:00','Cambiar Aceite de Motor (cada 250 hs según horometro, utilizar aceite 15W40).',1,'C',2,53,1,1,0,2,'3',1,120,2,6,0,9260,10081,'-00000','-00000',NULL),(29,73,'1','2020-06-26','2020-06-27 00:00:00','0000-00-00 00:00:00','0000-00-00 00:00:00','0000-00-00 00:00:00','0000-00-00 00:00:00','0000-00-00 00:00:00','Cambiar Aceite de Mandos Finales (cada 1000 hs según horometro utilizar aceite SAE 50).',1,'AS',3,53,1,1,0,3,'3',1,120,3,6,0,9950,10082,'','',NULL),(30,38,'1','2020-06-26','2020-06-28 10:00:00','2020-06-26 19:45:12','0000-00-00 00:00:00','2020-07-01 19:37:17','0000-00-00 00:00:00','0000-00-00 00:00:00','Cambiar Aceite Hidráulico (cada 500hs segun horometro, utilizar aceite hidráulico 68).. ',1,'T',2,1,1,1,0,4,'3',1,120,4,6,0,13000,10083,'','','probando comentarios'),(31,0,NULL,'0000-00-00','2020-06-29 00:00:00','2020-06-29 11:10:16','0000-00-00 00:00:00','2020-06-29 11:53:38','0000-00-00 00:00:00','0000-00-00 00:00:00','probando cierre',1,'CE',2,1,0,1,1,0,'1',19,NULL,NULL,6,NULL,NULL,10084,'','',NULL),(32,0,NULL,'0000-00-00','2020-06-29 00:00:00','2020-06-29 11:30:40','0000-00-00 00:00:00','0000-00-00 00:00:00','0000-00-00 00:00:00','0000-00-00 00:00:00','sin tarea estandar',1,'C',2,55,0,1,1,0,'1',19,NULL,NULL,6,NULL,NULL,10085,'','',NULL),(33,0,NULL,'0000-00-00','2020-06-29 00:00:00','2020-06-29 11:58:02','0000-00-00 00:00:00','2020-06-29 11:58:04','0000-00-00 00:00:00','0000-00-00 00:00:00','probando bug',1,'CN',2,1,0,1,1,0,'1',19,NULL,NULL,6,NULL,NULL,10087,'','',NULL),(34,38,'1','2020-07-01','2020-07-01 12:00:00','2020-07-01 19:57:59','0000-00-00 00:00:00','2020-07-01 19:58:02','0000-00-00 00:00:00','0000-00-00 00:00:00','Cambiar Aceite Hidráulico (cada 500hs segun horometro, utilizar aceite hidráulico 68).. ',1,'T',1,1,1,1,0,4,'3',1,120,4,6,0,13500,10088,'','',NULL),(35,19,NULL,'0000-00-00','2020-08-07 00:00:00','0000-00-00 00:00:00','0000-00-00 00:00:00','0000-00-00 00:00:00','0000-00-00 00:00:00','0000-00-00 00:00:00','Apriete los Tornillos de los Pasadores de Expansión de los Cilindros.',1,'PL',2,NULL,0,1,1,0,'1',1,NULL,NULL,6,NULL,NULL,10139,NULL,NULL,NULL),(36,2,'1','2020-08-07','2020-08-07 18:20:00','2020-09-24 16:49:39','0000-00-00 00:00:00','2020-09-24 16:49:45','0000-00-00 00:00:00','0000-00-00 00:00:00','Limpie las Mangueras y las Conexiones del Radiador.',1,'T',2,1,1,1,0,6,'2',1,60,6,6,0,0,10140,'','',NULL),(37,243,'1','2020-08-10','2020-08-10 15:59:00','0000-00-00 00:00:00','0000-00-00 00:00:00','0000-00-00 00:00:00','0000-00-00 00:00:00','0000-00-00 00:00:00','Tarea eli',1,'AS',2,53,1,1,0,7,'2',15,60,7,6,0,0,10142,'','',NULL),(38,4,'1','2020-08-10','2020-08-10 19:06:00','2020-10-13 21:04:20','0000-00-00 00:00:00','2020-10-13 21:05:09','0000-00-00 00:00:00','0000-00-00 00:00:00','Revise la Bomba de Agua',1,'T',2,55,1,1,0,8,'2',16,60,8,6,0,0,10148,'-00000','-00000',NULL),(39,3,'1','2020-08-10','2020-08-10 16:18:00','0000-00-00 00:00:00','0000-00-00 00:00:00','0000-00-00 00:00:00','0000-00-00 00:00:00','0000-00-00 00:00:00','Cambie Liquido de Refrigerante de Motor (Revise la Mezcla Anticongelante antes de la Epoca Invernal).',1,'AS',2,53,1,1,0,9,'2',1,60,9,6,0,0,10149,'','',NULL),(40,1,'1','2020-08-10','2020-08-10 16:24:00','0000-00-00 00:00:00','0000-00-00 00:00:00','0000-00-00 00:00:00','0000-00-00 00:00:00','0000-00-00 00:00:00','Limpie el Cuerpo Del Radiador (Utilice Aire Comprimido.)',1,'AS',2,53,1,1,0,10,'2',1,60,10,6,0,0,10151,'','',NULL),(41,2,'1','2020-08-11','2020-08-11 14:15:00','0000-00-00 00:00:00','0000-00-00 00:00:00','0000-00-00 00:00:00','0000-00-00 00:00:00','0000-00-00 00:00:00','Limpie las Mangueras y las Conexiones del Radiador.',1,'AS',2,53,1,1,0,11,'2',1,60,11,6,0,0,10163,'','',NULL),(42,1,'1','2020-08-31','2020-08-31 15:24:00','2020-08-31 15:27:01','0000-00-00 00:00:00','2020-08-31 15:27:03','0000-00-00 00:00:00','0000-00-00 00:00:00','Limpie el Cuerpo Del Radiador (Utilice Aire Comprimido.)',1,'CN',2,1,1,1,0,12,'2',13,60,12,6,0,0,10170,'','',NULL),(43,1,'1','2020-08-31','2020-09-01 07:52:00','2020-08-31 18:53:50','0000-00-00 00:00:00','2020-08-31 18:54:03','0000-00-00 00:00:00','0000-00-00 00:00:00','Limpie el Cuerpo Del Radiador (Utilice Aire Comprimido.)',1,'CN',2,1,1,1,0,13,'2',1,60,13,6,0,0,10172,'','',NULL),(44,0,'1','2020-09-01','2020-09-02 10:00:00','2020-09-01 12:46:26','0000-00-00 00:00:00','2020-09-01 12:46:53','0000-00-00 00:00:00','0000-00-00 00:00:00','prueba1',1,'CN',2,1,1,1,0,21,'2',1,60,21,6,0,0,10175,'','',NULL),(45,19,'1','2020-09-01','2020-09-01 10:00:00','2020-09-01 13:09:32','0000-00-00 00:00:00','2020-09-01 13:09:50','0000-00-00 00:00:00','0000-00-00 00:00:00','Apriete los Tornillos de los Pasadores de Expansión de los Cilindros.',1,'T',3,1,1,1,0,5,'3',1,5,5,6,0,0,10178,'','',NULL),(46,19,'1','2020-09-01','2020-09-02 10:00:00','0000-00-00 00:00:00','0000-00-00 00:00:00','0000-00-00 00:00:00','0000-00-00 00:00:00','0000-00-00 00:00:00','Apriete los Tornillos de los Pasadores de Expansión de los Cilindros.',1,'PL',3,NULL,1,1,0,5,'3',1,5,5,6,0,0,10179,NULL,NULL,NULL),(47,19,'1','2020-09-01','2020-09-03 10:00:00','0000-00-00 00:00:00','0000-00-00 00:00:00','0000-00-00 00:00:00','0000-00-00 00:00:00','0000-00-00 00:00:00','Apriete los Tornillos de los Pasadores de Expansión de los Cilindros.',1,'PL',3,NULL,1,1,0,5,'3',1,5,5,6,0,0,10180,NULL,NULL,NULL),(48,19,'1','2020-09-01','2020-09-04 10:00:00','0000-00-00 00:00:00','0000-00-00 00:00:00','0000-00-00 00:00:00','0000-00-00 00:00:00','0000-00-00 00:00:00','Apriete los Tornillos de los Pasadores de Expansión de los Cilindros.',1,'PL',3,NULL,1,1,0,5,'3',1,5,5,6,0,0,10181,NULL,NULL,NULL),(49,19,'1','2020-09-01','2020-09-05 10:00:00','0000-00-00 00:00:00','0000-00-00 00:00:00','0000-00-00 00:00:00','0000-00-00 00:00:00','0000-00-00 00:00:00','Apriete los Tornillos de los Pasadores de Expansión de los Cilindros.',1,'PL',3,NULL,1,1,0,5,'3',1,5,5,6,0,0,10182,NULL,NULL,NULL),(50,19,'1','2020-09-01','2020-09-06 10:00:00','0000-00-00 00:00:00','0000-00-00 00:00:00','0000-00-00 00:00:00','0000-00-00 00:00:00','0000-00-00 00:00:00','Apriete los Tornillos de los Pasadores de Expansión de los Cilindros.',1,'PL',3,NULL,1,1,0,5,'3',1,5,5,6,0,0,10183,NULL,NULL,NULL),(51,19,'1','2020-09-01','2020-09-07 10:00:00','0000-00-00 00:00:00','0000-00-00 00:00:00','0000-00-00 00:00:00','0000-00-00 00:00:00','0000-00-00 00:00:00','Apriete los Tornillos de los Pasadores de Expansión de los Cilindros.',1,'PL',3,NULL,1,1,0,5,'3',1,5,5,6,0,0,10184,NULL,NULL,NULL),(52,19,'1','2020-09-01','2020-09-08 10:00:00','0000-00-00 00:00:00','0000-00-00 00:00:00','0000-00-00 00:00:00','0000-00-00 00:00:00','0000-00-00 00:00:00','Apriete los Tornillos de los Pasadores de Expansión de los Cilindros.',1,'PL',3,NULL,1,1,0,5,'3',1,5,5,6,0,0,10185,NULL,NULL,NULL),(53,19,'1','2020-09-01','2020-09-09 10:00:00','0000-00-00 00:00:00','0000-00-00 00:00:00','0000-00-00 00:00:00','0000-00-00 00:00:00','0000-00-00 00:00:00','Apriete los Tornillos de los Pasadores de Expansión de los Cilindros.',1,'PL',3,NULL,1,1,0,5,'3',1,5,5,6,0,0,10186,NULL,NULL,NULL),(54,19,'1','2020-09-01','2020-09-10 10:00:00','0000-00-00 00:00:00','0000-00-00 00:00:00','0000-00-00 00:00:00','0000-00-00 00:00:00','0000-00-00 00:00:00','Apriete los Tornillos de los Pasadores de Expansión de los Cilindros.',1,'PL',3,NULL,1,1,0,5,'3',1,5,5,6,0,0,10187,NULL,NULL,NULL),(55,19,'1','2020-09-01','2020-09-11 10:00:00','0000-00-00 00:00:00','0000-00-00 00:00:00','0000-00-00 00:00:00','0000-00-00 00:00:00','0000-00-00 00:00:00','Apriete los Tornillos de los Pasadores de Expansión de los Cilindros.',1,'PL',3,NULL,1,1,0,5,'3',1,5,5,6,0,0,10188,NULL,NULL,NULL),(56,19,'1','2020-09-01','2020-09-12 10:00:00','0000-00-00 00:00:00','0000-00-00 00:00:00','0000-00-00 00:00:00','0000-00-00 00:00:00','0000-00-00 00:00:00','Apriete los Tornillos de los Pasadores de Expansión de los Cilindros.',1,'PL',3,NULL,1,1,0,5,'3',1,5,5,6,0,0,10189,NULL,NULL,NULL),(57,19,'1','2020-09-01','2020-09-13 10:00:00','0000-00-00 00:00:00','0000-00-00 00:00:00','0000-00-00 00:00:00','0000-00-00 00:00:00','0000-00-00 00:00:00','Apriete los Tornillos de los Pasadores de Expansión de los Cilindros.',1,'PL',3,NULL,1,1,0,5,'3',1,5,5,6,0,0,10190,NULL,NULL,NULL),(58,19,'1','2020-09-01','2020-09-14 10:00:00','0000-00-00 00:00:00','0000-00-00 00:00:00','0000-00-00 00:00:00','0000-00-00 00:00:00','0000-00-00 00:00:00','Apriete los Tornillos de los Pasadores de Expansión de los Cilindros.',1,'PL',3,NULL,1,1,0,5,'3',1,5,5,6,0,0,10191,NULL,NULL,NULL),(59,19,'1','2020-09-01','2020-09-15 10:00:00','0000-00-00 00:00:00','0000-00-00 00:00:00','0000-00-00 00:00:00','0000-00-00 00:00:00','0000-00-00 00:00:00','Apriete los Tornillos de los Pasadores de Expansión de los Cilindros.',1,'PL',3,NULL,1,1,0,5,'3',1,5,5,6,0,0,10192,NULL,NULL,NULL),(60,19,'1','2020-09-01','2020-09-16 10:00:00','0000-00-00 00:00:00','0000-00-00 00:00:00','0000-00-00 00:00:00','0000-00-00 00:00:00','0000-00-00 00:00:00','Apriete los Tornillos de los Pasadores de Expansión de los Cilindros.',1,'PL',3,NULL,1,1,0,5,'3',1,5,5,6,0,0,10193,NULL,NULL,NULL),(61,19,'1','2020-09-01','2020-09-17 10:00:00','0000-00-00 00:00:00','0000-00-00 00:00:00','0000-00-00 00:00:00','0000-00-00 00:00:00','0000-00-00 00:00:00','Apriete los Tornillos de los Pasadores de Expansión de los Cilindros.',1,'PL',3,NULL,1,1,0,5,'3',1,5,5,6,0,0,10194,NULL,NULL,NULL),(62,19,'1','2020-09-01','2020-09-18 10:00:00','0000-00-00 00:00:00','0000-00-00 00:00:00','0000-00-00 00:00:00','0000-00-00 00:00:00','0000-00-00 00:00:00','Apriete los Tornillos de los Pasadores de Expansión de los Cilindros.',1,'PL',3,NULL,1,1,0,5,'3',1,5,5,6,0,0,10195,NULL,NULL,NULL),(63,19,'1','2020-09-01','2020-09-19 10:00:00','0000-00-00 00:00:00','0000-00-00 00:00:00','0000-00-00 00:00:00','0000-00-00 00:00:00','0000-00-00 00:00:00','Apriete los Tornillos de los Pasadores de Expansión de los Cilindros.',1,'PL',3,NULL,1,1,0,5,'3',1,5,5,6,0,0,10196,NULL,NULL,NULL),(64,19,'1','2020-09-01','2020-09-20 10:00:00','0000-00-00 00:00:00','0000-00-00 00:00:00','0000-00-00 00:00:00','0000-00-00 00:00:00','0000-00-00 00:00:00','Apriete los Tornillos de los Pasadores de Expansión de los Cilindros.',1,'PL',3,NULL,1,1,0,5,'3',1,5,5,6,0,0,10197,NULL,NULL,NULL),(65,19,'1','2020-09-01','2020-09-21 10:00:00','0000-00-00 00:00:00','0000-00-00 00:00:00','0000-00-00 00:00:00','0000-00-00 00:00:00','0000-00-00 00:00:00','Apriete los Tornillos de los Pasadores de Expansión de los Cilindros.',1,'PL',3,NULL,1,1,0,5,'3',1,5,5,6,0,0,10198,NULL,NULL,NULL),(66,19,'1','2020-09-01','2020-09-22 10:00:00','0000-00-00 00:00:00','0000-00-00 00:00:00','0000-00-00 00:00:00','0000-00-00 00:00:00','0000-00-00 00:00:00','Apriete los Tornillos de los Pasadores de Expansión de los Cilindros.',1,'PL',3,NULL,1,1,0,5,'3',1,5,5,6,0,0,10199,NULL,NULL,NULL),(67,19,'1','2020-09-01','2020-09-23 10:00:00','0000-00-00 00:00:00','0000-00-00 00:00:00','0000-00-00 00:00:00','0000-00-00 00:00:00','0000-00-00 00:00:00','Apriete los Tornillos de los Pasadores de Expansión de los Cilindros.',1,'PL',3,NULL,1,1,0,5,'3',1,5,5,6,0,0,10200,NULL,NULL,NULL),(68,19,'1','2020-09-01','2020-09-24 10:00:00','0000-00-00 00:00:00','0000-00-00 00:00:00','0000-00-00 00:00:00','0000-00-00 00:00:00','0000-00-00 00:00:00','Apriete los Tornillos de los Pasadores de Expansión de los Cilindros.',1,'PL',3,NULL,1,1,0,5,'3',1,5,5,6,0,0,10201,NULL,NULL,NULL),(69,19,'1','2020-09-01','2020-09-25 10:00:00','0000-00-00 00:00:00','0000-00-00 00:00:00','0000-00-00 00:00:00','0000-00-00 00:00:00','0000-00-00 00:00:00','Apriete los Tornillos de los Pasadores de Expansión de los Cilindros.',1,'PL',3,NULL,1,1,0,5,'3',1,5,5,6,0,0,10202,NULL,NULL,NULL),(70,19,'1','2020-09-01','2020-09-26 10:00:00','0000-00-00 00:00:00','0000-00-00 00:00:00','0000-00-00 00:00:00','0000-00-00 00:00:00','0000-00-00 00:00:00','Apriete los Tornillos de los Pasadores de Expansión de los Cilindros.',1,'PL',3,NULL,1,1,0,5,'3',1,5,5,6,0,0,10203,NULL,NULL,NULL),(71,19,'1','2020-09-01','2020-09-27 10:00:00','0000-00-00 00:00:00','0000-00-00 00:00:00','0000-00-00 00:00:00','0000-00-00 00:00:00','0000-00-00 00:00:00','Apriete los Tornillos de los Pasadores de Expansión de los Cilindros.',1,'PL',3,NULL,1,1,0,5,'3',1,5,5,6,0,0,10204,NULL,NULL,NULL),(72,19,'1','2020-09-01','2020-09-28 10:00:00','0000-00-00 00:00:00','0000-00-00 00:00:00','0000-00-00 00:00:00','0000-00-00 00:00:00','0000-00-00 00:00:00','Apriete los Tornillos de los Pasadores de Expansión de los Cilindros.',1,'PL',3,NULL,1,1,0,5,'3',1,5,5,6,0,0,10205,NULL,NULL,NULL),(73,19,'1','2020-09-01','2020-09-29 10:00:00','0000-00-00 00:00:00','0000-00-00 00:00:00','0000-00-00 00:00:00','0000-00-00 00:00:00','0000-00-00 00:00:00','Apriete los Tornillos de los Pasadores de Expansión de los Cilindros.',1,'PL',3,NULL,1,1,0,5,'3',1,5,5,6,0,0,10206,NULL,NULL,NULL),(74,19,'1','2020-09-01','2020-09-30 10:00:00','0000-00-00 00:00:00','0000-00-00 00:00:00','0000-00-00 00:00:00','0000-00-00 00:00:00','0000-00-00 00:00:00','Apriete los Tornillos de los Pasadores de Expansión de los Cilindros.',1,'PL',3,NULL,1,1,0,5,'3',1,5,5,6,0,0,10207,NULL,NULL,NULL),(75,19,'1','2020-09-01','2020-10-01 10:00:00','0000-00-00 00:00:00','0000-00-00 00:00:00','0000-00-00 00:00:00','0000-00-00 00:00:00','0000-00-00 00:00:00','Apriete los Tornillos de los Pasadores de Expansión de los Cilindros.',1,'PL',3,NULL,1,1,0,5,'3',1,5,5,6,0,0,10208,NULL,NULL,NULL),(76,19,'1','2020-09-01','2020-10-02 10:00:00','0000-00-00 00:00:00','0000-00-00 00:00:00','0000-00-00 00:00:00','0000-00-00 00:00:00','0000-00-00 00:00:00','Apriete los Tornillos de los Pasadores de Expansión de los Cilindros.',1,'PL',3,NULL,1,1,0,5,'3',1,5,5,6,0,0,10209,NULL,NULL,NULL),(77,19,'1','2020-09-01','2020-10-03 10:00:00','0000-00-00 00:00:00','0000-00-00 00:00:00','0000-00-00 00:00:00','0000-00-00 00:00:00','0000-00-00 00:00:00','Apriete los Tornillos de los Pasadores de Expansión de los Cilindros.',1,'PL',3,NULL,1,1,0,5,'3',1,5,5,6,0,0,10210,NULL,NULL,NULL),(78,19,'1','2020-09-01','2020-10-04 10:00:00','0000-00-00 00:00:00','0000-00-00 00:00:00','0000-00-00 00:00:00','0000-00-00 00:00:00','0000-00-00 00:00:00','Apriete los Tornillos de los Pasadores de Expansión de los Cilindros.',1,'PL',3,NULL,1,1,0,5,'3',1,5,5,6,0,0,10211,NULL,NULL,NULL),(79,19,'1','2020-09-01','2020-10-05 10:00:00','0000-00-00 00:00:00','0000-00-00 00:00:00','0000-00-00 00:00:00','0000-00-00 00:00:00','0000-00-00 00:00:00','Apriete los Tornillos de los Pasadores de Expansión de los Cilindros.',1,'PL',3,NULL,1,1,0,5,'3',1,5,5,6,0,0,10212,NULL,NULL,NULL),(80,19,'1','2020-09-01','2020-10-06 10:00:00','0000-00-00 00:00:00','0000-00-00 00:00:00','0000-00-00 00:00:00','0000-00-00 00:00:00','0000-00-00 00:00:00','Apriete los Tornillos de los Pasadores de Expansión de los Cilindros.',1,'PL',3,NULL,1,1,0,5,'3',1,5,5,6,0,0,10213,NULL,NULL,NULL),(81,19,'1','2020-09-01','2020-10-07 10:00:00','0000-00-00 00:00:00','0000-00-00 00:00:00','0000-00-00 00:00:00','0000-00-00 00:00:00','0000-00-00 00:00:00','Apriete los Tornillos de los Pasadores de Expansión de los Cilindros.',1,'PL',3,NULL,1,1,0,5,'3',1,5,5,6,0,0,10214,NULL,NULL,NULL),(82,19,'1','2020-09-01','2020-10-08 10:00:00','0000-00-00 00:00:00','0000-00-00 00:00:00','0000-00-00 00:00:00','0000-00-00 00:00:00','0000-00-00 00:00:00','Apriete los Tornillos de los Pasadores de Expansión de los Cilindros.',1,'PL',3,NULL,1,1,0,5,'3',1,5,5,6,0,0,10215,NULL,NULL,NULL),(83,19,'1','2020-09-01','2020-10-09 10:00:00','0000-00-00 00:00:00','0000-00-00 00:00:00','0000-00-00 00:00:00','0000-00-00 00:00:00','0000-00-00 00:00:00','Apriete los Tornillos de los Pasadores de Expansión de los Cilindros.',1,'PL',3,NULL,1,1,0,5,'3',1,5,5,6,0,0,10216,NULL,NULL,NULL),(84,19,'1','2020-09-01','2020-10-10 10:00:00','0000-00-00 00:00:00','0000-00-00 00:00:00','0000-00-00 00:00:00','0000-00-00 00:00:00','0000-00-00 00:00:00','Apriete los Tornillos de los Pasadores de Expansión de los Cilindros.',1,'PL',3,NULL,1,1,0,5,'3',1,5,5,6,0,0,10217,NULL,NULL,NULL),(85,19,'1','2020-09-01','2020-10-11 10:00:00','0000-00-00 00:00:00','0000-00-00 00:00:00','0000-00-00 00:00:00','0000-00-00 00:00:00','0000-00-00 00:00:00','Apriete los Tornillos de los Pasadores de Expansión de los Cilindros.',1,'PL',3,NULL,1,1,0,5,'3',1,5,5,6,0,0,10218,NULL,NULL,NULL),(86,19,'1','2020-09-01','2020-10-12 10:00:00','0000-00-00 00:00:00','0000-00-00 00:00:00','0000-00-00 00:00:00','0000-00-00 00:00:00','0000-00-00 00:00:00','Apriete los Tornillos de los Pasadores de Expansión de los Cilindros.',1,'PL',3,NULL,1,1,0,5,'3',1,5,5,6,0,0,10219,NULL,NULL,NULL),(87,19,'1','2020-09-01','2020-10-13 10:00:00','2020-12-23 09:17:32','0000-00-00 00:00:00','0000-00-00 00:00:00','0000-00-00 00:00:00','0000-00-00 00:00:00','Apriete los Tornillos de los Pasadores de Expansión de los Cilindros.',1,'C',3,1,1,1,0,5,'3',1,5,5,6,0,0,10220,'-00000','-00000',NULL),(88,19,'1','2020-09-01','2020-10-14 10:00:00','0000-00-00 00:00:00','0000-00-00 00:00:00','0000-00-00 00:00:00','0000-00-00 00:00:00','0000-00-00 00:00:00','Apriete los Tornillos de los Pasadores de Expansión de los Cilindros.',1,'PL',3,NULL,1,1,0,5,'3',1,5,5,6,0,0,10221,NULL,NULL,NULL),(89,19,'1','2020-09-01','2020-10-15 10:00:00','0000-00-00 00:00:00','0000-00-00 00:00:00','0000-00-00 00:00:00','0000-00-00 00:00:00','0000-00-00 00:00:00','Apriete los Tornillos de los Pasadores de Expansión de los Cilindros.',1,'PL',3,NULL,1,1,0,5,'3',1,5,5,6,0,0,10222,NULL,NULL,NULL),(90,19,'1','2020-09-01','2020-10-16 10:00:00','0000-00-00 00:00:00','0000-00-00 00:00:00','0000-00-00 00:00:00','0000-00-00 00:00:00','0000-00-00 00:00:00','Apriete los Tornillos de los Pasadores de Expansión de los Cilindros.',1,'PL',3,NULL,1,1,0,5,'3',1,5,5,6,0,0,10223,NULL,NULL,NULL),(91,19,'1','2020-09-01','2020-10-17 10:00:00','0000-00-00 00:00:00','0000-00-00 00:00:00','0000-00-00 00:00:00','0000-00-00 00:00:00','0000-00-00 00:00:00','Apriete los Tornillos de los Pasadores de Expansión de los Cilindros.',1,'PL',3,NULL,1,1,0,5,'3',1,5,5,6,0,0,10224,NULL,NULL,NULL),(92,19,'1','2020-09-01','2020-10-18 10:00:00','0000-00-00 00:00:00','0000-00-00 00:00:00','0000-00-00 00:00:00','0000-00-00 00:00:00','0000-00-00 00:00:00','Apriete los Tornillos de los Pasadores de Expansión de los Cilindros.',1,'PL',3,NULL,1,1,0,5,'3',1,5,5,6,0,0,10225,NULL,NULL,NULL),(93,19,'1','2020-09-01','2020-10-19 10:00:00','0000-00-00 00:00:00','0000-00-00 00:00:00','0000-00-00 00:00:00','0000-00-00 00:00:00','0000-00-00 00:00:00','Apriete los Tornillos de los Pasadores de Expansión de los Cilindros.',1,'PL',3,NULL,1,1,0,5,'3',1,5,5,6,0,0,10226,NULL,NULL,NULL),(94,19,'1','2020-09-01','2020-10-20 10:00:00','0000-00-00 00:00:00','0000-00-00 00:00:00','0000-00-00 00:00:00','0000-00-00 00:00:00','0000-00-00 00:00:00','Apriete los Tornillos de los Pasadores de Expansión de los Cilindros.',1,'PL',3,NULL,1,1,0,5,'3',1,5,5,6,0,0,10227,NULL,NULL,NULL),(95,19,'1','2020-09-01','2020-10-21 10:00:00','0000-00-00 00:00:00','0000-00-00 00:00:00','0000-00-00 00:00:00','0000-00-00 00:00:00','0000-00-00 00:00:00','Apriete los Tornillos de los Pasadores de Expansión de los Cilindros.',1,'PL',3,NULL,1,1,0,5,'3',1,5,5,6,0,0,10228,NULL,NULL,NULL),(96,19,'1','2020-09-01','2020-10-22 10:00:00','0000-00-00 00:00:00','0000-00-00 00:00:00','0000-00-00 00:00:00','0000-00-00 00:00:00','0000-00-00 00:00:00','Apriete los Tornillos de los Pasadores de Expansión de los Cilindros.',1,'PL',3,NULL,1,1,0,5,'3',1,5,5,6,0,0,10229,NULL,NULL,NULL),(97,19,'1','2020-09-01','2020-10-23 10:00:00','0000-00-00 00:00:00','0000-00-00 00:00:00','0000-00-00 00:00:00','0000-00-00 00:00:00','0000-00-00 00:00:00','Apriete los Tornillos de los Pasadores de Expansión de los Cilindros.',1,'PL',3,NULL,1,1,0,5,'3',1,5,5,6,0,0,10230,NULL,NULL,NULL),(98,19,'1','2020-09-01','2020-10-24 10:00:00','0000-00-00 00:00:00','0000-00-00 00:00:00','0000-00-00 00:00:00','0000-00-00 00:00:00','0000-00-00 00:00:00','Apriete los Tornillos de los Pasadores de Expansión de los Cilindros.',1,'PL',3,NULL,1,1,0,5,'3',1,5,5,6,0,0,10231,NULL,NULL,NULL),(99,19,'1','2020-09-01','2020-10-25 10:00:00','0000-00-00 00:00:00','0000-00-00 00:00:00','0000-00-00 00:00:00','0000-00-00 00:00:00','0000-00-00 00:00:00','Apriete los Tornillos de los Pasadores de Expansión de los Cilindros.',1,'PL',3,NULL,1,1,0,5,'3',1,5,5,6,0,0,10232,NULL,NULL,NULL),(100,19,'1','2020-09-01','2020-10-26 10:00:00','0000-00-00 00:00:00','0000-00-00 00:00:00','0000-00-00 00:00:00','0000-00-00 00:00:00','0000-00-00 00:00:00','Apriete los Tornillos de los Pasadores de Expansión de los Cilindros.',1,'PL',3,NULL,1,1,0,5,'3',1,5,5,6,0,0,10233,NULL,NULL,NULL),(101,19,'1','2020-09-01','2020-10-27 10:00:00','0000-00-00 00:00:00','0000-00-00 00:00:00','0000-00-00 00:00:00','0000-00-00 00:00:00','0000-00-00 00:00:00','Apriete los Tornillos de los Pasadores de Expansión de los Cilindros.',1,'PL',3,NULL,1,1,0,5,'3',1,5,5,6,0,0,10234,NULL,NULL,NULL),(102,19,'1','2020-09-01','2020-10-28 10:00:00','0000-00-00 00:00:00','0000-00-00 00:00:00','0000-00-00 00:00:00','0000-00-00 00:00:00','0000-00-00 00:00:00','Apriete los Tornillos de los Pasadores de Expansión de los Cilindros.',1,'PL',3,NULL,1,1,0,5,'3',1,5,5,6,0,0,10235,NULL,NULL,NULL),(103,19,'1','2020-09-01','2020-10-29 10:00:00','0000-00-00 00:00:00','0000-00-00 00:00:00','0000-00-00 00:00:00','0000-00-00 00:00:00','0000-00-00 00:00:00','Apriete los Tornillos de los Pasadores de Expansión de los Cilindros.',1,'PL',3,NULL,1,1,0,5,'3',1,5,5,6,0,0,10236,NULL,NULL,NULL),(104,19,'1','2020-09-01','2020-10-30 10:00:00','0000-00-00 00:00:00','0000-00-00 00:00:00','0000-00-00 00:00:00','0000-00-00 00:00:00','0000-00-00 00:00:00','Apriete los Tornillos de los Pasadores de Expansión de los Cilindros.',1,'PL',3,NULL,1,1,0,5,'3',1,5,5,6,0,0,10237,NULL,NULL,NULL),(105,19,'1','2020-09-01','2020-10-31 10:00:00','0000-00-00 00:00:00','0000-00-00 00:00:00','0000-00-00 00:00:00','0000-00-00 00:00:00','0000-00-00 00:00:00','Apriete los Tornillos de los Pasadores de Expansión de los Cilindros.',1,'PL',3,NULL,1,1,0,5,'3',1,5,5,6,0,0,10238,NULL,NULL,NULL),(106,19,'1','2020-09-01','2020-11-01 10:00:00','0000-00-00 00:00:00','0000-00-00 00:00:00','0000-00-00 00:00:00','0000-00-00 00:00:00','0000-00-00 00:00:00','Apriete los Tornillos de los Pasadores de Expansión de los Cilindros.',1,'PL',3,NULL,1,1,0,5,'3',1,5,5,6,0,0,10239,NULL,NULL,NULL),(107,19,'1','2020-09-01','2020-11-02 10:00:00','0000-00-00 00:00:00','0000-00-00 00:00:00','0000-00-00 00:00:00','0000-00-00 00:00:00','0000-00-00 00:00:00','Apriete los Tornillos de los Pasadores de Expansión de los Cilindros.',1,'PL',3,NULL,1,1,0,5,'3',1,5,5,6,0,0,10240,NULL,NULL,NULL),(108,19,'1','2020-09-01','2020-11-03 10:00:00','0000-00-00 00:00:00','0000-00-00 00:00:00','0000-00-00 00:00:00','0000-00-00 00:00:00','0000-00-00 00:00:00','Apriete los Tornillos de los Pasadores de Expansión de los Cilindros.',1,'PL',3,NULL,1,1,0,5,'3',1,5,5,6,0,0,10241,NULL,NULL,NULL),(109,19,'1','2020-09-01','2020-11-04 10:00:00','0000-00-00 00:00:00','0000-00-00 00:00:00','0000-00-00 00:00:00','0000-00-00 00:00:00','0000-00-00 00:00:00','Apriete los Tornillos de los Pasadores de Expansión de los Cilindros.',1,'PL',3,NULL,1,1,0,5,'3',1,5,5,6,0,0,10242,NULL,NULL,NULL),(110,19,'1','2020-09-01','2020-11-05 10:00:00','0000-00-00 00:00:00','0000-00-00 00:00:00','0000-00-00 00:00:00','0000-00-00 00:00:00','0000-00-00 00:00:00','Apriete los Tornillos de los Pasadores de Expansión de los Cilindros.',1,'PL',3,NULL,1,1,0,5,'3',1,5,5,6,0,0,10243,NULL,NULL,NULL),(111,19,'1','2020-09-01','2020-11-06 10:00:00','0000-00-00 00:00:00','0000-00-00 00:00:00','0000-00-00 00:00:00','0000-00-00 00:00:00','0000-00-00 00:00:00','Apriete los Tornillos de los Pasadores de Expansión de los Cilindros.',1,'PL',3,NULL,1,1,0,5,'3',1,5,5,6,0,0,10244,NULL,NULL,NULL),(112,19,'1','2020-09-01','2020-11-07 10:00:00','0000-00-00 00:00:00','0000-00-00 00:00:00','0000-00-00 00:00:00','0000-00-00 00:00:00','0000-00-00 00:00:00','Apriete los Tornillos de los Pasadores de Expansión de los Cilindros.',1,'PL',3,NULL,1,1,0,5,'3',1,5,5,6,0,0,10245,NULL,NULL,NULL),(113,19,'1','2020-09-01','2020-11-08 10:00:00','0000-00-00 00:00:00','0000-00-00 00:00:00','0000-00-00 00:00:00','0000-00-00 00:00:00','0000-00-00 00:00:00','Apriete los Tornillos de los Pasadores de Expansión de los Cilindros.',1,'PL',3,NULL,1,1,0,5,'3',1,5,5,6,0,0,10246,NULL,NULL,NULL),(114,19,'1','2020-09-01','2020-11-09 10:00:00','0000-00-00 00:00:00','0000-00-00 00:00:00','0000-00-00 00:00:00','0000-00-00 00:00:00','0000-00-00 00:00:00','Apriete los Tornillos de los Pasadores de Expansión de los Cilindros.',1,'PL',3,NULL,1,1,0,5,'3',1,5,5,6,0,0,10247,NULL,NULL,NULL),(115,19,'1','2020-09-01','2020-11-10 10:00:00','0000-00-00 00:00:00','0000-00-00 00:00:00','0000-00-00 00:00:00','0000-00-00 00:00:00','0000-00-00 00:00:00','Apriete los Tornillos de los Pasadores de Expansión de los Cilindros.',1,'PL',3,NULL,1,1,0,5,'3',1,5,5,6,0,0,10248,NULL,NULL,NULL),(116,19,'1','2020-09-01','2020-11-11 10:00:00','0000-00-00 00:00:00','0000-00-00 00:00:00','0000-00-00 00:00:00','0000-00-00 00:00:00','0000-00-00 00:00:00','Apriete los Tornillos de los Pasadores de Expansión de los Cilindros.',1,'PL',3,NULL,1,1,0,5,'3',1,5,5,6,0,0,10249,NULL,NULL,NULL),(117,19,'1','2020-09-01','2020-11-12 10:00:00','0000-00-00 00:00:00','0000-00-00 00:00:00','0000-00-00 00:00:00','0000-00-00 00:00:00','0000-00-00 00:00:00','Apriete los Tornillos de los Pasadores de Expansión de los Cilindros.',1,'PL',3,NULL,1,1,0,5,'3',1,5,5,6,0,0,10250,NULL,NULL,NULL),(118,19,'1','2020-09-01','2020-11-13 10:00:00','0000-00-00 00:00:00','0000-00-00 00:00:00','0000-00-00 00:00:00','0000-00-00 00:00:00','0000-00-00 00:00:00','Apriete los Tornillos de los Pasadores de Expansión de los Cilindros.',1,'PL',3,NULL,1,1,0,5,'3',1,5,5,6,0,0,10251,NULL,NULL,NULL),(119,19,'1','2020-09-01','2020-11-14 10:00:00','0000-00-00 00:00:00','0000-00-00 00:00:00','0000-00-00 00:00:00','0000-00-00 00:00:00','0000-00-00 00:00:00','Apriete los Tornillos de los Pasadores de Expansión de los Cilindros.',1,'PL',3,NULL,1,1,0,5,'3',1,5,5,6,0,0,10252,NULL,NULL,NULL),(120,19,'1','2020-09-01','2020-11-15 10:00:00','0000-00-00 00:00:00','0000-00-00 00:00:00','0000-00-00 00:00:00','0000-00-00 00:00:00','0000-00-00 00:00:00','Apriete los Tornillos de los Pasadores de Expansión de los Cilindros.',1,'PL',3,NULL,1,1,0,5,'3',1,5,5,6,0,0,10253,NULL,NULL,NULL),(121,19,'1','2020-09-01','2020-11-16 10:00:00','0000-00-00 00:00:00','0000-00-00 00:00:00','0000-00-00 00:00:00','0000-00-00 00:00:00','0000-00-00 00:00:00','Apriete los Tornillos de los Pasadores de Expansión de los Cilindros.',1,'PL',3,NULL,1,1,0,5,'3',1,5,5,6,0,0,10254,NULL,NULL,NULL),(122,19,'1','2020-09-01','2020-11-17 10:00:00','0000-00-00 00:00:00','0000-00-00 00:00:00','0000-00-00 00:00:00','0000-00-00 00:00:00','0000-00-00 00:00:00','Apriete los Tornillos de los Pasadores de Expansión de los Cilindros.',1,'PL',3,NULL,1,1,0,5,'3',1,5,5,6,0,0,10255,NULL,NULL,NULL),(123,19,'1','2020-09-01','2020-11-18 10:00:00','0000-00-00 00:00:00','0000-00-00 00:00:00','0000-00-00 00:00:00','0000-00-00 00:00:00','0000-00-00 00:00:00','Apriete los Tornillos de los Pasadores de Expansión de los Cilindros.',1,'PL',3,NULL,1,1,0,5,'3',1,5,5,6,0,0,10256,NULL,NULL,NULL),(124,19,'1','2020-09-01','2020-11-19 10:00:00','0000-00-00 00:00:00','0000-00-00 00:00:00','0000-00-00 00:00:00','0000-00-00 00:00:00','0000-00-00 00:00:00','Apriete los Tornillos de los Pasadores de Expansión de los Cilindros.',1,'PL',3,NULL,1,1,0,5,'3',1,5,5,6,0,0,10257,NULL,NULL,NULL),(125,19,'1','2020-09-01','2020-11-20 10:00:00','0000-00-00 00:00:00','0000-00-00 00:00:00','0000-00-00 00:00:00','0000-00-00 00:00:00','0000-00-00 00:00:00','Apriete los Tornillos de los Pasadores de Expansión de los Cilindros.',1,'PL',3,NULL,1,1,0,5,'3',1,5,5,6,0,0,10258,NULL,NULL,NULL),(126,19,'1','2020-09-01','2020-11-21 10:00:00','0000-00-00 00:00:00','0000-00-00 00:00:00','0000-00-00 00:00:00','0000-00-00 00:00:00','0000-00-00 00:00:00','Apriete los Tornillos de los Pasadores de Expansión de los Cilindros.',1,'PL',3,NULL,1,1,0,5,'3',1,5,5,6,0,0,10259,NULL,NULL,NULL),(127,19,'1','2020-09-01','2020-11-22 10:00:00','0000-00-00 00:00:00','0000-00-00 00:00:00','0000-00-00 00:00:00','0000-00-00 00:00:00','0000-00-00 00:00:00','Apriete los Tornillos de los Pasadores de Expansión de los Cilindros.',1,'PL',3,NULL,1,1,0,5,'3',1,5,5,6,0,0,10260,NULL,NULL,NULL),(128,19,'1','2020-09-01','2020-11-23 10:00:00','0000-00-00 00:00:00','0000-00-00 00:00:00','0000-00-00 00:00:00','0000-00-00 00:00:00','0000-00-00 00:00:00','Apriete los Tornillos de los Pasadores de Expansión de los Cilindros.',1,'PL',3,NULL,1,1,0,5,'3',1,5,5,6,0,0,10261,NULL,NULL,NULL),(129,19,'1','2020-09-01','2020-11-24 10:00:00','0000-00-00 00:00:00','0000-00-00 00:00:00','0000-00-00 00:00:00','0000-00-00 00:00:00','0000-00-00 00:00:00','Apriete los Tornillos de los Pasadores de Expansión de los Cilindros.',1,'PL',3,NULL,1,1,0,5,'3',1,5,5,6,0,0,10262,NULL,NULL,NULL),(130,19,'1','2020-09-01','2020-11-25 10:00:00','0000-00-00 00:00:00','0000-00-00 00:00:00','0000-00-00 00:00:00','0000-00-00 00:00:00','0000-00-00 00:00:00','Apriete los Tornillos de los Pasadores de Expansión de los Cilindros.',1,'PL',3,NULL,1,1,0,5,'3',1,5,5,6,0,0,10263,NULL,NULL,NULL),(131,19,'1','2020-09-01','2020-11-26 10:00:00','0000-00-00 00:00:00','0000-00-00 00:00:00','0000-00-00 00:00:00','0000-00-00 00:00:00','0000-00-00 00:00:00','Apriete los Tornillos de los Pasadores de Expansión de los Cilindros.',1,'PL',3,NULL,1,1,0,5,'3',1,5,5,6,0,0,10264,NULL,NULL,NULL),(132,19,'1','2020-09-01','2020-11-27 10:00:00','0000-00-00 00:00:00','0000-00-00 00:00:00','0000-00-00 00:00:00','0000-00-00 00:00:00','0000-00-00 00:00:00','Apriete los Tornillos de los Pasadores de Expansión de los Cilindros.',1,'PL',3,NULL,1,1,0,5,'3',1,5,5,6,0,0,10265,NULL,NULL,NULL),(133,19,'1','2020-09-01','2020-11-28 10:00:00','0000-00-00 00:00:00','0000-00-00 00:00:00','0000-00-00 00:00:00','0000-00-00 00:00:00','0000-00-00 00:00:00','Apriete los Tornillos de los Pasadores de Expansión de los Cilindros.',1,'PL',3,NULL,1,1,0,5,'3',1,5,5,6,0,0,10266,NULL,NULL,NULL),(134,19,'1','2020-09-01','2020-11-29 10:00:00','0000-00-00 00:00:00','0000-00-00 00:00:00','0000-00-00 00:00:00','0000-00-00 00:00:00','0000-00-00 00:00:00','Apriete los Tornillos de los Pasadores de Expansión de los Cilindros.',1,'PL',3,NULL,1,1,0,5,'3',1,5,5,6,0,0,10267,NULL,NULL,NULL),(135,19,'1','2020-09-01','2020-11-30 10:00:00','0000-00-00 00:00:00','0000-00-00 00:00:00','0000-00-00 00:00:00','0000-00-00 00:00:00','0000-00-00 00:00:00','Apriete los Tornillos de los Pasadores de Expansión de los Cilindros.',1,'PL',3,NULL,1,1,0,5,'3',1,5,5,6,0,0,10268,NULL,NULL,NULL),(136,19,'1','2020-09-01','2020-12-01 10:00:00','0000-00-00 00:00:00','0000-00-00 00:00:00','0000-00-00 00:00:00','0000-00-00 00:00:00','0000-00-00 00:00:00','Apriete los Tornillos de los Pasadores de Expansión de los Cilindros.',1,'PL',3,NULL,1,1,0,5,'3',1,5,5,6,0,0,10269,NULL,NULL,NULL),(137,19,'1','2020-09-01','2020-12-07 10:00:00','0000-00-00 00:00:00','0000-00-00 00:00:00','0000-00-00 00:00:00','0000-00-00 00:00:00','0000-00-00 00:00:00','Apriete los Tornillos de los Pasadores de Expansión de los Cilindros.',1,'PL',3,NULL,1,1,0,5,'3',1,5,5,6,0,0,10270,NULL,NULL,NULL),(138,19,'1','2020-09-01','2020-12-03 10:00:00','0000-00-00 00:00:00','0000-00-00 00:00:00','0000-00-00 00:00:00','0000-00-00 00:00:00','0000-00-00 00:00:00','Apriete los Tornillos de los Pasadores de Expansión de los Cilindros.',1,'PL',3,NULL,1,1,0,5,'3',1,5,5,6,0,0,10271,NULL,NULL,NULL),(139,19,'1','2020-09-01','2020-12-04 10:00:00','0000-00-00 00:00:00','0000-00-00 00:00:00','0000-00-00 00:00:00','0000-00-00 00:00:00','0000-00-00 00:00:00','Apriete los Tornillos de los Pasadores de Expansión de los Cilindros.',1,'PL',3,NULL,1,1,0,5,'3',1,5,5,6,0,0,10272,NULL,NULL,NULL),(140,19,'1','2020-09-01','2020-12-05 10:00:00','0000-00-00 00:00:00','0000-00-00 00:00:00','0000-00-00 00:00:00','0000-00-00 00:00:00','0000-00-00 00:00:00','Apriete los Tornillos de los Pasadores de Expansión de los Cilindros.',1,'PL',3,NULL,1,1,0,5,'3',1,5,5,6,0,0,10273,NULL,NULL,NULL),(141,19,'1','2020-09-01','2020-12-06 10:00:00','0000-00-00 00:00:00','0000-00-00 00:00:00','0000-00-00 00:00:00','0000-00-00 00:00:00','0000-00-00 00:00:00','Apriete los Tornillos de los Pasadores de Expansión de los Cilindros.',1,'PL',3,NULL,1,1,0,5,'3',1,5,5,6,0,0,10274,NULL,NULL,NULL),(142,19,'1','2020-09-01','2020-12-07 10:00:00','0000-00-00 00:00:00','0000-00-00 00:00:00','0000-00-00 00:00:00','0000-00-00 00:00:00','0000-00-00 00:00:00','Apriete los Tornillos de los Pasadores de Expansión de los Cilindros.',1,'PL',3,NULL,1,1,0,5,'3',1,5,5,6,0,0,10275,NULL,NULL,NULL),(143,19,'1','2020-09-01','2020-12-08 10:00:00','0000-00-00 00:00:00','0000-00-00 00:00:00','0000-00-00 00:00:00','0000-00-00 00:00:00','0000-00-00 00:00:00','Apriete los Tornillos de los Pasadores de Expansión de los Cilindros.',1,'PL',3,NULL,1,1,0,5,'3',1,5,5,6,0,0,10276,NULL,NULL,NULL),(144,19,'1','2020-09-01','2020-12-09 10:00:00','0000-00-00 00:00:00','0000-00-00 00:00:00','0000-00-00 00:00:00','0000-00-00 00:00:00','0000-00-00 00:00:00','Apriete los Tornillos de los Pasadores de Expansión de los Cilindros.',1,'PL',3,NULL,1,1,0,5,'3',1,5,5,6,0,0,10277,NULL,NULL,NULL),(145,19,'1','2020-09-01','2020-12-10 10:00:00','0000-00-00 00:00:00','0000-00-00 00:00:00','0000-00-00 00:00:00','0000-00-00 00:00:00','0000-00-00 00:00:00','Apriete los Tornillos de los Pasadores de Expansión de los Cilindros.',1,'PL',3,NULL,1,1,0,5,'3',1,5,5,6,0,0,10278,NULL,NULL,NULL),(146,19,'1','2020-09-01','2020-12-11 10:00:00','0000-00-00 00:00:00','0000-00-00 00:00:00','0000-00-00 00:00:00','0000-00-00 00:00:00','0000-00-00 00:00:00','Apriete los Tornillos de los Pasadores de Expansión de los Cilindros.',1,'PL',3,NULL,1,1,0,5,'3',1,5,5,6,0,0,10279,NULL,NULL,NULL),(147,19,'1','2020-09-01','2020-12-12 10:00:00','0000-00-00 00:00:00','0000-00-00 00:00:00','0000-00-00 00:00:00','0000-00-00 00:00:00','0000-00-00 00:00:00','Apriete los Tornillos de los Pasadores de Expansión de los Cilindros.',1,'PL',3,NULL,1,1,0,5,'3',1,5,5,6,0,0,10280,NULL,NULL,NULL),(148,19,'1','2020-09-01','2020-12-13 10:00:00','0000-00-00 00:00:00','0000-00-00 00:00:00','0000-00-00 00:00:00','0000-00-00 00:00:00','0000-00-00 00:00:00','Apriete los Tornillos de los Pasadores de Expansión de los Cilindros.',1,'PL',3,NULL,1,1,0,5,'3',1,5,5,6,0,0,10281,NULL,NULL,NULL),(149,19,'1','2020-09-01','2020-12-14 10:00:00','0000-00-00 00:00:00','0000-00-00 00:00:00','0000-00-00 00:00:00','0000-00-00 00:00:00','0000-00-00 00:00:00','Apriete los Tornillos de los Pasadores de Expansión de los Cilindros.',1,'PL',3,NULL,1,1,0,5,'3',1,5,5,6,0,0,10282,NULL,NULL,NULL),(150,19,'1','2020-09-01','2020-12-15 10:00:00','0000-00-00 00:00:00','0000-00-00 00:00:00','0000-00-00 00:00:00','0000-00-00 00:00:00','0000-00-00 00:00:00','Apriete los Tornillos de los Pasadores de Expansión de los Cilindros.',1,'PL',3,NULL,1,1,0,5,'3',1,5,5,6,0,0,10283,NULL,NULL,NULL),(151,19,'1','2020-09-01','2020-12-16 10:00:00','0000-00-00 00:00:00','0000-00-00 00:00:00','0000-00-00 00:00:00','0000-00-00 00:00:00','0000-00-00 00:00:00','Apriete los Tornillos de los Pasadores de Expansión de los Cilindros.',1,'PL',3,NULL,1,1,0,5,'3',1,5,5,6,0,0,10284,NULL,NULL,NULL),(152,19,'1','2020-09-01','2020-12-17 10:00:00','0000-00-00 00:00:00','0000-00-00 00:00:00','0000-00-00 00:00:00','0000-00-00 00:00:00','0000-00-00 00:00:00','Apriete los Tornillos de los Pasadores de Expansión de los Cilindros.',1,'PL',3,NULL,1,1,0,5,'3',1,5,5,6,0,0,10285,NULL,NULL,NULL),(153,19,'1','2020-09-01','2020-12-18 10:00:00','0000-00-00 00:00:00','0000-00-00 00:00:00','0000-00-00 00:00:00','0000-00-00 00:00:00','0000-00-00 00:00:00','Apriete los Tornillos de los Pasadores de Expansión de los Cilindros.',1,'PL',3,NULL,1,1,0,5,'3',1,5,5,6,0,0,10286,NULL,NULL,NULL),(154,19,'1','2020-09-01','2020-12-19 10:00:00','0000-00-00 00:00:00','0000-00-00 00:00:00','0000-00-00 00:00:00','0000-00-00 00:00:00','0000-00-00 00:00:00','Apriete los Tornillos de los Pasadores de Expansión de los Cilindros.',1,'PL',3,NULL,1,1,0,5,'3',1,5,5,6,0,0,10287,NULL,NULL,NULL),(155,19,'1','2020-09-01','2020-12-20 10:00:00','0000-00-00 00:00:00','0000-00-00 00:00:00','0000-00-00 00:00:00','0000-00-00 00:00:00','0000-00-00 00:00:00','Apriete los Tornillos de los Pasadores de Expansión de los Cilindros.',1,'PL',3,NULL,1,1,0,5,'3',1,5,5,6,0,0,10288,NULL,NULL,NULL),(156,19,'1','2020-09-01','2020-12-21 10:00:00','0000-00-00 00:00:00','0000-00-00 00:00:00','0000-00-00 00:00:00','0000-00-00 00:00:00','0000-00-00 00:00:00','Apriete los Tornillos de los Pasadores de Expansión de los Cilindros.',1,'PL',3,NULL,1,1,0,5,'3',1,5,5,6,0,0,10289,NULL,NULL,NULL),(157,19,'1','2020-09-01','2020-12-22 10:00:00','0000-00-00 00:00:00','0000-00-00 00:00:00','0000-00-00 00:00:00','0000-00-00 00:00:00','0000-00-00 00:00:00','Apriete los Tornillos de los Pasadores de Expansión de los Cilindros.',1,'PL',3,NULL,1,1,0,5,'3',1,5,5,6,0,0,10290,NULL,NULL,NULL),(158,19,'1','2020-09-01','2020-12-23 10:00:00','0000-00-00 00:00:00','0000-00-00 00:00:00','0000-00-00 00:00:00','0000-00-00 00:00:00','0000-00-00 00:00:00','Apriete los Tornillos de los Pasadores de Expansión de los Cilindros.',1,'PL',3,NULL,1,1,0,5,'3',1,5,5,6,0,0,10291,NULL,NULL,NULL),(159,19,'1','2020-09-01','2020-12-24 10:00:00','0000-00-00 00:00:00','0000-00-00 00:00:00','0000-00-00 00:00:00','0000-00-00 00:00:00','0000-00-00 00:00:00','Apriete los Tornillos de los Pasadores de Expansión de los Cilindros.',1,'PL',3,NULL,1,1,0,5,'3',1,5,5,6,0,0,10292,NULL,NULL,NULL),(160,19,'1','2020-09-01','2020-12-25 10:00:00','0000-00-00 00:00:00','0000-00-00 00:00:00','0000-00-00 00:00:00','0000-00-00 00:00:00','0000-00-00 00:00:00','Apriete los Tornillos de los Pasadores de Expansión de los Cilindros.',1,'PL',3,NULL,1,1,0,5,'3',1,5,5,6,0,0,10293,NULL,NULL,NULL),(161,19,'1','2020-09-01','2020-12-26 10:00:00','0000-00-00 00:00:00','0000-00-00 00:00:00','0000-00-00 00:00:00','0000-00-00 00:00:00','0000-00-00 00:00:00','Apriete los Tornillos de los Pasadores de Expansión de los Cilindros.',1,'PL',3,NULL,1,1,0,5,'3',1,5,5,6,0,0,10294,NULL,NULL,NULL),(162,19,'1','2020-09-01','2020-12-27 10:00:00','0000-00-00 00:00:00','0000-00-00 00:00:00','0000-00-00 00:00:00','0000-00-00 00:00:00','0000-00-00 00:00:00','Apriete los Tornillos de los Pasadores de Expansión de los Cilindros.',1,'PL',3,NULL,1,1,0,5,'3',1,5,5,6,0,0,10295,NULL,NULL,NULL),(163,19,'1','2020-09-01','2020-12-28 10:00:00','0000-00-00 00:00:00','0000-00-00 00:00:00','0000-00-00 00:00:00','0000-00-00 00:00:00','0000-00-00 00:00:00','Apriete los Tornillos de los Pasadores de Expansión de los Cilindros.',1,'PL',3,NULL,1,1,0,5,'3',1,5,5,6,0,0,10296,NULL,NULL,NULL),(164,19,'1','2020-09-01','2020-12-29 10:00:00','0000-00-00 00:00:00','0000-00-00 00:00:00','0000-00-00 00:00:00','0000-00-00 00:00:00','0000-00-00 00:00:00','Apriete los Tornillos de los Pasadores de Expansión de los Cilindros.',1,'PL',3,NULL,1,1,0,5,'3',1,5,5,6,0,0,10297,NULL,NULL,NULL),(165,19,'1','2020-09-01','2020-12-30 10:00:00','0000-00-00 00:00:00','0000-00-00 00:00:00','0000-00-00 00:00:00','0000-00-00 00:00:00','0000-00-00 00:00:00','Apriete los Tornillos de los Pasadores de Expansión de los Cilindros.',1,'PL',3,NULL,1,1,0,5,'3',1,5,5,6,0,0,10298,NULL,NULL,NULL),(166,19,'1','2020-09-01','2020-12-31 10:00:00','0000-00-00 00:00:00','0000-00-00 00:00:00','0000-00-00 00:00:00','0000-00-00 00:00:00','0000-00-00 00:00:00','Apriete los Tornillos de los Pasadores de Expansión de los Cilindros.',1,'PL',3,NULL,1,1,0,5,'3',1,5,5,6,0,0,10299,NULL,NULL,NULL),(167,19,'1','2020-09-01','2021-01-01 10:00:00','0000-00-00 00:00:00','0000-00-00 00:00:00','0000-00-00 00:00:00','0000-00-00 00:00:00','0000-00-00 00:00:00','Apriete los Tornillos de los Pasadores de Expansión de los Cilindros.',1,'PL',3,NULL,1,1,0,5,'3',1,5,5,6,0,0,10300,NULL,NULL,NULL),(168,69,'1','2020-09-01','2020-09-01 15:00:00','0000-00-00 00:00:00','0000-00-00 00:00:00','0000-00-00 00:00:00','0000-00-00 00:00:00','0000-00-00 00:00:00','Cambiar Aceite Hidráulico (cada 2000 hs según horómetro. utilizar aceite SAE 10w. capacidad 63 litros).',1,'PL',3,NULL,1,1,0,6,'3',1,30,6,6,0,0,10302,NULL,NULL,NULL),(169,69,'1','2020-09-01','2020-09-02 15:00:00','0000-00-00 00:00:00','0000-00-00 00:00:00','0000-00-00 00:00:00','0000-00-00 00:00:00','0000-00-00 00:00:00','Cambiar Aceite Hidráulico (cada 2000 hs según horómetro. utilizar aceite SAE 10w. capacidad 63 litros).',1,'PL',3,NULL,1,1,0,6,'3',1,30,6,6,0,0,10303,NULL,NULL,NULL),(170,69,'1','2020-09-01','2020-09-03 15:00:00','0000-00-00 00:00:00','0000-00-00 00:00:00','0000-00-00 00:00:00','0000-00-00 00:00:00','0000-00-00 00:00:00','Cambiar Aceite Hidráulico (cada 2000 hs según horómetro. utilizar aceite SAE 10w. capacidad 63 litros).',1,'PL',3,NULL,1,1,0,6,'3',1,30,6,6,0,0,10304,NULL,NULL,NULL),(171,69,'1','2020-09-01','2020-09-04 15:00:00','0000-00-00 00:00:00','0000-00-00 00:00:00','0000-00-00 00:00:00','0000-00-00 00:00:00','0000-00-00 00:00:00','Cambiar Aceite Hidráulico (cada 2000 hs según horómetro. utilizar aceite SAE 10w. capacidad 63 litros).',1,'PL',3,NULL,1,1,0,6,'3',1,30,6,6,0,0,10305,NULL,NULL,NULL),(172,69,'1','2020-09-01','2020-09-05 15:00:00','0000-00-00 00:00:00','0000-00-00 00:00:00','0000-00-00 00:00:00','0000-00-00 00:00:00','0000-00-00 00:00:00','Cambiar Aceite Hidráulico (cada 2000 hs según horómetro. utilizar aceite SAE 10w. capacidad 63 litros).',1,'PL',3,NULL,1,1,0,6,'3',1,30,6,6,0,0,10306,NULL,NULL,NULL),(173,69,'1','2020-09-01','2020-09-06 15:00:00','0000-00-00 00:00:00','0000-00-00 00:00:00','0000-00-00 00:00:00','0000-00-00 00:00:00','0000-00-00 00:00:00','Cambiar Aceite Hidráulico (cada 2000 hs según horómetro. utilizar aceite SAE 10w. capacidad 63 litros).',1,'PL',3,NULL,1,1,0,6,'3',1,30,6,6,0,0,10307,NULL,NULL,NULL),(174,69,'1','2020-09-01','2020-09-07 15:00:00','0000-00-00 00:00:00','0000-00-00 00:00:00','0000-00-00 00:00:00','0000-00-00 00:00:00','0000-00-00 00:00:00','Cambiar Aceite Hidráulico (cada 2000 hs según horómetro. utilizar aceite SAE 10w. capacidad 63 litros).',1,'PL',3,NULL,1,1,0,6,'3',1,30,6,6,0,0,10308,NULL,NULL,NULL),(175,69,'1','2020-09-01','2020-09-08 15:00:00','0000-00-00 00:00:00','0000-00-00 00:00:00','0000-00-00 00:00:00','0000-00-00 00:00:00','0000-00-00 00:00:00','Cambiar Aceite Hidráulico (cada 2000 hs según horómetro. utilizar aceite SAE 10w. capacidad 63 litros).',1,'PL',3,NULL,1,1,0,6,'3',1,30,6,6,0,0,10309,NULL,NULL,NULL),(176,69,'1','2020-09-01','2020-09-09 15:00:00','0000-00-00 00:00:00','0000-00-00 00:00:00','0000-00-00 00:00:00','0000-00-00 00:00:00','0000-00-00 00:00:00','Cambiar Aceite Hidráulico (cada 2000 hs según horómetro. utilizar aceite SAE 10w. capacidad 63 litros).',1,'PL',3,NULL,1,1,0,6,'3',1,30,6,6,0,0,10310,NULL,NULL,NULL),(177,69,'1','2020-09-01','2020-09-10 15:00:00','0000-00-00 00:00:00','0000-00-00 00:00:00','0000-00-00 00:00:00','0000-00-00 00:00:00','0000-00-00 00:00:00','Cambiar Aceite Hidráulico (cada 2000 hs según horómetro. utilizar aceite SAE 10w. capacidad 63 litros).',1,'PL',3,NULL,1,1,0,6,'3',1,30,6,6,0,0,10311,NULL,NULL,NULL),(178,69,'1','2020-09-01','2020-09-11 15:00:00','0000-00-00 00:00:00','0000-00-00 00:00:00','0000-00-00 00:00:00','0000-00-00 00:00:00','0000-00-00 00:00:00','Cambiar Aceite Hidráulico (cada 2000 hs según horómetro. utilizar aceite SAE 10w. capacidad 63 litros).',1,'PL',3,NULL,1,1,0,6,'3',1,30,6,6,0,0,10312,NULL,NULL,NULL),(179,69,'1','2020-09-01','2020-09-12 15:00:00','0000-00-00 00:00:00','0000-00-00 00:00:00','0000-00-00 00:00:00','0000-00-00 00:00:00','0000-00-00 00:00:00','Cambiar Aceite Hidráulico (cada 2000 hs según horómetro. utilizar aceite SAE 10w. capacidad 63 litros).',1,'PL',3,NULL,1,1,0,6,'3',1,30,6,6,0,0,10313,NULL,NULL,NULL),(180,69,'1','2020-09-01','2020-09-13 15:00:00','0000-00-00 00:00:00','0000-00-00 00:00:00','0000-00-00 00:00:00','0000-00-00 00:00:00','0000-00-00 00:00:00','Cambiar Aceite Hidráulico (cada 2000 hs según horómetro. utilizar aceite SAE 10w. capacidad 63 litros).',1,'PL',3,NULL,1,1,0,6,'3',1,30,6,6,0,0,10314,NULL,NULL,NULL),(181,69,'1','2020-09-01','2020-09-14 15:00:00','0000-00-00 00:00:00','0000-00-00 00:00:00','0000-00-00 00:00:00','0000-00-00 00:00:00','0000-00-00 00:00:00','Cambiar Aceite Hidráulico (cada 2000 hs según horómetro. utilizar aceite SAE 10w. capacidad 63 litros).',1,'PL',3,NULL,1,1,0,6,'3',1,30,6,6,0,0,10315,NULL,NULL,NULL),(182,69,'1','2020-09-01','2020-09-15 15:00:00','0000-00-00 00:00:00','0000-00-00 00:00:00','0000-00-00 00:00:00','0000-00-00 00:00:00','0000-00-00 00:00:00','Cambiar Aceite Hidráulico (cada 2000 hs según horómetro. utilizar aceite SAE 10w. capacidad 63 litros).',1,'PL',3,NULL,1,1,0,6,'3',1,30,6,6,0,0,10316,NULL,NULL,NULL),(183,69,'1','2020-09-01','2020-09-16 15:00:00','0000-00-00 00:00:00','0000-00-00 00:00:00','0000-00-00 00:00:00','0000-00-00 00:00:00','0000-00-00 00:00:00','Cambiar Aceite Hidráulico (cada 2000 hs según horómetro. utilizar aceite SAE 10w. capacidad 63 litros).',1,'PL',3,NULL,1,1,0,6,'3',1,30,6,6,0,0,10317,NULL,NULL,NULL),(184,69,'1','2020-09-01','2020-09-17 15:00:00','0000-00-00 00:00:00','0000-00-00 00:00:00','0000-00-00 00:00:00','0000-00-00 00:00:00','0000-00-00 00:00:00','Cambiar Aceite Hidráulico (cada 2000 hs según horómetro. utilizar aceite SAE 10w. capacidad 63 litros).',1,'PL',3,NULL,1,1,0,6,'3',1,30,6,6,0,0,10318,NULL,NULL,NULL),(185,69,'1','2020-09-01','2020-09-18 15:00:00','0000-00-00 00:00:00','0000-00-00 00:00:00','0000-00-00 00:00:00','0000-00-00 00:00:00','0000-00-00 00:00:00','Cambiar Aceite Hidráulico (cada 2000 hs según horómetro. utilizar aceite SAE 10w. capacidad 63 litros).',1,'PL',3,NULL,1,1,0,6,'3',1,30,6,6,0,0,10319,NULL,NULL,NULL),(186,69,'1','2020-09-01','2020-09-19 15:00:00','0000-00-00 00:00:00','0000-00-00 00:00:00','0000-00-00 00:00:00','0000-00-00 00:00:00','0000-00-00 00:00:00','Cambiar Aceite Hidráulico (cada 2000 hs según horómetro. utilizar aceite SAE 10w. capacidad 63 litros).',1,'PL',3,NULL,1,1,0,6,'3',1,30,6,6,0,0,10320,NULL,NULL,NULL),(187,69,'1','2020-09-01','2020-09-20 15:00:00','0000-00-00 00:00:00','0000-00-00 00:00:00','0000-00-00 00:00:00','0000-00-00 00:00:00','0000-00-00 00:00:00','Cambiar Aceite Hidráulico (cada 2000 hs según horómetro. utilizar aceite SAE 10w. capacidad 63 litros).',1,'PL',3,NULL,1,1,0,6,'3',1,30,6,6,0,0,10321,NULL,NULL,NULL),(188,69,'1','2020-09-01','2020-09-21 15:00:00','0000-00-00 00:00:00','0000-00-00 00:00:00','0000-00-00 00:00:00','0000-00-00 00:00:00','0000-00-00 00:00:00','Cambiar Aceite Hidráulico (cada 2000 hs según horómetro. utilizar aceite SAE 10w. capacidad 63 litros).',1,'PL',3,NULL,1,1,0,6,'3',1,30,6,6,0,0,10322,NULL,NULL,NULL),(189,69,'1','2020-09-01','2020-09-22 15:00:00','0000-00-00 00:00:00','0000-00-00 00:00:00','0000-00-00 00:00:00','0000-00-00 00:00:00','0000-00-00 00:00:00','Cambiar Aceite Hidráulico (cada 2000 hs según horómetro. utilizar aceite SAE 10w. capacidad 63 litros).',1,'PL',3,NULL,1,1,0,6,'3',1,30,6,6,0,0,10323,NULL,NULL,NULL),(190,69,'1','2020-09-01','2020-09-23 15:00:00','0000-00-00 00:00:00','0000-00-00 00:00:00','0000-00-00 00:00:00','0000-00-00 00:00:00','0000-00-00 00:00:00','Cambiar Aceite Hidráulico (cada 2000 hs según horómetro. utilizar aceite SAE 10w. capacidad 63 litros).',1,'PL',3,NULL,1,1,0,6,'3',1,30,6,6,0,0,10324,NULL,NULL,NULL),(191,69,'1','2020-09-01','2020-09-24 15:00:00','0000-00-00 00:00:00','0000-00-00 00:00:00','0000-00-00 00:00:00','0000-00-00 00:00:00','0000-00-00 00:00:00','Cambiar Aceite Hidráulico (cada 2000 hs según horómetro. utilizar aceite SAE 10w. capacidad 63 litros).',1,'PL',3,NULL,1,1,0,6,'3',1,30,6,6,0,0,10325,NULL,NULL,NULL),(192,69,'1','2020-09-01','2020-09-25 15:00:00','0000-00-00 00:00:00','0000-00-00 00:00:00','0000-00-00 00:00:00','0000-00-00 00:00:00','0000-00-00 00:00:00','Cambiar Aceite Hidráulico (cada 2000 hs según horómetro. utilizar aceite SAE 10w. capacidad 63 litros).',1,'PL',3,NULL,1,1,0,6,'3',1,30,6,6,0,0,10326,NULL,NULL,NULL),(193,69,'1','2020-09-01','2020-09-26 15:00:00','0000-00-00 00:00:00','0000-00-00 00:00:00','0000-00-00 00:00:00','0000-00-00 00:00:00','0000-00-00 00:00:00','Cambiar Aceite Hidráulico (cada 2000 hs según horómetro. utilizar aceite SAE 10w. capacidad 63 litros).',1,'PL',3,NULL,1,1,0,6,'3',1,30,6,6,0,0,10327,NULL,NULL,NULL),(194,69,'1','2020-09-01','2020-09-27 15:00:00','0000-00-00 00:00:00','0000-00-00 00:00:00','0000-00-00 00:00:00','0000-00-00 00:00:00','0000-00-00 00:00:00','Cambiar Aceite Hidráulico (cada 2000 hs según horómetro. utilizar aceite SAE 10w. capacidad 63 litros).',1,'PL',3,NULL,1,1,0,6,'3',1,30,6,6,0,0,10328,NULL,NULL,NULL),(195,69,'1','2020-09-01','2020-09-28 15:00:00','0000-00-00 00:00:00','0000-00-00 00:00:00','0000-00-00 00:00:00','0000-00-00 00:00:00','0000-00-00 00:00:00','Cambiar Aceite Hidráulico (cada 2000 hs según horómetro. utilizar aceite SAE 10w. capacidad 63 litros).',1,'PL',3,NULL,1,1,0,6,'3',1,30,6,6,0,0,10329,NULL,NULL,NULL),(196,69,'1','2020-09-01','2020-09-29 15:00:00','0000-00-00 00:00:00','0000-00-00 00:00:00','0000-00-00 00:00:00','0000-00-00 00:00:00','0000-00-00 00:00:00','Cambiar Aceite Hidráulico (cada 2000 hs según horómetro. utilizar aceite SAE 10w. capacidad 63 litros).',1,'PL',3,NULL,1,1,0,6,'3',1,30,6,6,0,0,10330,NULL,NULL,NULL),(197,69,'1','2020-09-01','2020-09-30 15:00:00','0000-00-00 00:00:00','0000-00-00 00:00:00','0000-00-00 00:00:00','0000-00-00 00:00:00','0000-00-00 00:00:00','Cambiar Aceite Hidráulico (cada 2000 hs según horómetro. utilizar aceite SAE 10w. capacidad 63 litros).',1,'PL',3,NULL,1,1,0,6,'3',1,30,6,6,0,0,10331,NULL,NULL,NULL),(198,69,'1','2020-09-01','2020-10-01 15:00:00','0000-00-00 00:00:00','0000-00-00 00:00:00','0000-00-00 00:00:00','0000-00-00 00:00:00','0000-00-00 00:00:00','Cambiar Aceite Hidráulico (cada 2000 hs según horómetro. utilizar aceite SAE 10w. capacidad 63 litros).',1,'PL',3,NULL,1,1,0,6,'3',1,30,6,6,0,0,10332,NULL,NULL,NULL),(199,92,NULL,'0000-00-00','2020-09-24 00:00:00','2020-09-24 17:26:31','0000-00-00 00:00:00','2020-09-25 16:05:53','0000-00-00 00:00:00','0000-00-00 00:00:00','Cambiar Cartucho Filtro de Aire.',1,'CE',2,1,0,1,1,0,'1',10,NULL,NULL,6,NULL,NULL,11066,'','',''),(200,19,NULL,'0000-00-00','2020-09-24 00:00:00','2020-09-24 17:55:41','0000-00-00 00:00:00','2020-09-25 15:54:34','0000-00-00 00:00:00','0000-00-00 00:00:00','Apriete los Tornillos de los Pasadores de Expansión de los Cilindros.',1,'CE',2,1,0,1,1,0,'1',22,NULL,NULL,6,NULL,NULL,11068,'','',NULL),(201,78,NULL,'0000-00-00','2020-09-25 00:00:00','2020-09-25 14:04:49','0000-00-00 00:00:00','2020-09-25 14:11:03','0000-00-00 00:00:00','0000-00-00 00:00:00','Cambiar Aceite de Motor (utilizar aceite 15W40).',1,'CE',2,1,0,1,1,0,'1',13,NULL,NULL,6,NULL,NULL,11070,'','',NULL),(202,19,NULL,'0000-00-00','2020-09-25 00:00:00','0000-00-00 00:00:00','0000-00-00 00:00:00','0000-00-00 00:00:00','0000-00-00 00:00:00','0000-00-00 00:00:00','Apriete los Tornillos de los Pasadores de Expansión de los Cilindros.',1,'PL',2,NULL,0,1,1,0,'1',8,NULL,NULL,6,NULL,NULL,11072,NULL,NULL,NULL),(203,19,NULL,'0000-00-00','2020-09-25 00:00:00','0000-00-00 00:00:00','0000-00-00 00:00:00','0000-00-00 00:00:00','0000-00-00 00:00:00','0000-00-00 00:00:00','Apriete los Tornillos de los Pasadores de Expansión de los Cilindros.',1,'PL',2,NULL,0,1,1,0,'1',16,NULL,NULL,6,NULL,NULL,11073,NULL,NULL,NULL),(204,19,NULL,'0000-00-00','2020-09-28 00:00:00','2020-09-28 11:33:04','0000-00-00 00:00:00','2020-10-08 13:54:29','0000-00-00 00:00:00','0000-00-00 00:00:00','Apriete los Tornillos de los Pasadores de Expansión de los Cilindros.',1,'CE',2,1,0,1,1,0,'1',1,NULL,NULL,6,NULL,NULL,11075,'','','prueba horometro'),(205,0,NULL,'0000-00-00','2020-09-28 00:00:00','0000-00-00 00:00:00','0000-00-00 00:00:00','0000-00-00 00:00:00','0000-00-00 00:00:00','0000-00-00 00:00:00','tarea 1',1,'PL',53,NULL,0,1,1,0,'1',5,NULL,NULL,6,NULL,NULL,11077,NULL,NULL,NULL),(206,0,NULL,'0000-00-00','2020-09-28 00:00:00','0000-00-00 00:00:00','0000-00-00 00:00:00','0000-00-00 00:00:00','0000-00-00 00:00:00','0000-00-00 00:00:00','aaaaa',1,'PL',53,NULL,0,1,1,0,'1',3,NULL,NULL,6,NULL,NULL,11078,NULL,NULL,NULL),(207,2,NULL,'0000-00-00','2020-09-28 00:00:00','2020-09-28 15:47:22','0000-00-00 00:00:00','2020-09-28 15:48:40','0000-00-00 00:00:00','0000-00-00 00:00:00','Limpie las Mangueras y las Conexiones del Radiador.',1,'CE',2,1,0,1,1,0,'1',10,NULL,NULL,6,NULL,NULL,11079,'','','falto revisar si la tapa del filtro estaba sellada '),(208,46,NULL,'0000-00-00','2020-10-03 00:00:00','2020-10-03 03:28:35','0000-00-00 00:00:00','2020-10-03 03:43:44','0000-00-00 00:00:00','0000-00-00 00:00:00','Cambiar Aceite de Motor (cada 250 hs según horometro, utilizar aceite 15W40).',1,'CE',2,1,0,1,1,0,'1',17,NULL,NULL,6,NULL,NULL,11086,NULL,NULL,NULL),(209,91,NULL,'0000-00-00','2020-10-03 00:00:00','2020-10-09 13:42:35','0000-00-00 00:00:00','2020-10-09 13:45:13','0000-00-00 00:00:00','0000-00-00 00:00:00','Inspección Visual: Controlar Pérdida y Nivel de Agua del Radiador.',1,'CE',2,NULL,0,1,1,0,'1',16,NULL,NULL,6,NULL,NULL,11088,'-00000','-00000','prueba de rechazo - horometro mal'),(210,47,NULL,'0000-00-00','2020-10-03 00:00:00','2020-10-03 04:28:02','0000-00-00 00:00:00','2020-10-03 04:31:46','0000-00-00 00:00:00','0000-00-00 00:00:00','Limpiar Tanque de Combustible.',1,'CE',2,1,0,1,1,0,'1',20,NULL,NULL,6,NULL,NULL,11089,NULL,NULL,NULL),(211,4,NULL,'0000-00-00','2020-10-03 00:00:00','2020-10-03 04:35:34','0000-00-00 00:00:00','2020-10-04 23:49:10','0000-00-00 00:00:00','0000-00-00 00:00:00','Revise la Bomba de Agua',1,'CE',2,1,0,1,1,0,'1',12,NULL,NULL,6,NULL,NULL,11091,NULL,NULL,NULL),(212,5,NULL,'0000-00-00','2020-10-04 00:00:00','2020-10-04 23:58:23','0000-00-00 00:00:00','2020-10-05 00:02:41','0000-00-00 00:00:00','0000-00-00 00:00:00','Compruebe el Intercooler y las Mangueras de Conexion.',1,'CE',2,1,0,1,1,0,'1',11,NULL,NULL,6,NULL,NULL,11095,'-00000','-00000',NULL),(213,108,NULL,'0000-00-00','2020-10-05 00:00:00','2020-10-05 00:19:16','0000-00-00 00:00:00','2020-10-05 00:19:45','0000-00-00 00:00:00','0000-00-00 00:00:00','Revise el Sensor de Temperatura.',1,'CE',2,1,0,1,1,0,'1',22,NULL,NULL,6,NULL,NULL,11097,'-00000','-00000','revisar'),(214,0,'1','2020-10-07','2020-10-07 00:00:00','2020-10-07 14:15:49','0000-00-00 00:00:00','2020-10-07 14:15:55','0000-00-00 00:00:00','0000-00-00 00:00:00','eliiiiii',1,'CE',2,1,1,1,0,24,'2',1,60,24,6,0,0,11100,NULL,NULL,NULL),(215,244,NULL,'0000-00-00','2020-10-08 00:00:00','0000-00-00 00:00:00','0000-00-00 00:00:00','0000-00-00 00:00:00','0000-00-00 00:00:00','0000-00-00 00:00:00','Inspección de Personal',1,'PL',2,NULL,0,1,1,0,'1',17,NULL,NULL,6,NULL,NULL,11101,'','',NULL),(216,108,NULL,'0000-00-00','2020-10-09 00:00:00','2020-10-09 13:32:54','0000-00-00 00:00:00','2020-10-09 13:34:35','0000-00-00 00:00:00','0000-00-00 00:00:00','Revise el Sensor de Temperatura.',1,'CE',2,1,0,1,1,0,'1',1,NULL,NULL,6,NULL,NULL,11102,NULL,NULL,'error'),(217,20,NULL,'0000-00-00','2020-10-13 00:00:00','2020-10-13 13:00:37','0000-00-00 00:00:00','2020-10-13 13:03:17','0000-00-00 00:00:00','0000-00-00 00:00:00','Revisar Apriete de las Varillas Tirantes. ',1,'CE',2,1,0,1,1,0,'1',16,NULL,NULL,6,NULL,NULL,11104,NULL,NULL,NULL),(218,19,NULL,'0000-00-00','2020-10-13 00:00:00','2020-10-13 13:15:04','0000-00-00 00:00:00','2020-10-13 13:16:15','0000-00-00 00:00:00','0000-00-00 00:00:00','Apriete los Tornillos de los Pasadores de Expansión de los Cilindros.',1,'CE',2,1,0,1,1,0,'1',16,NULL,NULL,6,NULL,NULL,11106,NULL,NULL,NULL),(219,38,'1','2020-10-13','2020-10-13 05:50:00','0000-00-00 00:00:00','0000-00-00 00:00:00','0000-00-00 00:00:00','0000-00-00 00:00:00','0000-00-00 00:00:00','Cambiar Aceite Hidráulico (cada 500hs segun horometro, utilizar aceite hidráulico 68).. ',1,'PL',2,NULL,1,1,0,4,'3',1,120,4,6,0,80006,11108,NULL,NULL,NULL),(220,0,'1','2020-12-01','2020-12-01 11:43:00','2020-12-01 11:45:31','0000-00-00 00:00:00','2020-12-01 11:46:21','0000-00-00 00:00:00','0000-00-00 00:00:00','OTRA FALLA',1,'CN',2,1,1,1,0,27,'2',18,60,27,6,0,0,11192,NULL,NULL,NULL),(224,0,'1','2020-12-23','0000-00-00 00:00:00','0000-00-00 00:00:00','0000-00-00 00:00:00','0000-00-00 00:00:00','0000-00-00 00:00:00','0000-00-00 00:00:00','prueba 2020 diciembre',1,'PL',2,NULL,1,1,0,28,'2',1,60,28,6,0,0,11226,NULL,NULL,NULL),(225,0,'1','2020-12-23','0000-00-00 00:00:00','0000-00-00 00:00:00','0000-00-00 00:00:00','0000-00-00 00:00:00','0000-00-00 00:00:00','0000-00-00 00:00:00','nueva s.s diceimbre del 2020',1,'PL',2,NULL,1,1,0,26,'2',1,60,26,6,0,0,11191,NULL,NULL,NULL),(226,0,'1','2020-12-23','0000-00-00 00:00:00','0000-00-00 00:00:00','0000-00-00 00:00:00','0000-00-00 00:00:00','0000-00-00 00:00:00','0000-00-00 00:00:00','Probando planificación de la solicitud de servicio',1,'PL',2,NULL,1,1,0,30,'2',1,60,30,6,0,0,11228,NULL,NULL,NULL),(227,0,NULL,'0000-00-00','0000-00-00 00:00:00','0000-00-00 00:00:00','0000-00-00 00:00:00','0000-00-00 00:00:00','0000-00-00 00:00:00','0000-00-00 00:00:00','probando OT',1,'PL',2,NULL,0,1,1,0,'1',19,NULL,NULL,6,NULL,NULL,11229,NULL,NULL,NULL),(228,1,'1','2020-12-23','2020-12-23 11:43:00','0000-00-00 00:00:00','0000-00-00 00:00:00','0000-00-00 00:00:00','0000-00-00 00:00:00','0000-00-00 00:00:00','Limpie el Cuerpo Del Radiador (Utilice Aire Comprimido.)',1,'PL',2,31,1,1,0,31,'2',13,60,31,6,0,0,11231,NULL,NULL,NULL),(229,0,'1','2020-12-23','2020-12-26 16:30:00','0000-00-00 00:00:00','0000-00-00 00:00:00','0000-00-00 00:00:00','0000-00-00 00:00:00','0000-00-00 00:00:00','Tarea test HUGO 23-10-2020',1,'AS',2,2,1,1,0,32,'2',1,60,32,6,0,0,11232,'','',NULL),(230,0,'1','2020-12-29','2020-12-30 12:30:00','2020-12-29 10:33:38','0000-00-00 00:00:00','2020-12-29 10:43:16','0000-00-00 00:00:00','0000-00-00 00:00:00','diciembre 202000',1,'T',2,1,1,1,0,33,'2',1,60,33,6,0,0,11250,NULL,NULL,NULL),(231,111,'1','2020-12-30','2020-12-31 00:00:00','2020-12-30 09:52:28','0000-00-00 00:00:00','0000-00-00 00:00:00','0000-00-00 00:00:00','0000-00-00 00:00:00','TEST',1,'C',2,1,1,1,0,34,'2',19,60,34,6,0,0,11253,'-00000','-00000',NULL),(232,0,NULL,'0000-00-00','2020-12-30 00:00:00','2020-12-30 12:08:45','0000-00-00 00:00:00','0000-00-00 00:00:00','0000-00-00 00:00:00','0000-00-00 00:00:00','nueva tarea sim prueba',1,'C',53,1,0,1,1,0,'1',16,NULL,NULL,6,NULL,NULL,11257,NULL,NULL,NULL),(233,73,NULL,'0000-00-00','2021-05-19 00:00:00','0000-00-00 00:00:00','0000-00-00 00:00:00','0000-00-00 00:00:00','0000-00-00 00:00:00','0000-00-00 00:00:00','Cambiar Aceite de Mandos Finales (cada 1000 hs según horometro utilizar aceite SAE 50).',1,'PL',2,NULL,0,1,1,0,'1',13,NULL,NULL,6,NULL,NULL,13043,NULL,NULL,NULL),(234,74,NULL,'0000-00-00','2021-05-26 00:00:00','0000-00-00 00:00:00','0000-00-00 00:00:00','0000-00-00 00:00:00','0000-00-00 00:00:00','0000-00-00 00:00:00','Limpiar el Equipo (utilice aire comprimido).',1,'PL',4,NULL,0,1,1,0,'1',20,NULL,NULL,6,NULL,NULL,13045,NULL,NULL,NULL),(235,0,NULL,'0000-00-00','2021-05-27 00:00:00','0000-00-00 00:00:00','0000-00-00 00:00:00','0000-00-00 00:00:00','0000-00-00 00:00:00','0000-00-00 00:00:00','revisar',1,'PL',4,NULL,0,1,1,0,'1',20,NULL,NULL,6,NULL,NULL,13046,NULL,NULL,NULL),(236,0,NULL,'0000-00-00','2021-05-27 00:00:00','0000-00-00 00:00:00','0000-00-00 00:00:00','0000-00-00 00:00:00','0000-00-00 00:00:00','0000-00-00 00:00:00','apriete tornillos',1,'PL',4,NULL,0,1,1,0,'1',13,NULL,NULL,6,NULL,NULL,13047,NULL,NULL,NULL),(237,19,NULL,'0000-00-00','2021-06-10 00:00:00','2021-06-10 11:17:54','0000-00-00 00:00:00','2021-06-10 11:17:59','0000-00-00 00:00:00','0000-00-00 00:00:00','Apriete los Tornillos de los Pasadores de Expansión de los Cilindros.',1,'CE',2,1,0,1,1,0,'1',1,NULL,NULL,6,NULL,NULL,13052,NULL,NULL,NULL),(238,65,NULL,'0000-00-00','2021-06-11 00:00:00','2021-06-11 10:40:47','0000-00-00 00:00:00','2021-06-11 10:41:18','0000-00-00 00:00:00','0000-00-00 00:00:00','Cambiar Aceite de Diferencial Delantero y Trasero (cada 1000 hs según horometro útilizar aceite sae50).',1,'T',2,1,0,1,1,0,'1',3,NULL,NULL,6,NULL,NULL,14004,NULL,NULL,NULL);
/*!40000 ALTER TABLE `orden_trabajo` ENABLE KEYS */;
UNLOCK TABLES;

--
-- Table structure for table `paises`
--

DROP TABLE IF EXISTS `paises`;
/*!40101 SET @saved_cs_client     = @@character_set_client */;
/*!40101 SET character_set_client = utf8 */;
CREATE TABLE `paises` (
  `Codigo` varchar(2) NOT NULL,
  `Pais` varchar(100) NOT NULL,
  PRIMARY KEY (`Codigo`)
) ENGINE=MyISAM DEFAULT CHARSET=utf8;
/*!40101 SET character_set_client = @saved_cs_client */;

--
-- Dumping data for table `paises`
--

LOCK TABLES `paises` WRITE;
/*!40000 ALTER TABLE `paises` DISABLE KEYS */;
INSERT INTO `paises` VALUES ('AR','Argentina');
/*!40000 ALTER TABLE `paises` ENABLE KEYS */;
UNLOCK TABLES;

--
-- Table structure for table `parametroequipo`
--

DROP TABLE IF EXISTS `parametroequipo`;
/*!40101 SET @saved_cs_client     = @@character_set_client */;
/*!40101 SET character_set_client = utf8 */;
CREATE TABLE `parametroequipo` (
  `id` int(11) NOT NULL AUTO_INCREMENT,
  `paramId` int(11) NOT NULL,
  `id_equipo` int(11) NOT NULL,
  `valor` varchar(255) NOT NULL,
  `fechahora` datetime NOT NULL,
  `id_empresa` int(11) NOT NULL,
  PRIMARY KEY (`id`),
  KEY `id_equipo` (`id_equipo`),
  KEY `paramId` (`paramId`)
) ENGINE=InnoDB AUTO_INCREMENT=2 DEFAULT CHARSET=latin1;
/*!40101 SET character_set_client = @saved_cs_client */;

--
-- Dumping data for table `parametroequipo`
--

LOCK TABLES `parametroequipo` WRITE;
/*!40000 ALTER TABLE `parametroequipo` DISABLE KEYS */;
INSERT INTO `parametroequipo` VALUES (1,1,1,'230','2019-06-27 12:00:00',6);
/*!40000 ALTER TABLE `parametroequipo` ENABLE KEYS */;
UNLOCK TABLES;

--
-- Table structure for table `parametros`
--

DROP TABLE IF EXISTS `parametros`;
/*!40101 SET @saved_cs_client     = @@character_set_client */;
/*!40101 SET character_set_client = utf8 */;
CREATE TABLE `parametros` (
  `paramId` int(11) NOT NULL AUTO_INCREMENT,
  `paramdescrip` varchar(255) DEFAULT NULL,
  `min` varchar(255) DEFAULT NULL,
  `estado` varchar(5) NOT NULL,
  `id_empresa` int(11) DEFAULT NULL,
  PRIMARY KEY (`paramId`)
) ENGINE=InnoDB AUTO_INCREMENT=3 DEFAULT CHARSET=latin1;
/*!40101 SET character_set_client = @saved_cs_client */;

--
-- Dumping data for table `parametros`
--

LOCK TABLES `parametros` WRITE;
/*!40000 ALTER TABLE `parametros` DISABLE KEYS */;
INSERT INTO `parametros` VALUES (1,'Parámetro 1',NULL,'AC',6),(2,'Parámetro 2',NULL,'AC',6);
/*!40000 ALTER TABLE `parametros` ENABLE KEYS */;
UNLOCK TABLES;

--
-- Table structure for table `periodo`
--

DROP TABLE IF EXISTS `periodo`;
/*!40101 SET @saved_cs_client     = @@character_set_client */;
/*!40101 SET character_set_client = utf8 */;
CREATE TABLE `periodo` (
  `idperiodo` int(11) NOT NULL AUTO_INCREMENT,
  `descripcion` varchar(255) NOT NULL,
  `estado` varchar(4) NOT NULL,
  `id_empresa` int(11) NOT NULL,
  PRIMARY KEY (`idperiodo`)
) ENGINE=InnoDB AUTO_INCREMENT=14 DEFAULT CHARSET=utf8;
/*!40101 SET character_set_client = @saved_cs_client */;

--
-- Dumping data for table `periodo`
--

LOCK TABLES `periodo` WRITE;
/*!40000 ALTER TABLE `periodo` DISABLE KEYS */;
INSERT INTO `periodo` VALUES (1,'Diario','AC',6),(2,'Mensual','AC',6),(3,'Semestral','AC',6),(4,'Anual','AC',6),(5,'Horas','AC',6),(6,'Ciclos','AC',6),(7,'Kilómetros','AC',6),(8,'Diario','AC',8),(9,'Mensual','AC',8),(10,'Semanal','AC',6),(11,'Anual','AC',8),(12,'Horas','AC',8),(13,'Ciclos','AC',8);
/*!40000 ALTER TABLE `periodo` ENABLE KEYS */;
UNLOCK TABLES;

--
-- Table structure for table `predictivo`
--

DROP TABLE IF EXISTS `predictivo`;
/*!40101 SET @saved_cs_client     = @@character_set_client */;
/*!40101 SET character_set_client = utf8 */;
CREATE TABLE `predictivo` (
  `predId` int(11) NOT NULL AUTO_INCREMENT,
  `id_equipo` int(11) NOT NULL,
  `tarea_descrip` varchar(2000) COLLATE utf8_spanish_ci NOT NULL,
  `fecha` date NOT NULL,
  `periodo` varchar(50) COLLATE utf8_spanish_ci NOT NULL,
  `cantidad` int(11) NOT NULL,
  `horash` float DEFAULT NULL,
  `estado` varchar(5) COLLATE utf8_spanish_ci NOT NULL,
  `pred_duracion` int(11) NOT NULL,
  `id_unidad` int(11) NOT NULL,
  `pred_canth` int(11) NOT NULL,
  `id_empresa` int(11) NOT NULL,
  `pred_adjunto` varchar(255) COLLATE utf8_spanish_ci DEFAULT NULL,
  PRIMARY KEY (`predId`)
) ENGINE=InnoDB DEFAULT CHARSET=utf8 COLLATE=utf8_spanish_ci;
/*!40101 SET character_set_client = @saved_cs_client */;

--
-- Dumping data for table `predictivo`
--

LOCK TABLES `predictivo` WRITE;
/*!40000 ALTER TABLE `predictivo` DISABLE KEYS */;
/*!40000 ALTER TABLE `predictivo` ENABLE KEYS */;
UNLOCK TABLES;

--
-- Table structure for table `preventivo`
--

DROP TABLE IF EXISTS `preventivo`;
/*!40101 SET @saved_cs_client     = @@character_set_client */;
/*!40101 SET character_set_client = utf8 */;
CREATE TABLE `preventivo` (
  `prevId` int(11) NOT NULL AUTO_INCREMENT,
  `id_equipo` int(11) NOT NULL,
  `id_tarea` int(11) NOT NULL,
  `perido` varchar(50) NOT NULL,
  `cantidad` double NOT NULL,
  `ultimo` date NOT NULL,
  `id_componente` int(11) NOT NULL,
  `critico1` double DEFAULT NULL,
  `fechaprobable` date DEFAULT NULL,
  `horash` int(11) NOT NULL,
  `estadoprev` char(255) DEFAULT NULL,
  `prev_duracion` double NOT NULL,
  `id_unidad` int(11) NOT NULL,
  `prev_canth` double NOT NULL,
  `prev_adjunto` varchar(255) CHARACTER SET utf8 COLLATE utf8_spanish_ci DEFAULT NULL,
  `id_empresa` int(11) NOT NULL,
  `lectura_base` double DEFAULT NULL,
  PRIMARY KEY (`prevId`),
  KEY `id_equipo` (`id_equipo`),
  KEY `id_tarea` (`id_tarea`),
  KEY `id_componente` (`id_componente`)
) ENGINE=InnoDB AUTO_INCREMENT=9 DEFAULT CHARSET=latin1;
/*!40101 SET character_set_client = @saved_cs_client */;

--
-- Dumping data for table `preventivo`
--

LOCK TABLES `preventivo` WRITE;
/*!40000 ALTER TABLE `preventivo` DISABLE KEYS */;
INSERT INTO `preventivo` VALUES (1,1,92,'4',1,'2020-04-29',1,NULL,NULL,1,'C',30,1,2,NULL,6,NULL),(2,1,46,'5',250,'2020-06-26',1,210,NULL,4,'C',120,1,2,NULL,6,9000),(3,1,73,'5',1000,'2020-06-26',1,950,NULL,4,'AS',120,1,2,NULL,6,9000),(4,1,38,'5',500,'2020-06-26',1,450,NULL,4,'AN',120,1,2,NULL,6,12000),(5,1,19,'10',1,'2021-01-01',1,NULL,NULL,0,'C',5,1,1,NULL,6,NULL),(6,1,69,'5',1,'2020-10-01',3,NULL,NULL,60,'C',30,2,2,NULL,6,NULL),(7,16,19,'6',3,'2020-10-13',3,11008,NULL,5,'C',5,2,1,NULL,6,11003),(8,16,4,'5',1,'2020-10-14',3,11008,NULL,5,'C',5,2,1,NULL,6,0);
/*!40000 ALTER TABLE `preventivo` ENABLE KEYS */;
UNLOCK TABLES;

--
-- Table structure for table `proceso`
--

DROP TABLE IF EXISTS `proceso`;
/*!40101 SET @saved_cs_client     = @@character_set_client */;
/*!40101 SET character_set_client = utf8 */;
CREATE TABLE `proceso` (
  `id_proceso` int(11) NOT NULL AUTO_INCREMENT,
  `descripcion` varchar(100) COLLATE utf8mb4_spanish_ci NOT NULL,
  `id_empresa` int(11) NOT NULL,
  `estado` varchar(45) COLLATE utf8mb4_spanish_ci NOT NULL,
  PRIMARY KEY (`id_proceso`)
) ENGINE=InnoDB AUTO_INCREMENT=28 DEFAULT CHARSET=utf8mb4 COLLATE=utf8mb4_spanish_ci;
/*!40101 SET character_set_client = @saved_cs_client */;

--
-- Dumping data for table `proceso`
--

LOCK TABLES `proceso` WRITE;
/*!40000 ALTER TABLE `proceso` DISABLE KEYS */;
INSERT INTO `proceso` VALUES (1,'un proceso nuevo 1',0,'AN'),(2,'nuevo proceso 001',0,'AN'),(3,'Extracción y Transporte',0,'AC'),(4,'proceso nuevo',6,'AN'),(5,'proceso emp 6',6,'AN'),(6,'proceso testing',6,'AN'),(7,'EXTRACCIÓN Y TRANSPORTE DE MINERAL',6,'AC'),(8,'Extracción y Transporte De Mineral',6,'AC'),(9,'Proceso de prueba',6,'AC'),(11,'Perforación',7,'AC'),(12,'Perforación y Voladura',6,'AC'),(13,'Operaciones',7,'AC'),(14,'Mantenimiento',7,'AC'),(15,'Capacitacion',7,'AC'),(16,'PROCESO NUEVO',6,'AN'),(17,'Minado',8,'AC'),(18,'proceso prueba hugo',6,'AC'),(19,'Cales Vivas Molidas',6,'AC'),(20,'PERFORACIÓN Y DESARROLLO',6,'AC'),(21,'CARGA DE PIEDRA',6,'AC'),(22,'Módulos habitacionales',6,'AC'),(23,'Proceso 1',6,'AC'),(24,'Siembra',6,'AC'),(25,'Proceso de noqueo',6,'AC'),(26,'Sierra de Dividir',6,'AC'),(27,'Generación de Corriente',6,'AC');
/*!40000 ALTER TABLE `proceso` ENABLE KEYS */;
UNLOCK TABLES;

--
-- Table structure for table `remitos`
--

DROP TABLE IF EXISTS `remitos`;
/*!40101 SET @saved_cs_client     = @@character_set_client */;
/*!40101 SET character_set_client = utf8 */;
CREATE TABLE `remitos` (
  `remitoId` int(11) NOT NULL AUTO_INCREMENT,
  `fecha` datetime NOT NULL,
  `provid` int(11) NOT NULL,
  `comprobante` varchar(255) CHARACTER SET latin1 NOT NULL,
  `id_empresa` int(11) NOT NULL,
  PRIMARY KEY (`remitoId`),
  KEY `provid` (`provid`)
) ENGINE=InnoDB DEFAULT CHARSET=utf8 COLLATE=utf8_spanish_ci;
/*!40101 SET character_set_client = @saved_cs_client */;

--
-- Dumping data for table `remitos`
--

LOCK TABLES `remitos` WRITE;
/*!40000 ALTER TABLE `remitos` DISABLE KEYS */;
/*!40000 ALTER TABLE `remitos` ENABLE KEYS */;
UNLOCK TABLES;

--
-- Table structure for table `rubro`
--

DROP TABLE IF EXISTS `rubro`;
/*!40101 SET @saved_cs_client     = @@character_set_client */;
/*!40101 SET character_set_client = utf8 */;
CREATE TABLE `rubro` (
  `id_rubro` int(10) NOT NULL AUTO_INCREMENT,
  `descripcion` varchar(50) NOT NULL,
  PRIMARY KEY (`id_rubro`)
) ENGINE=MyISAM AUTO_INCREMENT=5 DEFAULT CHARSET=latin1;
/*!40101 SET character_set_client = @saved_cs_client */;

--
-- Dumping data for table `rubro`
--

LOCK TABLES `rubro` WRITE;
/*!40000 ALTER TABLE `rubro` DISABLE KEYS */;
/*!40000 ALTER TABLE `rubro` ENABLE KEYS */;
UNLOCK TABLES;

--
-- Table structure for table `sector`
--

DROP TABLE IF EXISTS `sector`;
/*!40101 SET @saved_cs_client     = @@character_set_client */;
/*!40101 SET character_set_client = utf8 */;
CREATE TABLE `sector` (
  `id_sector` int(10) NOT NULL AUTO_INCREMENT,
  `descripcion` varchar(50) CHARACTER SET latin1 NOT NULL,
  `estado` varchar(5) COLLATE utf8_spanish_ci NOT NULL,
  `id_empresa` int(11) NOT NULL,
  PRIMARY KEY (`id_sector`)
) ENGINE=InnoDB AUTO_INCREMENT=11 DEFAULT CHARSET=utf8 COLLATE=utf8_spanish_ci;
/*!40101 SET character_set_client = @saved_cs_client */;

--
-- Dumping data for table `sector`
--

LOCK TABLES `sector` WRITE;
/*!40000 ALTER TABLE `sector` DISABLE KEYS */;
INSERT INTO `sector` VALUES (1,'Sector 1','AC',6),(2,'Etapa 2','AC',6),(3,'Transporte','AC',6),(4,'Sector 1','AN',6),(5,'Sector Zona Sucia','AC',6),(6,'Zona LImpia','AC',6),(7,'Grupo Electrógeno','AC',6),(8,'Grupo Electrógeno','AN',6),(9,'Sector 3','AC',6),(10,'Sector E','AC',6);
/*!40000 ALTER TABLE `sector` ENABLE KEYS */;
UNLOCK TABLES;

--
-- Table structure for table `seguro`
--

DROP TABLE IF EXISTS `seguro`;
/*!40101 SET @saved_cs_client     = @@character_set_client */;
/*!40101 SET character_set_client = utf8 */;
CREATE TABLE `seguro` (
  `id_seguro` int(11) NOT NULL AUTO_INCREMENT,
  `asegurado` varchar(3000) COLLATE utf8_spanish_ci NOT NULL,
  `ref` int(11) NOT NULL,
  `numero_pliza` int(11) NOT NULL,
  `fecha_inicio` datetime NOT NULL,
  `fecha_vigencia` datetime NOT NULL,
  `cobertura` varchar(3000) COLLATE utf8_spanish_ci NOT NULL,
  `id_equipo` int(11) NOT NULL,
  PRIMARY KEY (`id_seguro`)
) ENGINE=InnoDB DEFAULT CHARSET=utf8 COLLATE=utf8_spanish_ci;
/*!40101 SET character_set_client = @saved_cs_client */;

--
-- Dumping data for table `seguro`
--

LOCK TABLES `seguro` WRITE;
/*!40000 ALTER TABLE `seguro` DISABLE KEYS */;
/*!40000 ALTER TABLE `seguro` ENABLE KEYS */;
UNLOCK TABLES;

--
-- Table structure for table `setupparam`
--

DROP TABLE IF EXISTS `setupparam`;
/*!40101 SET @saved_cs_client     = @@character_set_client */;
/*!40101 SET character_set_client = utf8 */;
CREATE TABLE `setupparam` (
  `id_equipo` int(11) NOT NULL,
  `id_parametro` int(11) NOT NULL,
  `maximo` double NOT NULL,
  `minimo` double NOT NULL,
  `id_empresa` int(11) NOT NULL,
  PRIMARY KEY (`id_parametro`,`id_equipo`),
  KEY `id_equipo` (`id_equipo`)
) ENGINE=InnoDB DEFAULT CHARSET=latin1;
/*!40101 SET character_set_client = @saved_cs_client */;

--
-- Dumping data for table `setupparam`
--

LOCK TABLES `setupparam` WRITE;
/*!40000 ALTER TABLE `setupparam` DISABLE KEYS */;
INSERT INTO `setupparam` VALUES (1,1,200,80,6),(14,1,50,80,6);
/*!40000 ALTER TABLE `setupparam` ENABLE KEYS */;
UNLOCK TABLES;

--
-- Table structure for table `sisactions`
--

DROP TABLE IF EXISTS `sisactions`;
/*!40101 SET @saved_cs_client     = @@character_set_client */;
/*!40101 SET character_set_client = utf8 */;
CREATE TABLE `sisactions` (
  `actId` int(11) NOT NULL AUTO_INCREMENT,
  `actDescription` varchar(20) CHARACTER SET utf8 COLLATE utf8_spanish_ci NOT NULL,
  `actDescriptionSpanish` varchar(20) CHARACTER SET utf8 COLLATE utf8_spanish_ci DEFAULT NULL,
  PRIMARY KEY (`actId`)
) ENGINE=InnoDB AUTO_INCREMENT=18 DEFAULT CHARSET=utf8;
/*!40101 SET character_set_client = @saved_cs_client */;

--
-- Dumping data for table `sisactions`
--

LOCK TABLES `sisactions` WRITE;
/*!40000 ALTER TABLE `sisactions` DISABLE KEYS */;
INSERT INTO `sisactions` VALUES (1,'Add','Agregar'),(2,'Edit','Editar'),(3,'Del','Eliminar'),(4,'View','Consultar'),(5,'Imprimir','Imprimir'),(6,'Saldo','Consultar Saldo'),(7,'Asignar','Asignar'),(8,'Finalizar','Finalizar'),(9,'OP','OP'),(10,'Pedidos','Pedidos'),(11,'Supervisor','Supervisor'),(12,'Entregar','Entrega de Ordenes'),(13,'Lectura','Lect horas equipos '),(14,'Correctivo','Ver Correctivos'),(15,'Preventivos','Ver Preventivos'),(16,'Backlog','Ver Backlog'),(17,'Predictivo','Ver Predictivos');
/*!40000 ALTER TABLE `sisactions` ENABLE KEYS */;
UNLOCK TABLES;

--
-- Table structure for table `sisgroups`
--

DROP TABLE IF EXISTS `sisgroups`;
/*!40101 SET @saved_cs_client     = @@character_set_client */;
/*!40101 SET character_set_client = utf8 */;
CREATE TABLE `sisgroups` (
  `grpId` int(11) NOT NULL AUTO_INCREMENT,
  `grpName` varchar(20) CHARACTER SET utf8 COLLATE utf8_spanish_ci NOT NULL,
  `grpDash` varchar(50) CHARACTER SET utf8 COLLATE utf8_spanish_ci NOT NULL,
  `id_empresa` int(11) NOT NULL,
  PRIMARY KEY (`grpId`)
) ENGINE=InnoDB AUTO_INCREMENT=22 DEFAULT CHARSET=utf8;
/*!40101 SET character_set_client = @saved_cs_client */;

--
-- Dumping data for table `sisgroups`
--

LOCK TABLES `sisgroups` WRITE;
/*!40000 ALTER TABLE `sisgroups` DISABLE KEYS */;
INSERT INTO `sisgroups` VALUES (1,'Administrador','Otrabajo',6),(2,'Vendedor','Sservicio',6),(3,'Depósito','Sservicio',6),(4,'Mantenedor','Tarea',6),(5,'Supervisor de Taller','Sservicio',6),(7,'Planificador','Tarea',6),(10,'Administrador','Otrabajo',8),(11,'Recepcion','Otrabajo',8),(12,'R.R.H.H.','Otrabajo',8),(13,'Administracion','Otrabajo',8),(14,'Cobranzas','Otrabajo',8),(15,'Operaciones','Otrabajo',8),(16,'Ceo','Otrabajo',8),(17,'Compras','Otrabajo',8),(18,'Depósito','Otrabajo',8),(19,'Supervisión','Otrabajo',8),(20,'Solicitante','Sservicio',6),(21,'consultor','Sservicio',6);
/*!40000 ALTER TABLE `sisgroups` ENABLE KEYS */;
UNLOCK TABLES;

--
-- Table structure for table `sisgroupsactions`
--

DROP TABLE IF EXISTS `sisgroupsactions`;
/*!40101 SET @saved_cs_client     = @@character_set_client */;
/*!40101 SET character_set_client = utf8 */;
CREATE TABLE `sisgroupsactions` (
  `grpactId` int(11) NOT NULL AUTO_INCREMENT,
  `grpId` int(11) NOT NULL,
  `menuAccId` int(11) NOT NULL,
  PRIMARY KEY (`grpactId`),
  KEY `grpId` (`grpId`) USING BTREE,
  KEY `menuAccId` (`menuAccId`) USING BTREE
) ENGINE=InnoDB AUTO_INCREMENT=3321 DEFAULT CHARSET=utf8;
/*!40101 SET character_set_client = @saved_cs_client */;

--
-- Dumping data for table `sisgroupsactions`
--

LOCK TABLES `sisgroupsactions` WRITE;
/*!40000 ALTER TABLE `sisgroupsactions` DISABLE KEYS */;
INSERT INTO `sisgroupsactions` VALUES (154,151,1),(158,158,1),(159,159,1),(160,160,1),(1171,10,2),(1190,10,6),(1191,10,7),(1192,10,8),(1193,10,9),(1194,10,10),(1195,10,11),(1196,10,12),(1197,10,13),(1200,22,9),(1201,23,9),(1202,24,9),(1203,25,6),(1204,25,7),(1205,25,8),(1206,25,9),(1207,25,10),(1208,25,11),(1209,25,12),(1210,25,13),(1211,25,14),(1212,25,15),(1213,25,16),(1214,25,17),(1215,25,18),(1216,25,19),(1217,25,20),(1218,25,21),(1219,25,23),(1220,25,24),(1221,25,25),(1222,25,151),(1223,25,26),(1224,25,27),(1225,25,28),(1226,25,29),(1227,25,30),(1228,25,31),(1229,25,32),(1230,25,33),(1231,25,34),(1232,25,35),(1233,25,36),(1234,25,37),(1235,25,38),(1236,25,39),(1237,25,40),(1238,25,41),(1239,25,42),(1240,25,43),(1241,25,115),(1242,25,116),(1243,25,117),(1244,25,155),(1245,25,156),(1246,25,157),(1247,25,118),(1248,25,119),(1249,25,120),(1250,25,152),(1251,25,153),(1252,25,154),(1253,25,176),(1254,25,177),(1255,25,178),(1256,25,179),(1257,25,180),(1258,25,158),(1259,25,159),(1260,25,160),(1261,25,209),(1262,25,210),(1263,25,211),(1264,25,212),(1265,25,64),(1266,25,65),(1267,25,66),(1268,25,67),(1269,25,68),(1270,25,69),(1271,25,70),(1272,25,71),(1273,25,72),(1274,25,73),(1275,25,74),(1276,25,75),(1277,25,85),(1278,25,86),(1279,25,87),(1280,25,88),(1281,25,89),(1282,25,90),(1283,25,91),(1284,25,92),(1285,25,93),(1286,25,94),(1287,25,95),(1288,25,96),(1289,25,97),(1290,25,98),(1291,25,99),(1292,25,100),(1293,25,101),(1294,25,102),(1295,25,103),(1296,25,104),(1297,25,105),(1298,25,106),(1299,25,107),(1300,25,108),(1301,25,109),(1302,25,110),(1303,25,111),(1304,25,170),(1305,25,171),(1306,25,172),(1307,25,181),(1308,25,182),(1309,25,183),(1310,25,184),(1311,25,185),(1312,25,186),(1313,25,187),(1314,25,188),(1315,25,189),(1316,25,190),(1317,25,191),(1318,25,192),(1319,25,193),(1320,25,194),(1321,25,195),(1322,25,196),(1323,25,197),(1324,25,198),(1325,25,199),(1326,25,200),(1327,25,201),(1328,25,202),(1329,25,203),(1330,25,204),(1331,25,205),(1332,25,206),(1333,25,207),(1334,25,208),(1335,25,127),(1336,25,128),(1337,25,129),(1338,25,130),(1339,25,132),(1340,25,139),(1341,25,140),(1342,25,141),(1343,25,142),(1344,25,143),(1345,25,144),(1346,25,145),(1347,25,146),(1348,25,147),(1349,25,148),(1350,25,149),(1351,25,150),(1352,25,45),(1353,25,46),(1354,25,47),(1355,25,48),(1356,25,49),(1357,25,50),(1358,25,54),(1359,25,55),(1360,25,56),(1361,25,57),(1362,25,58),(1363,25,59),(1364,25,60),(1365,25,79),(1366,25,80),(1367,25,81),(1368,25,121),(1369,25,122),(1370,25,123),(1371,26,9),(1372,27,9),(1373,28,9),(1595,11,151),(1596,11,226),(1597,11,227),(1598,11,228),(1599,11,230),(1600,11,231),(1601,11,232),(1602,11,233),(1603,11,177),(1604,11,178),(1605,11,179),(1606,11,180),(1607,11,212),(1608,11,220),(1609,11,221),(1610,11,222),(1611,11,223),(1612,11,184),(1613,11,188),(1614,11,192),(1615,11,196),(1616,11,200),(1617,11,204),(1618,11,208),(1619,11,214),(1620,11,215),(1621,11,217),(1622,11,60),(1623,11,225),(1624,11,218),(1656,13,226),(1657,13,227),(1658,13,228),(1659,13,230),(1660,13,231),(1661,13,232),(1662,13,233),(1663,13,177),(1664,13,178),(1665,13,179),(1666,13,180),(1667,13,212),(1668,13,220),(1669,13,221),(1670,13,222),(1671,13,223),(1672,13,184),(1673,13,188),(1674,13,192),(1675,13,196),(1676,13,200),(1677,13,204),(1678,13,208),(1679,13,236),(1680,13,237),(1681,13,214),(1682,13,215),(1683,13,217),(1684,13,60),(1685,13,225),(1686,13,218),(1687,12,226),(1688,12,227),(1689,12,228),(1690,12,230),(1691,12,231),(1692,12,232),(1693,12,233),(1694,12,177),(1695,12,178),(1696,12,179),(1697,12,180),(1698,12,212),(1699,12,220),(1700,12,221),(1701,12,222),(1702,12,223),(1703,12,184),(1704,12,188),(1705,12,192),(1706,12,196),(1707,12,200),(1708,12,204),(1709,12,208),(1710,12,236),(1711,12,237),(1712,12,214),(1713,12,215),(1714,12,217),(1715,12,60),(1716,12,225),(1717,12,218),(1799,18,220),(1800,18,221),(1801,18,222),(1802,18,223),(1803,18,236),(1804,18,237),(1805,18,214),(1806,18,215),(1807,18,217),(1808,18,60),(1809,18,225),(1810,18,218),(1811,19,23),(1812,19,24),(1813,19,25),(1814,19,151),(1815,19,226),(1816,19,26),(1817,19,27),(1818,19,28),(1819,19,227),(1820,19,29),(1821,19,30),(1822,19,31),(1823,19,228),(1824,19,32),(1825,19,33),(1826,19,34),(1827,19,35),(1828,19,36),(1829,19,37),(1830,19,231),(1831,19,38),(1832,19,39),(1833,19,40),(1834,19,232),(1835,19,41),(1836,19,42),(1837,19,43),(1838,19,233),(1839,19,115),(1840,19,116),(1841,19,117),(1842,19,155),(1843,19,156),(1844,19,157),(1845,19,118),(1846,19,119),(1847,19,120),(1848,19,152),(1849,19,153),(1850,19,154),(1851,19,176),(1852,19,177),(1853,19,178),(1854,19,179),(1855,19,180),(1856,19,158),(1857,19,159),(1858,19,160),(1859,19,209),(1860,19,210),(1861,19,211),(1862,19,212),(1863,19,220),(1864,19,221),(1865,19,222),(1866,19,223),(1867,19,214),(1868,19,215),(1869,19,217),(1870,19,60),(1871,19,225),(1872,19,218),(1873,14,226),(1874,14,227),(1875,14,228),(1876,14,230),(1877,14,231),(1878,14,232),(1879,14,233),(1880,14,177),(1881,14,178),(1882,14,179),(1883,14,180),(1884,14,212),(1885,14,220),(1886,14,221),(1887,14,222),(1888,14,223),(1889,14,184),(1890,14,188),(1891,14,192),(1892,14,196),(1893,14,200),(1894,14,204),(1895,14,208),(1896,14,236),(1897,14,237),(1898,14,214),(1899,14,215),(1900,14,217),(1901,14,60),(1902,14,225),(1903,14,218),(2651,20,41),(2652,20,42),(2653,20,43),(2654,20,233),(2655,20,242),(2656,20,243),(2657,20,244),(2658,20,245),(2659,4,116),(2660,4,155),(2661,4,156),(2662,4,152),(2663,4,153),(2664,4,154),(2665,4,176),(2666,4,177),(2667,4,178),(2668,4,179),(2669,4,180),(2670,4,242),(2671,4,243),(2672,4,244),(2673,4,245),(2674,7,29),(2675,7,30),(2676,7,31),(2677,7,228),(2678,7,32),(2679,7,33),(2680,7,34),(2681,7,230),(2682,7,38),(2683,7,39),(2684,7,40),(2685,7,232),(2686,7,41),(2687,7,42),(2688,7,43),(2689,7,233),(2690,7,115),(2691,7,116),(2692,7,117),(2693,7,155),(2694,7,156),(2695,7,157),(2696,7,152),(2697,7,153),(2698,7,154),(2699,7,176),(2700,7,177),(2701,7,178),(2702,7,179),(2703,7,180),(2704,7,242),(2705,7,243),(2706,7,244),(2707,7,245),(3094,1,6),(3095,1,7),(3096,1,8),(3097,1,9),(3098,1,10),(3099,1,11),(3100,1,12),(3101,1,13),(3102,1,14),(3103,1,15),(3104,1,16),(3105,1,17),(3106,1,18),(3107,1,19),(3108,1,20),(3109,1,21),(3110,1,23),(3111,1,24),(3112,1,25),(3113,1,151),(3114,1,26),(3115,1,27),(3116,1,28),(3117,1,29),(3118,1,30),(3119,1,31),(3120,1,228),(3121,1,32),(3122,1,33),(3123,1,34),(3124,1,35),(3125,1,36),(3126,1,37),(3127,1,38),(3128,1,39),(3129,1,40),(3130,1,41),(3131,1,42),(3132,1,43),(3133,1,94),(3134,1,95),(3135,1,96),(3136,1,115),(3137,1,116),(3138,1,117),(3139,1,155),(3140,1,156),(3141,1,157),(3142,1,118),(3143,1,119),(3144,1,120),(3145,1,152),(3146,1,153),(3147,1,154),(3148,1,177),(3149,1,178),(3150,1,179),(3151,1,180),(3152,1,209),(3153,1,210),(3154,1,211),(3155,1,212),(3156,1,64),(3157,1,65),(3158,1,66),(3159,1,67),(3160,1,68),(3161,1,69),(3162,1,70),(3163,1,71),(3164,1,72),(3165,1,73),(3166,1,74),(3167,1,75),(3168,1,85),(3169,1,86),(3170,1,87),(3171,1,88),(3172,1,89),(3173,1,90),(3174,1,91),(3175,1,92),(3176,1,93),(3177,1,97),(3178,1,98),(3179,1,99),(3180,1,100),(3181,1,101),(3182,1,102),(3183,1,103),(3184,1,104),(3185,1,105),(3186,1,106),(3187,1,107),(3188,1,108),(3189,1,109),(3190,1,110),(3191,1,111),(3192,1,170),(3193,1,171),(3194,1,172),(3195,1,181),(3196,1,182),(3197,1,183),(3198,1,184),(3199,1,185),(3200,1,186),(3201,1,187),(3202,1,188),(3203,1,189),(3204,1,190),(3205,1,191),(3206,1,192),(3207,1,193),(3208,1,194),(3209,1,195),(3210,1,196),(3211,1,197),(3212,1,198),(3213,1,199),(3214,1,200),(3215,1,201),(3216,1,202),(3217,1,203),(3218,1,204),(3219,1,205),(3220,1,206),(3221,1,207),(3222,1,208),(3223,1,238),(3224,1,239),(3225,1,240),(3226,1,241),(3227,1,241),(3228,1,246),(3229,1,247),(3230,1,248),(3231,1,249),(3232,1,130),(3233,1,132),(3234,1,139),(3235,1,140),(3236,1,141),(3237,1,142),(3238,1,143),(3239,1,144),(3240,1,254),(3241,1,254),(3242,1,255),(3243,1,255),(3244,1,256),(3245,1,256),(3246,1,257),(3247,1,257),(3248,1,258),(3249,1,259),(3250,1,260),(3251,1,261),(3252,1,45),(3253,1,46),(3254,1,47),(3255,1,214),(3256,1,48),(3257,1,49),(3258,1,50),(3259,1,215),(3260,1,54),(3261,1,55),(3262,1,56),(3263,1,217),(3264,1,57),(3265,1,58),(3266,1,59),(3267,1,60),(3268,1,79),(3269,1,80),(3270,1,81),(3271,1,225),(3272,1,121),(3273,1,122),(3274,1,123),(3275,1,218),(3276,1,250),(3277,1,251),(3278,1,252),(3279,1,253),(3280,1,242),(3281,1,243),(3282,1,244),(3283,1,245),(3284,21,9),(3285,21,226),(3286,21,227),(3287,21,228),(3288,21,230),(3289,21,231),(3290,21,232),(3291,21,233),(3292,21,155),(3293,21,177),(3294,21,178),(3295,21,179),(3296,21,180),(3297,21,212),(3298,21,220),(3299,21,221),(3300,21,222),(3301,21,223),(3302,21,237),(3303,21,257),(3304,21,261),(3305,21,214),(3306,21,215),(3307,21,217),(3308,21,60),(3309,21,225),(3310,21,218),(3311,21,253),(3312,21,245),(3313,1,262),(3314,1,263),(3315,1,264),(3316,1,265),(3317,1,266),(3318,1,267),(3319,1,268),(3320,1,269);
/*!40000 ALTER TABLE `sisgroupsactions` ENABLE KEYS */;
UNLOCK TABLES;

--
-- Table structure for table `sismenu`
--

DROP TABLE IF EXISTS `sismenu`;
/*!40101 SET @saved_cs_client     = @@character_set_client */;
/*!40101 SET character_set_client = utf8 */;
CREATE TABLE `sismenu` (
  `id` int(11) NOT NULL AUTO_INCREMENT,
  `parent` int(11) DEFAULT NULL,
  `name` varchar(50) NOT NULL,
  `icon` varchar(30) NOT NULL,
  `slug` varchar(50) NOT NULL,
  `number` int(11) NOT NULL,
  `estado` varchar(45) NOT NULL,
  PRIMARY KEY (`id`),
  KEY `parent` (`parent`)
) ENGINE=InnoDB AUTO_INCREMENT=78 DEFAULT CHARSET=utf8;
/*!40101 SET character_set_client = @saved_cs_client */;

--
-- Dumping data for table `sismenu`
--

LOCK TABLES `sismenu` WRITE;
/*!40000 ALTER TABLE `sismenu` DISABLE KEYS */;
INSERT INTO `sismenu` VALUES (2,NULL,'Seguridad','fa fa-lock','',2,'AC'),(3,2,'Usuarios','fa fa-fw fa-user','user',2,'AC'),(4,2,'Grupos','fa fa-fw fa-users','group',1,'AC'),(5,2,'Menu','fa fa-fw fa-bars','menu',3,'AC'),(6,2,'Database','fa fa-fw fa-database','backup',4,'AC'),(7,NULL,'Mantenimiento','fa fa-wrench ','',3,'AC'),(8,7,'Equipos','fa fa-fw fa-cogs','Equipo',1,'AC'),(9,7,'Componentes','fa fa-fw fa-cogs','Componente/asigna',2,'AC'),(10,7,'Preventivo','fa fa-fw fa-tasks','Preventivo',5,'AC'),(12,7,'Backlog','fa fa-fw fa-tasks','Backlog',6,'AC'),(13,7,'Registro de Parametros','fa fa-fw fa-tasks','Lectura',10,'AC'),(14,7,'Predictivo','fa fa-fw fa-tasks','Predictivo',7,'AC'),(15,7,'Solicitud de Servicio','fa fa-fw fa-sitemap','Sservicio',3,'AC'),(16,NULL,'Pañol','fa fa-briefcase','',4,'AC'),(17,59,'Articulos','fa fa-fw fa-barcode ','almacen/Articulo/index',1,'AC'),(18,59,'Stock','fa fa-fw fa-cubes','almacen/Lote/index',2,'AC'),(20,59,'Entrega Materiales','fa fa-fw fa-check','almacen/new/Entrega_Material/index',3,'AC'),(21,59,'Recepcion de Materiales','fa fa-fw fa-paperclip ','almacen/Remito/index',4,'AC'),(23,16,'Herramientas','fa fa-fw fa-sign-out ','Herramienta',5,'AC'),(24,16,'Salida Herramientas','fa fa-fw fa-paper-plane','Order',6,'AC'),(25,16,'Entrada Herramientas','fa fa-fw fa-paper-plane','Unload',7,'AC'),(26,16,'Trazabilidad Componentes','fa fa-fw fa-exchange','Trazacomp',8,'AC'),(28,59,'Punto Pedido','fa fa-fw fa-bookmark','almacen/Lote/puntoPedList',10,'AC'),(29,NULL,'ABM','fa fa-book','',6,'AC'),(30,29,'ABM Grupo','fa fa-fw fa-server ','Grupo',2,'AC'),(31,29,'ABM Sector','fa fa-fw fa-sitemap ','Sector',3,'AC'),(32,29,'ABM Contratista','fa fa-fw fa-life-ring','Contratista',4,'AC'),(33,7,'Parametrizar Predictivo','fa fa-fw fa-bullhorn','Parametro',5,'AC'),(34,29,'ABM Deposito','fa fa-fw fa-qrcode','Deposito',5,'AC'),(35,29,'ABM Tareas','fa fa-fw fa-street-view','Tarea/index2',6,'AC'),(36,29,'ABM Parametros','fa fa-fw fa-adjust','Altparametro',6,'AC'),(37,29,'ABM Proveedor','fa fa-fw fa-truck','Proveedor',7,'AC'),(38,29,'ABM Familia','fa fa-fw fa-check-square','Family',8,'AC'),(40,7,'Ordenes de trabajo','fa fa-fw fa-tasks','Otrabajo/listOrden',8,'AC'),(41,7,'Administrar Ordenes','fa fa-fw fa-thumbs-up','Envio',10,'AC'),(43,59,'Pedidos Materiales','fa fa-fw fa-cart-plus','almacen/Notapedido/index',11,'AC'),(44,NULL,'Compras','fa fa-shopping-cart ','',5,'AC'),(46,44,'Recepción pedidos','fa fa-fw fa-check','Administracion',2,'AC'),(47,NULL,'Reportes','fa fa-line-chart ','',8,'AC'),(49,47,'Rep Informe de Servicios','fa fa-fw fa-file-text-o ','Reporte',3,'AC'),(50,47,'Rep Ordenes de trabajo','fa fa-fw fa-file-text-o ','Reporteorden',2,'AC'),(53,29,'ABM modelos','','',0,'AC'),(54,7,'Plan de Mantenimiento','fa fa-fw fa-calendar','calendario/indexot',9,'AC'),(55,7,'trazabilidad Activos','fa fa-fw fa-exchange','fa fa-calendar',11,'AC'),(58,NULL,'Equipos','fa fa-exchange','',0,'AC'),(59,NULL,'Almacenes','fa fa-check','',4,'AC'),(60,29,'ABM Marca','fa fa-fw fa-copyright','Marca',9,'AC'),(61,47,'Rep articulos pedidos','fa fa-fw fa-file-text-o ','Reportepedido',6,'AC'),(62,29,'ABM Area','fa fa-fw fa-asterisk','Area',1,'AC'),(63,29,'ABM Clientes','fa fa-fw fa-user','Cliente',2,'AC'),(64,29,'ABM Criticidad','fa fa-fw fa-line-chart','Criticidad',3,'AC'),(65,29,'ABM Procesos','fa fa-fw fa-sitemap','Proceso',5,'AC'),(66,29,'ABM Componentes','fa fa-fw fa-cogs','Componente',2,'AC'),(67,29,'ABM Unidad de medida','fa fa-fw fa-thermometer','UnidadMedida',11,'AC'),(68,29,'ABM Sucursales','fa fa-fw fa-building','Sucursal',10,'AC'),(69,7,'Informe de Servicios','fa fa-fw fa-file-text-o','Ordenservicio',4,'AC'),(70,29,'ABM Sistemas','fa fa-fw fa fa-cogs','SistemaABM',12,'AC'),(71,NULL,'Mis Tareas','glyphicon glyphicon-list-alt','Tarea',1,'AC'),(72,29,'ABM Plantilla Insumos','fa fa-fw fa-server','Plantillainsumo',3,'AC'),(73,59,'Ajuste Stock','fa fa-wrench','almacen/Ajustestock/index',15,'AC'),(74,47,'Rep Equipo','fa fa-fw fa-file-text-o ','Kpi/index',4,'AC'),(75,47,'Reporte de Consumo','fa fa-fw fa-file-text-o','Reporte/ejemplo',5,'AC'),(76,59,'Recep. Deposito','fa fa-reply','almacen/MovimientoDepoRecep/index',16,'AC'),(77,59,'Salida Deposito','fa fa-share','almacen/MovimientoDepoSal/index',17,'AC');
/*!40000 ALTER TABLE `sismenu` ENABLE KEYS */;
UNLOCK TABLES;

--
-- Table structure for table `sismenuactions`
--

DROP TABLE IF EXISTS `sismenuactions`;
/*!40101 SET @saved_cs_client     = @@character_set_client */;
/*!40101 SET character_set_client = utf8 */;
CREATE TABLE `sismenuactions` (
  `menuAccId` int(11) NOT NULL AUTO_INCREMENT,
  `menuId` int(11) NOT NULL,
  `actId` int(11) DEFAULT NULL,
  PRIMARY KEY (`menuAccId`)
) ENGINE=InnoDB AUTO_INCREMENT=270 DEFAULT CHARSET=utf8;
/*!40101 SET character_set_client = @saved_cs_client */;

--
-- Dumping data for table `sismenuactions`
--

LOCK TABLES `sismenuactions` WRITE;
/*!40000 ALTER TABLE `sismenuactions` DISABLE KEYS */;
INSERT INTO `sismenuactions` VALUES (1,1,1),(2,1,2),(3,1,3),(4,1,4),(5,2,1),(6,3,1),(7,3,2),(8,3,3),(9,3,4),(10,4,1),(11,4,2),(12,4,3),(13,4,4),(14,5,1),(15,5,2),(16,5,3),(17,5,4),(18,6,1),(19,6,2),(20,6,3),(21,6,4),(22,7,1),(23,8,1),(24,8,2),(25,8,3),(26,9,1),(27,9,2),(28,9,3),(29,10,1),(30,10,2),(31,10,3),(32,12,1),(33,12,2),(34,12,3),(35,13,1),(36,13,2),(37,13,3),(38,14,1),(39,14,2),(40,14,3),(41,15,1),(42,15,2),(43,15,3),(44,16,1),(45,17,1),(46,17,2),(47,17,3),(48,18,1),(49,18,2),(50,18,3),(51,19,1),(52,19,2),(53,19,3),(54,20,1),(55,20,2),(56,20,3),(57,21,1),(58,21,2),(59,21,3),(60,21,4),(61,22,1),(62,22,2),(63,22,3),(64,23,1),(65,23,2),(66,23,3),(67,24,1),(68,24,2),(69,24,3),(70,25,1),(71,25,2),(72,25,3),(73,26,1),(74,26,2),(75,26,3),(76,27,1),(77,27,2),(78,27,3),(79,28,1),(80,28,2),(81,28,3),(82,29,1),(83,29,2),(84,29,3),(85,30,1),(86,30,2),(87,30,3),(88,31,1),(89,31,2),(90,31,3),(91,32,1),(92,32,2),(93,32,3),(94,33,1),(95,33,2),(96,33,3),(97,34,1),(98,34,2),(99,34,3),(100,35,1),(101,35,2),(102,35,3),(103,36,1),(104,36,2),(105,36,3),(106,37,1),(107,37,2),(108,37,3),(109,38,1),(110,38,2),(111,38,3),(112,39,1),(113,39,2),(114,39,3),(115,40,1),(116,40,2),(117,40,3),(118,41,1),(119,41,2),(120,41,3),(121,43,1),(122,43,2),(123,43,3),(124,44,1),(125,44,2),(126,44,3),(127,45,1),(128,45,2),(129,45,3),(130,46,1),(131,46,52),(132,46,3),(133,47,1),(134,47,2),(135,47,3),(136,48,1),(137,48,2),(138,48,3),(139,49,1),(140,49,2),(141,49,3),(142,50,1),(143,50,2),(144,50,3),(145,51,1),(146,51,2),(147,51,3),(148,52,1),(149,52,2),(150,52,3),(151,8,13),(152,54,1),(153,54,2),(154,54,3),(155,40,9),(156,40,7),(157,40,10),(158,55,1),(159,55,2),(160,55,3),(161,56,1),(162,56,2),(163,56,3),(164,58,1),(165,58,2),(166,58,3),(167,58,4),(168,59,1),(170,60,1),(171,60,2),(172,60,3),(173,47,1),(174,47,2),(175,47,3),(176,54,13),(177,54,14),(178,54,15),(179,54,16),(180,54,17),(181,62,1),(182,62,2),(183,62,3),(184,62,4),(185,63,1),(186,63,2),(187,63,3),(188,63,4),(189,64,1),(190,64,2),(191,64,3),(192,64,4),(193,65,1),(194,65,2),(195,65,3),(196,65,4),(197,66,1),(198,66,2),(199,66,3),(200,66,4),(201,67,1),(202,67,2),(203,67,3),(204,67,4),(205,68,1),(206,68,2),(207,68,3),(208,68,4),(209,69,1),(210,69,2),(211,69,3),(212,69,4),(213,16,4),(214,17,4),(215,18,4),(216,19,4),(217,20,4),(218,43,4),(219,22,4),(220,23,4),(221,24,4),(222,25,4),(223,26,4),(224,27,4),(225,28,4),(226,8,4),(227,9,4),(228,10,4),(229,11,4),(230,12,4),(231,13,4),(232,14,4),(233,15,4),(236,45,4),(237,46,4),(238,70,1),(239,70,2),(240,70,3),(241,70,4),(242,71,1),(243,71,2),(244,71,3),(245,71,4),(246,72,1),(247,72,2),(248,72,3),(249,72,4),(250,73,1),(251,73,2),(252,73,3),(253,73,4),(254,74,1),(255,74,2),(256,74,3),(257,74,4),(258,75,1),(259,75,2),(260,75,3),(261,75,4),(262,76,1),(263,76,2),(264,76,3),(265,76,4),(266,77,1),(267,77,2),(268,77,3),(269,77,4);
/*!40000 ALTER TABLE `sismenuactions` ENABLE KEYS */;
UNLOCK TABLES;

--
-- Table structure for table `sistema`
--

DROP TABLE IF EXISTS `sistema`;
/*!40101 SET @saved_cs_client     = @@character_set_client */;
/*!40101 SET character_set_client = utf8 */;
CREATE TABLE `sistema` (
  `sistemaid` int(11) NOT NULL AUTO_INCREMENT,
  `descripcion` varchar(255) NOT NULL,
  `estado` varchar(5) NOT NULL,
  `id_empresa` int(11) NOT NULL,
  PRIMARY KEY (`sistemaid`)
) ENGINE=InnoDB AUTO_INCREMENT=12 DEFAULT CHARSET=latin1;
/*!40101 SET character_set_client = @saved_cs_client */;

--
-- Dumping data for table `sistema`
--

LOCK TABLES `sistema` WRITE;
/*!40000 ALTER TABLE `sistema` DISABLE KEYS */;
INSERT INTO `sistema` VALUES (1,'Electrico','AC',6),(2,'Hidraulico','AC',6),(3,'Eléctrico','AC',7),(4,'Mecánico','AC',7),(5,'Hidráulico','AC',7),(6,'Gas','AN',7),(7,'Motriz','AC',8),(8,'Hidraulico','AC',8),(9,'Carga','AC',8),(10,'Tren de Fuerza','AC',8),(11,'Motriz','AC',6);
/*!40000 ALTER TABLE `sistema` ENABLE KEYS */;
UNLOCK TABLES;

--
-- Table structure for table `sisusers`
--

DROP TABLE IF EXISTS `sisusers`;
/*!40101 SET @saved_cs_client     = @@character_set_client */;
/*!40101 SET character_set_client = utf8 */;
CREATE TABLE `sisusers` (
  `usrId` int(11) NOT NULL AUTO_INCREMENT,
  `usrNick` varchar(50) CHARACTER SET utf8 COLLATE utf8_spanish_ci NOT NULL,
  `usrName` varchar(50) CHARACTER SET utf8 COLLATE utf8_spanish_ci NOT NULL,
  `usrLastName` varchar(50) CHARACTER SET utf8 COLLATE utf8_spanish_ci NOT NULL,
  `usrPassword` varchar(5000) CHARACTER SET utf8 COLLATE utf8_spanish_ci NOT NULL,
  `usrimag` blob NOT NULL,
  PRIMARY KEY (`usrId`)
) ENGINE=InnoDB AUTO_INCREMENT=60 DEFAULT CHARSET=utf8;
/*!40101 SET character_set_client = @saved_cs_client */;

--
-- Dumping data for table `sisusers`
--

LOCK TABLES `sisusers` WRITE;
/*!40000 ALTER TABLE `sisusers` DISABLE KEYS */;
INSERT INTO `sisusers` VALUES (1,'mantest1','mantest1','mantest1','202cb962ac59075b964b07152d234b70',''),(2,'suptest1','suptest1','suptest1','202cb962ac59075b964b07152d234b70',''),(3,'plantest1','plantest1','plantest1','202cb962ac59075b964b07152d234b70',''),(4,'solitest1','solitest1','solitest1','202cb962ac59075b964b07152d234b70',''),(16,'m.rodriguez@mrsservice.com.ar','Mariano','Rodriguez','21232f297a57a5a743894a0e4a801fc3','\0JFIF\0,,\0\0\0C\0	\Z!\Z\"$\"$\0\0\0\0\0\0\0\0\0\0\0\0\0\0\0\0	\0R\0\n\0\0!1AQa\"Bq	2T#3RVbr$SCUc%Ds4Fd\0\0\0?\0Zy8r\"\"\"\"\"\"\"\"\"\"\"\"\"\"\"\"\"\"\"\"\"\"\"\"\"\".<Sr ,\\rȞQRnAܒr̪| AP	i\rwGDDDDDDDDDDDDDDDDDDDDDDDDDT۸\0eǐF7w$*D_FATZC]ŧ+/v\0q\'.<ʩU\09iOg\\}Yl[O߯P۩,y\09a:-6WYy?[t+\Zڜh9_?	~?ʟڿK\0^ieS$[CSFƇԷ7B#P@h$8H;_!}k2\"\"\"\"\"\"\"\"\"\"\"*^`Aܒr̪| 2\nӺ㖞GDDDDDDDEzZvUey47Pڈݺ\\;pGZ$thƏcqcqih.pqkH>DDDDDDDDDDT.<1$ǙU\"\"\"\"\"@#d@%u-<w\\tPWjࣤ3Ǝd(NӾ{dcs\0I;Y֛ۭ[/H{#\0>ʳ{R44Q:{~e\"\")[^oGm6{5i[Ph=\'5~i\rMVo Wմ1[#*Lwk7j6)ӵ\Z|l!\"\"\"\"\"\"\"\"\"\02#N\\yR\"\"\"\"\"/0FATZw\\rxȈ]=4FԵͥacIk5>ծnI$klo{!ňT:o\"eW+}y6VT}=4AT>	A\nDE3͋0ڀF)W<tTLwc{p%jX˽woIY[4=\'t4z\ng4/p?x>/tmު~1\r{~E\"QRc\0䓗eT\0U\0=r\"\"\"/Z[>ڎV[}fIyv\0w;f}_%ʹ臨@Km!l==ر)co^L\ZR؜2\rߏNsǁZ-j60)nsGUb*8w{>dEc:f4nT\'sTOKUM4xvA+a6ѭLj9B!B\"\"\"\"\"\"\0q\'.<ʩ#!P	i9oa+|$\0I8Z駶5ְ~UlҖyU{x=:,Ю,!kg=8[/ZfΡ܊M[<IfiX!:>مbB[ZäcOK׽dܫa	s\\җ릘47-Sklӌ{Gh[E^mN܎\'h+/v8Aq\'.<ʩ#!P	i9oa+鍴l\0eۧWhOHdӁ൪I$rO5\\1ŴM=wc<vqY[qF%a^T$IqGLۈ\0iQzZj=GmyU\\PCyg[~:jH)hlqF5\0`={)tkp\00gg΅;L~ڌVZl6`O\\N>c\0ˏ n2Iˏ2DDDDDDDDDEFTZpN[{\nDZ駭߬6pm}y8-.o=n\'X=K]tĭ*{6ӳ]CYO0choXn1sXCo;VmgW6tu4Tq99=\'w,r#F״4`/4\'M	^\ZS])z0eG&-k6TYOўg$c\"\"W+eůcȭttֿuo՘<\0֏q>YRcqrO2DDDDDDDDDDD qXpxx.EoЗE)m2{ZGׅ\n뫪+dWK+IJ\"\"\"\"\"\"\"\"\"s>i80_N\01cOLDDDT\\ycwxyR\"\"\"\"\"\"\"\"\"\"\"!\0+ÃŽ`Z=ݡ\\* iִDDDDDDDDE^kjrw\\alRcqNIUHaCv_cP-ۭc3(Z8 *Qdn52RFK7Xq?Q[RDDEK<5̞eTs.Ӳ7K48kђOAmWkE572N|x08uuֶUjZ4adc#\0v/͹\\WZ8 *Qzs]n)k%lOãx9xK\\ʉ5\\FeD\Z9=M[fmsNK4p6E]E{kW%.v8$O2DDDDDDDDDDDDDX7Ҳ(c5sM+nxake@A9rf\\WZ8 *Qgn7JH]=6\nwwx-dHsyR\"\"\"\"\"\"\"\"\"\"\"\"\"+?lZ*h[7i:l?r1\0m4Fj*KC]N^4sOaEP$A D/Dnك4p<8=DDDDDDD_@$q*jY.us	ZZ5\nR0=L%K\0eǐF\'U\"\"\"\"\"\"\"\"\"\"\"\"\"\"\"5nںoDyLmf{|??>t̟@m:OAc@4ȇI>=$hKcϷ{\rI=gd3l2~{|??>t̟@m:OOc?6ϝ\'\'gΓ{\rI=gd3l2~{|??>t̟@m:OOc?6ϝ\'\'gΓ1\rs+z\ZCX֖NY\0\0\0\0`\02#[ܓ̪Z[R{fmS>&vOp<V6KlyE\\̆-82sdFF\ny=ʴDDDDDE[** SәOA[z5\n*9J\".9$ҳ\"ǐF\'U\"\"\"\"\"\"\"\"\"\"\"\"\"\"\"\",\'jn]o}#ol?4=Kulv록݇heG_`d9vTgpܫDDDDDE=\\i;^i<\Z2. Kr((**sp\02cqǉ<ʩ/e]Wl6ÃԱF\nڗFaN\\ 	8t~f>FQ@=ʴDDDDE>7z	{dnvEFqcJ~5SIi..TkqO2DDDDDDDDDDDDDDDDDTHx\\#l/n褸\08n7!LsRnjG-W(}[P\"g{ru.ۭW\n5B^I-LjZ.W][,CGSǠyꥻ;Z\0c1WZ6I⌊{Kl~kڼ~ijrݓ֏:2}c(x*U\"\"\"\"1ZKaQ7w6KǳZhউi10p8\0}贞i֋}PF%\\H\0ѮMYY`V\'2Vq;%ΪyPdsk~PϳMQGt%TP++%sAG\\hM~x\Z0]44z:0Z-07\ZGcӎVu.T;mM&MSk\n4}V-KUp|8;-#ە\'=-ͮ3[l=>|g\"\"\"\"\"\"+Kk΋g=7p	=n!j\0t^o7y{\\+A355l;A+wfDcwR=q,Q㬑,*A侢|Fpi.r\"\"\"\"\"\"\"\"\"\"\"\"R[9HPצ6Riut>as˼דN=DimQmVU<A# =k^-UZޮ1E%3ՃڮEnWQj0{n{ƭKz汬wiq\0ٵQtz\ZQiHMSr٪X`%a݆\Zݣ2զ),md\r|huV#C}h{FUWZ_=K38g{Efm%k\\FwRҲ;=4=`c\07GVJ-٤ߩLH|**mVu<eFLޠCb8px;~jI榧D^Bkֶ#%vPyRy%3X9߽\";\\Px\0KH=Xڐm.TBJia<p ھnֵFӇoOu_a\"Kt5*6s\0c>:	BV=p8UT:(nWaqT:&\0e\\ۑ^շSʄ|¼J+U=Bs<\nj듧!iWyUX;TG\\Iuo25\ZLXO]P1È<{AVUUvC]\0~6s:6WSBA(\Z%s:Ǹ86$hAl]Guor>囵(M!`2\0xV:tE93Yv٧!nj7wO;uԕmD[->)Y}I~6m$yV}3z󁃀nMŔ+yc\'|U55u\\̂H$yk@HM]u|S[=4aY-ǘgQTd*V籣x*kQ1@w.z:>j-k72ZHdo>Jl/^Z㽣j,54p\0*()ܦc[;o.*qwHƻ29+.k]<BmI%1q}i*zyMIZ0Xׇ=;t0lZr+mF J\0LK3\')xi#{^R湧 ӂ\ni\Z#,\0]\Z}C@o_pU~Eb[\Z\'W6RѺw/RǺ6pjn=֝ܜ]hl|o_4%kwG>ڽeKvYy4䨷8\rw0gPnnTݮꛕ7#݁Z\Z\0,M\0}=gXmM>oLL	K]d0k^1\\gMV~x/?f\0.֪vn0^inkiKڞo\"B@^ev!T4˗1\Zw>(kDJYЖZ)$oaraEϏE7֚aqe,Md\\;\0\0ΘWuhe<c5wWD>nM}OKmvdoo3Mhk@\r\0R\"\"\"\"\"\"\"\"\"\"\"ܭw9Э랒e<SƗ<_){9]yʁ\0DC6zO\'8kunR7;^>Ŧ	\Z\'4wB8`G]z@jA>li!ri?	ܥõRڪ6;;ѻ%`m_\rK1+暦\necÆF\n晴\ZNOS2LgXKKx`\Zqe]7^f&q/\r-&(.Z晡v59\r?	ڠt׫Jټ$?8;\0!KSyΒOи>p=ƞןi^Z4q6([\Z;2OiVOW^=cXrw]W(fҒFLn1OIU yq}Jc&ױ-<uu%526&Z*jxf9$svnވB<8GިbKQ3b\"G2O^>6Ct<Rӹ0-lɥi}EEEdM#I{}eu厒z:Kkؤ}3$NZSW5eLD\0*E\'؝WWTk]R#u47͒`ޓ#S\rhk@k@\0pTԾۯϹWG7q`/=:dxa瓅q3-I:uZ:0\nt3߅$nhh5MPwQFfjc;ۉR{\\T5گVڋ]Ȫ!qhfi\'u^RW=sH#$4[C1m7j\'9Vɦ5^PӇ3tEX@I^mK@UO,mp[X%yT;JَmC;D?|1;y\0NV(?I=6G.\n1@]GTylΊd{OhEΛ(`\r`F%f^;\"in/MCe}7VeŒw0><4kGålM[an\Zؾk}\"OJˢ8*G3htts6z\rCrh?\\8w+~᤭SV9KڢԑS66{pDhw2H]\n=%mHpsr^Fc-co|]O!GSiPQW;#%c\\G5BTR$s.Bbo<`);㒞]\0[_ˬ틫>1TDD^&:{NoK|6M i?\"\"\"\"\"\"\"\"/\'Qj+umClh}Lcx/YAWpNF(iAQzn\\^7OhzXG%u[cW/Fi{X:sQ)(塖XKL- e$\"b/jt\'ߚ3IucqʘǷJmwVѴS:\0gfKkh\\MǊ²tr1{NUan-\nۋädx.y@/\nfѪb7e|OWR:ZH#Q5\0rֵ>T۝lm[\0j(Y:kkw]Ŋ1ϩ2BpIҽ4]kwkKxQ} YCmf1]nwN_~AB\0V6nN\rEQ#NQWylѺhό8o4;\n(-m?OlIz$x-cS&8\0;yZڞеu|\0VLxX#fx1⥿BjwWL}9.c\ZIHwh㌰DDDDDDDE	J#&*s9TI`<NS遬ΚEŧ(ZNodw+[{\\j^K%Lyϒ\\/uz_ٵ].R\\g\'GmkHzMj+=Kj(+lм{<DEa뭑l[;P;|c#+=_/vx=L֭;@7<q~ЏNnPOLȳJѽCddwc+IߩfUF;m=;4{\"\">&aU7\\i%W31.#w(,{K\\#BsZr<B[3t#ݨ&aE^L3žK]UthGo|͞pR.x*QM4sC d9kEtjXn[FxhkCm[OWW#l8<ch9m;NKIE{;0\'ucOxwhV4tԢJ:6;2v\0;yZڮ[GՓCRdZOx1}Ye.4Umǻ-\0liJr[g]+ a|1\\UUjaIx\0I<|w:۝t\ZqtLxDDY*]pijCcx県V4ѩ,ƞAP#/QRcn<IUH;tjNiZk\\pЃ</o]YpOpC,H\'$ߕm!c(>={<-sN#B\"ۮم\\p[\r\\:mS#6WȶCG[5K%XXx<ǁ}5Vb7k6\r4e;8$ps]ƂO߅DW^̵ޢ樇PiSFq$ncԳᥴo9??\r-\0ȴC_=jwMc>h~N}z딢\0<qTDDDDDDVu\ZbPZ0򿱌onZjWE,[/-7NbhcZlZjM#o>	m>#LZj/sv3zOGnGWAY]<y {\\;;8n\'U\"\"\"G6N3j2(%wyz;mguTsZ4T2i[TofV|8,M+|%sKI\\K$zMsnմa<ykǴ8 UTI\rq-3yve\r>6ܶvSu<M[(,c4vZ֦5ƠZS)q0v4+]]2їm^t͆1;H+fGGol19>\"\"\"\"\"zJV]CTj\ZVdJGz,hq<\0Z۾oWNie\rvY;{i\"\"\"\"+B\rUd+ڣbr3{>	$La2Ն]-7l>4\0=62>o@*酲I:~v9:/Tt\0Z?O]jΖeQ8HV禎ϩ~=d9ǚơ>=;m`6Z+}Camk\ZIVURS?=v}kK#J=9srI+H9\n\\#mc(>={cs\\Hr]9c6\n.<%[&o.,T۞մtGjAe\r?4vŭ]kA-YSYcp3ZҶX43W\\*17$9ض9ѓbi5Kԕ]T>3}2\"\"\"\"\"USQWW3 Id{4O`kcNjOA+6׹ifp=adDDDDERu`^9O׫^h\Z;\0g=SKwG3h5Эîn$P$z2>^H\r[OJ:t{fб}C\0GiZfBՕ:QUf818#ccGV\"\"-WKsauWFچ	!3	y9G]\\Nzh$W1=k7웣ѵU\\N5\"W7bYM͌{Gl`	ZMpxgoꏭddDDDDDEz{m{vcbݩ`#ő-φiPz1]X\"/A?IS&֎\0興I*ftD$hlDYRn{V(o\\\'Pб}C4v\r[5$EWqy\"r\"h@={\\ǖ=i`DE,z\"tr}^Q%+pj$>zku\rަx\ZcaX}v>AZspFFVi$\"ДnwZ#Bt֊:d͢Hu5# dYo\ZnO};\r\'ΐX<Kժ=ajOpWi\nO+y<ԼtDDDD^,l~WVU3z*eyh\Z;\0TI\rq-3yve\r>>ܶSt=WJhh>\0-j/\\jjG3GccG*!zMs.1 Ua<OqǞ,{K\\ӂPXD^Q%+pj$>z=%<Fh!|\"wKG1˒\"\"\"\"\"\"\"\"\"讻pͳ)\0.1`Kir2\0cUQ%Ldw5h	8$<_	mɛ˴K(?(o\r=iݔ7.	8?4vֵs653Tqc!gc;\Z89kp`BTц<>={=iqJ}~]72$[n\rYAp\\]_&ktIPpcy\0W}YuەiJBu4Q\'xZ鮖[ZjY</\0A\n\"\"\"\"\"\"\"G8#k\Z	q=-RVIvE5cv&V~6!WVU3uTd~;4v\0]	8$<_	mɛ*Cmjwe:IKzr\n;hwgkWizPmUj-EVf8B0v4+Y)q?#huh-\n9\r`IG\nTkhoe>Kf]%$xT?y\0-2[KHzhiJ\rjmPMU\'urz}ŞQX] 7IFB<n7r\"\"\"\"\"cU`^|?૨S#֎\0興I%LΈ}q\0h\\xKlL]YAC}Hm[NI>uM[(,c%C\0Gk=kZL:hZQj*=Lgc;\0V\"\"]9\0%6הe%+pj#}sZ&~}c[Qǁ%C6}M%8v\Zf80Ŝ<v~=iqPo˨I/bIW_B*cgfN?#:G/tm\r`@<>L-z\"\"\"\"EUX=_FCx\0cUQ%LI\0p\rp\"\"\"\"\"\"\"$\02J9c6\Z.<%[&o.,T۞ttGvP4vֵq653Tq`.v1ZȈXC^Q%+pjdKXkhoe>Kfn%$xT?@-ji:j\Zks2JFSG\rhO2U8q^˄b9Tц<>={=iqewZ:Cii7cxx 5eFKSS1o~X3\0zKOpzA^JL\0\Z;DDDDDDDS\'Gh=֫tG4\"m=$jAe<zֵv5е]FufjN#2v1ZȈXC漣s--\"KuV?4˴tcJH$~81<Zu5lte\'<\ZdÊ\\#ڦ1瀐~i?GQ%k:V^KJ܏+mC\"\"\"\"\"\"\"(g/\0P~8U`d?wIS1B;Gp\\-tR[E]B\rmp1a؆Եg;>jk\na:FY-_/\\\rjʭG3G>d;\06y]+\\ns41kc>zV[𡪅Ѽ{2E,z!su^Q9%+pj1#}s[&v|c%$xTI`O ôC\r]5\09i)OUMx5<V:\"\";6ʦW! 7>=lmR\"\"\"\"\"\"\"~e+nU;W˄D~PwiUVW\0>FCx\n*e2HGph5Qy)ZÜGHtcj@98\ZʍtM.vc7|Wji{f@=EjAnCIGN01`\0}+6sgכ*M=$bl}]Pg\Z\rpZE,z!ru^QZDt=H?4˴c\Z:JH$~81<Zu5l7%\'<\Zd˲S]/FcyV推~\\6{vgWVrmH{ɏk_HԴ#d?wનS$4w_yպ}k{>p^Ǻ=zsTCJiA?`6YaK)mLmNx=yӷZkÛOXl\Z;gM7EqwHM4R:tNyFZDt#,vM7%3XƍJH$~81<Zu5lte\'<\ZdenW_:@Zp\\Dm.hKr\"\"\"\"\"\"\"6ץ^aWDFq+Fj)	c7=\\+z8Ucd?wનS$ \0\"\"\"\"\"\"\"\",hfWj	.4;[,V;д5U]F쑐r=kOm![-ݩ$#b軼aQ+U4U+:ZrdqI.s]5]*PnPa`iÜ4˴|cJH$~81<Zut[IHzhiJKsHQ_CL~U7qO?w.DDDDDDDZ鱳)tFӦPӖ/uD.k|ئ\08xz8Uc+JL<Gp\\E^(\ZU˱MR:JX;;⡬MԳo֊q<?XѓbjTHGIU,,ۣ%Tڻ,zy\Z|!${d&مI7.[Ӽ:yfG<N6ôE]5\09R0<cGytDDD]MeKl[0e{\0Ҷ]Ͷck,uKVNwy\0x\".?\0EȈh;&]vCn34y#|G2{̵=ET|F|\nv9rVMUD$<y\08\\\Z?X!Wzj_j4z\"JݴRӈ]~\".@^F!CNz[5.-hXUO!q%urD#c{pִdgtȇh\Zʘ6+3mi\ZGw<CzԭDD\\_qx^*.@ӲX=:G\')aTOE]k㥙&u-\05{o|w$2̑ip\"\"\"\"\"\"\"\"\"\"\"\"\"\"\"\"6ku:\rMD%>Ft燰d\0.ܐ_/#^y<{R	q~K\0ODDDDECs.?WƆyڪEe͖-pl\0&;XXt,5|cRܭ.\'͊6+=\r6B:sݣZd>ܬKFwU;GM<Rݒ:)\Z1dۤ#ũQg?RMf![Utow.?zϡwܨ*߉}ȫ~\'QGO\"G<uD~*߉}ȫ~\'QGO\"G<uD~*߉}ȫ~\'QGO\"G<uD~*߉}ȫ~\'QGO\"G<uD~*߉}M\\(*/\0՟BvZbΪs~7wi^sXJ=Ê]&9-=ܗlF׮v{fyuu?yX%mVefGFIZG&֐N}1sy4hN{&Үwzf[r\Z>E(iiKGM\r42(Ǝ\0_r\"\"\" W44w̞R\"\"\"&r`.?&}ĩr{C*ooܞJ\'?&}ĩr{C*ooܞJ\'?&}ĩr{C*ooܞJ\'?&}ĩr{C*ooܞJ\'?&˖ 10ցɁ%>̈.?W_XO2{UH_\\Ȉ{;x\r\'T%>̋ <J\r\'T\'\09-hnp9R\"\"\"\"\"\"\"\".}T4TST<Y_wZђp8|-u16h_Fi2U63US8VqZ3_!jajgO^%8-%=]zښj*Yj\'X_$Ҽ1h.q<\0s449FAt,Wj妚k誙n{DE$7I#K\0*۴k#umc诐9twH#\0~r<U\Z\0IV]$TLco$k^p7y8[GW\ry\"\'I[˵&>Es}K[ͧn塻`#\0x];=T4<O&Nֹlo8k49=s헆+CX4Gqᛧ9mR\"|M1{>\Z7堒0{VkYh.O\\xly-\'\nDDDDDDD\\]K?4\\4W5OWUqF)h_KG0׺74c۬[pUY)mɿ_2:GA+[cuo\\`Ps5;yJ*tUD0[7^VC%^׳mhԢ>IYղ{[z`Jj*K=-[\0ԕf\Z\"\Z#\\a\"$q88`z)G-S=Ϫ\"ʆo\0]UCYnĖMDdWML,40v46wG8xs+QXt;Du|u4r5l؀T588H72\rK&We|wd\03䅔TQ2\'H=-\\\00Fzw=s[کW[o9MM; \rC?Y4q!r&CU	,O6:zk|oTwC5jK~𺆮VS\nfH?u>q$ljASZ/59x+S?FB\\{ܢPoo:ƶV;\0&Ǫ,V\Z$kK`OZE,nQpdT$\"0?s:#q^KQSnQw.c.s#*oe%S#>nFxds\\ͣuKa!Ï.<ԶƪSZmWS%dW:LhKCNNŭ]TJayV=ym5\rUX%>Q\0-erZ/6}4Q*㌙#A3-~	;M6+~:^mDaA!ih~\Z0rwsAV_lm)hꨡ>L])&!q	*5%o{tM[&c\'lkAeZ74UPO]YQ\';Ϊ1	\r!w%lmA[oͶlS|2Hn\\@9Yq'),(17,'rosanchez@trazalog.com','Roberto ','Sanchez','21232f297a57a5a743894a0e4a801fc3','\0JFIF\0\0\0\0\0\0\0\0	\r\r4,$\Z*!=-15,.11 3D5,C49:-\n\n\n\r\Z- %777-/+7-7+,1/-3357-+/.-1+---/+-/7-+-777+-7---+++--\0\0d\0d\"\0\0\0\0\0\0\0\0\0\0\0\0\0\0\0\0=\0\0\0\0\0\0\0\0!1AQaq\"23BRSbr#%C\0\Z\0\0\0\0\0\0\0\0\0\0\0\0\0\0(\0\0\0\0\0\0\0\0\0!1\"AQa#R\0\0\0?\0Q\0DD/jKKECt0YG<Uw5D,JQeϭtt0\0u2?ij\\k9	6zwo.:wLh\"c\0A\Z},D@\0DD\nnO96N#RyuVL6:Gh4Ǡh^DO5[|ҽbl<9f\Z\"-	\" -_v*٩9iGpbeP59>|6_:$\ndon/hE!}\" usG=y</Zm>!}$厲3;(QDho>%_Qjl8|:hwwe7]^6ް:\\#.} \\^m˺Ǩ9:oM(ʬ\"/ho[,x |ƹ,isf6N&{G\\*xak[33[,μ!\'QQl>#-eΛ2>?it;qFy#\Z$/\rs\0\\[Ym\0H+j6Jv!$B=W>c\rG$9)XCo\\VȮTo\'(`\"\"S3Yf6\'ƶ\0\Z>+l)tms4I-ċs^FJ,ut\r8N_6Las\0>ssM</rU&&dna-/Q0d\04.->\\{^_j\n},nX4@p8RU.8m@-%NWkO|n멕O .k\'ݱZE9Q{\\㹕\n}fh?+\rWl8Ab༅z\Z_($OoXC,Mhxejo:W+9D}o`e.^׿e\" 5ٵGu{()9\ZdnToUl>fTX\\%XC(=@[*x*Ə&Ua,}*ɼB~Ȅc)H__)Oc\'6:2d~\"rT\Z;,srS@\" \"\"\0\" \"\"'),(18,'m.muriel@mrsservice.com.ar','Marcelo','Muriel','21232f297a57a5a743894a0e4a801fc3','\0JFIF\0\0\0\0\0\0\0\0	\r\r4,$\Z*!=-15,.11 3D5,C49:-\n\n\n\r\Z- %777-/+7-7+,1/-3357-+/.-1+---/+-/7-+-777+-7---+++--\0\0d\0d\"\0\0\0\0\0\0\0\0\0\0\0\0\0\0\0\0=\0\0\0\0\0\0\0\0!1AQaq\"23BRSbr#%C\0\Z\0\0\0\0\0\0\0\0\0\0\0\0\0\0(\0\0\0\0\0\0\0\0\0!1\"AQa#R\0\0\0?\0Q\0DD/jKKECt0YG<Uw5D,JQeϭtt0\0u2?ij\\k9	6zwo.:wLh\"c\0A\Z},D@\0DD\nnO96N#RyuVL6:Gh4Ǡh^DO5[|ҽbl<9f\Z\"-	\" -_v*٩9iGpbeP59>|6_:$\ndon/hE!}\" usG=y</Zm>!}$厲3;(QDho>%_Qjl8|:hwwe7]^6ް:\\#.} \\^m˺Ǩ9:oM(ʬ\"/ho[,x |ƹ,isf6N&{G\\*xak[33[,μ!\'QQl>#-eΛ2>?it;qFy#\Z$/\rs\0\\[Ym\0H+j6Jv!$B=W>c\rG$9)XCo\\VȮTo\'(`\"\"S3Yf6\'ƶ\0\Z>+l)tms4I-ċs^FJ,ut\r8N_6Las\0>ssM</rU&&dna-/Q0d\04.->\\{^_j\n},nX4@p8RU.8m@-%NWkO|n멕O .k\'ݱZE9Q{\\㹕\n}fh?+\rWl8Ab༅z\Z_($OoXC,Mhxejo:W+9D}o`e.^׿e\" 5ٵGu{()9\ZdnToUl>fTX\\%XC(=@[*x*Ə&Ua,}*ɼB~Ȅc)H__)Oc\'6:2d~\"rT\Z;,srS@\" \"\"\0\" \"\"'),(20,'a.lazarini@mrsservice.com.ar','Lazzarini ','Alejandro','21232f297a57a5a743894a0e4a801fc3',''),(21,'pauspont@trazalog.com','Paula','Auspont','21232f297a57a5a743894a0e4a801fc3',''),(22,'f.molina@mrsservice.com.ar','Federico','Molina','21232f297a57a5a743894a0e4a801fc3',''),(23,'c.llampa@mrsservice.com.ar','Cesar ','Llampa','21232f297a57a5a743894a0e4a801fc3',''),(24,'g.rodriguez@mrsservicve.com.ar','Guillermo','Rodriguez','21232f297a57a5a743894a0e4a801fc3',''),(25,'user test1','nombre test1','apellido test1','21232f297a57a5a743894a0e4a801fc3','\0JFIF\0\0\0\0\0\0\0Photoshop 3.0\08BIM\0\0\0\0\0g\0hm7aN0DVWSPv_aetDtmO(\0bFBMD01000abc0300009e110000ce25000005260000752600002e3800004f540000bd57000098590000ae5c0000eb9e0000ICC_PROFILE\0\0\0lcms\0\0mntrRGB XYZ \0\0\0\0)\09acspAPPL\0\0\0\0\0\0\0\0\0\0\0\0\0\0\0\0\0\0\0\0\0\0\0\0\0\0\0\0\0\0\0-lcms\0\0\0\0\0\0\0\0\0\0\0\0\0\0\0\0\0\0\0\0\0\0\0\0\0\0\0\0\0\0\0\0\0\0\0\0\0\0\0\0\0\0\0\0\0\0\0\ndesc\0\0\0\0\0\0^cprt\0\0\\\0\0\0wtpt\0\0h\0\0\0bkpt\0\0|\0\0\0rXYZ\0\0\0\0\0gXYZ\0\0\0\0\0bXYZ\0\0\0\0\0rTRC\0\0\0\0\0@gTRC\0\0\0\0\0@bTRC\0\0\0\0\0@desc\0\0\0\0\0\0\0c2\0\0\0\0\0\0\0\0\0\0\0\0\0\0\0\0\0\0\0\0\0\0\0\0\0\0\0\0\0\0\0\0\0\0\0\0\0\0\0\0\0\0\0\0\0\0\0\0\0\0\0\0\0\0\0\0\0\0\0\0\0\0\0\0\0\0\0\0\0\0\0\0\0\0\0\0\0\0\0\0\0\0text\0\0\0\0FB\0\0XYZ \0\0\0\0\0\0\0\0\0\0\0-XYZ \0\0\0\0\0\0\0\03\0\0XYZ \0\0\0\0\0\0o\0\08\0\0XYZ \0\0\0\0\0\0b\0\0\0\0XYZ \0\0\0\0\0\0$\0\0\0\0curv\0\0\0\0\0\0\0\Z\0\0\0ck?Q4!)2;FQw]kpz|i}0\0C\0		\n\n	\r\r\"##!  %*5-%\'2(  .?/279<<<$-BFA:F5;<9\0C\n\n\n9& &99999999999999999999999999999999999999999999999999\0X\0\"\0\0\0\0\0\0\0\0\0\0\0\0\0\0\0\0\0\0\0\0\0\0\0\0\0\0\0\0\0\0\0\0\0\0\0\0\0\0\0\0\0\0\0\0\0\0\0\0ɳĚ&\0KuPZ41\ZGIi-Xuud՟f;^bKe5s\\ڲ$բ0DݓZ$bhJ\0?3iW$A!.T\n.T$\n׌ߡ.k9mwVYCR/`rՖTF~vG#&l3q9=<LIU,~7P$J$Uk$k2Gh4YcPU\"t9+ޔ>FnA3phҜRVhFTMfeBH()nTQY;jŐT2u\'rBEϣNyQEԥ(!r\ZS!*t+iɝk25fT4׌mI-H%꨹Ro.ENwDVW$%\Z3FmZs[Q)l«83+6XꗟJʪؽ5U0IQ@HYym5^R4Z	[Ceԙkc{|k(J :\"YqzFqd$L[*Kĕ(5 jֵh$p5S\\\r{04yYOupZ&M@)!ƢYF59Tr\'ѧ6I5.&COXXǊKP\\ʌZXPƲ~ņ-UFZ&`ylQ>Q0u܆J[)dџN:MqEBeTĥĩRXr؍zf}V/K5_y(ՙz]g=djlYjr5ZrhˠYaZmP5zlɐd@MxӇk139{%-8NӒGI4.KKX=4׳CJsfN]σ1Ց`ѝZeZɇWmxc.Bv[xƦ9>`eOZceKirsOZ̚VzHm3bl\rpn$kFWjeHԫd-vG&wG&etu9]TU\0[j^C+_}sTP[VSY΋U2ߚĐ0nwϒcC.2̦+@\n5pǫA(]\Z=G:x6t.tbR*a$`RՋvVicn$R4\ri鄻oN=5UJ:3iq\Zzg~yrHZcM/0,I9Ǘ՘I#F~[4)jA+VJ;\n\0k|v7V~v3UN]u<ɗSFm9%}.gM&}t6{ݙ]vLů7ʳfSD\rO?<=>z\ZqTB+!dqftֲS*L7s#%ԂQt2!.;lP]ο]/Kfz\n-*KyU#OY+be,;.pF,D\rZk6+uEsw hI#Jz<Ṵ\"))2t47\rEokyeo^W3ɎR&Lz^̍<I捜`;.A\\3Xѥ}:ɟJN:7˱uG.n3NJU	.ًvq#V&宿]\"?Z4jٌF?&⽮ZUY#YZZJ44lӏIٟcVcX}~X&^XQPӳ}\\\\}?bO -YrƱUDpy掯Rͣ쵴Ԛ6yKjf] F8\Z_զG722zXb:Jķ.N\'\'g`uFŷڗ˫t\Zf[(|ʅ}W6zGFy=(15lCMIe*FPUT\nUчx̬z-$ՏMn\rrevb̥}WrNg9[^.s&K6ex_xy4t貼|hkk5iɣ5cC%@(wSշF]+k8.~v4ltvj<CewѼOܾ8f-ʲcǅ<x]0/7%D\Z,	r.g*4(6*4mKi8ѧk=x<BԼtwr7!;$\071fmg\'ЁUTaj5bΌ:jĩ@v6t`򾷆rB~6V$r-z?pj7~@N?1\05-(u{=I\"A0m&imd[@kuΝ-^E)bY}c}GgȴiӛvG[\0n*4[+95*«Vwe2+! rt\"ٳС>\'tc6q>odɧ]x6R%[fэϺ(^0Ziă.[ꓱIN1kU2Vt\rƗu<H!Ҡr\"rDp\ZK\0dhYp\"tRժ(M\ZQ=rnRN(uQHH5b4UC=rV҈B\re-eR@B`R\"*[2opYiQwFrBhA6rM5eww	6;gG!(y\ZuA6ꥉAQYv\\} d4!ZjъBϟnq\np٘kOy1\nzZW׿9Fd#nmtfbV,¢E&R0ZP)Pc} \Z#2UX̣F}5ro]0VÁՁGK=Г{X\"\n\\ZmHXuZ\\ީm]\09udr3mʚ췞}ja\"PѤsA$ K	b+P܅BBZd	ܞ!l(FKZ!@N=;3/b:ш#[X2CUfx<R*PHթcTR˨rXþUAZ٥Y`mʛߎ	[,].g^K5p.\0yiP\\-v݅RʒvVh:n=J,*Xd.`k:!5\0KKhYYz5(<͂2cQ,tK*\\J4VIRKJ=pcE\rf!	ZuCnnc(X7%P5bE.\"ŀ\\(.-	QF[5rv6\\\\zA;籪10ժњlZ:ܮfK\nQ<\n`\r\"L\0\Z\"@DSt\"ڱY\n sJ5^$1@`*f h(LDtnjIJbާ\0,\0(1M9ސFe$0\0-\0\0\0\0 !\"1023#4AB$DC\0\0\0⯅\\1ۓlXC7ݰWuƧjj-׎*3݅ը MN8K],ǥXCx\\\"Z}DG;D֛OnfKe(3퉪#yBB.By&7?-O)&38$\rSr\\u\0*բ|j&,nGos\0\09O o_-E|brI\'Q_vZ.ԑ,lw(oeiXiӜY/ڪͮk|lnQ\"P%n܎:iucj/:\07fI]9Kn~v҆E^ӛ{Djq^9<VWYsc,]4=>ūaźߨ?+UDf$u\r@[ƈ,]+.`*lI:{\ZƕW;Mt8ޑ\'wT@D8<!C36VԷm8ӝ\0cpU9nJ~?h)0U18{?f1],qjGehV7݈9>쌘D+\"ffr\'J-/߭6Jmq?KW\nffffffrff{bRV~ikXon~\\9NS3333݉B& cUE}Ozg7;{1\'ffg)r)r)ri %f1\nfg<NlfafLpi\"\0G*ڹYhg!^V`δk~3+0LhL&\"Z]~;r;j3ČL0qVkMio *da0AS1yXـgLͶĴQyX\Zf{H7v.MY& nT/>/+5-	eu>_5r?=8MҪl2igA\'%gG|أ$a\"6c4wtfZ1v\r@`=C= v^fhگgbxa1Ts4@u*Cc;CR5)݇=0a|MH?N j2˼#_ɆgԿM-zx<ΐoZ52-Ctzk 8`0r*\"#<=:\Zւ~cz7C;cG\Z.%5l6\0(\rħX;l)\n3>\"%jaW1S)+z}pTҹjO\'A)+dM>z7\0.[r3pu0;CqW&aD|36izaiy*\n֑1`3){MSsݨ){7X}\0Y??Tv /bIe4jh\Z>i]a{`NP\0lŠέ1L\"70[YdvcAaw3DꩰŰMFjtkP,nԈ7\0b\0]ZcƢj+rbo~;7ڿƆ\",ZҤ\ZDGF_Nڿڦ\r\\ksT]FQ\nV\ZL#	2/V\0eLhNXʮ-1m4t:oMf+SnYMi-keYwi6Dk%\" h&\n64iJMCexiuU<_}3҉5:]/R=<\0bbQs8ݢfxIg0Sj~`١Dla={,SG0jy]iUseZDbTX#ѧyg)Sm1(&1\'I\" Ɩx4Q-q/?tne?*̚oK2\Zp[YS؁bWo2f6@zzJ/963b ݥ=lv|iڿ)fֿFl[Ycj4s\nQe\\G6\05ZҊ5	}sWMJ://fbby4+ǉVfQPM-\rLDԲd  OPGrY}u:t=GFuKVTe\'iۙW(ӵ(Y\0LUip󶪾0`٦2QA(jjjrؚoJ6\\m&JGM{\'Sӑ`]B\Z0q@.6SHrh,qz1V7T,/4\0ѶUfcb[OjZ,FF۝AC<L`\r&ئ|aGbA<.ʂ$69V~gSRGwJ߂&q&5:{4ԚV=r;`1`\rh\0mAYlV;\rp\"W304?PӛԿU%]?V3[=Udv/`/\r333611hfbǕ1(!<{\"ΐmCq}MmWԂzv\07ҎR.Q&yƞFKg)A-L[0lM<z\'Q,;xq:q)[u)όsVN/eݳ=-#{[ÍW\nQYa]PS6V]Z%w33_VwcgV^f<J.,ev7izNȭaAZlegLΛBi[qm}yQ^f&ӑ(yZ1c}MV3S\"i*\r}J\0жk\0 R=`;3Ӝg>	32	ٚuvmM,Lu*9]˫͑(荌yiuzhr͢ĲJ5tG;[PpWfWGJ	~N%AA~sW +Kk15cu:.LQ[l6Uh?+^-s_GK˭5Ƹa/V[+	,AePZ=K \Z4!ύ^1u*{}\0l(VvtyA=&4FcSXvKo\n>Tσ\r;OU.TiQ^Sq\0l38=<4mE\nԽAލoȲngm[w#Ke|G&bcF%Ò&fT{0,?Fܦz?~n}*W[1sGb8݌3i8vqXR6Zym[{Mb?Ovzt\Z:zF=gU-_t姖3d)WnEA؈DךhX=>jo]=ky|M˧\rR6ʱǷOǔT٩k❏}LL\n1G\';0@\rtUttӞ\'j%Gf=n3bF-J9h =[3Ɂ1R8`0wLʪ1QFҷ\0ƳNjMu,%pjS33gZ1d31)X_g>wH;y1k܉=졢J\rm\\!d#KzRvm}MZDM\"5)aoP++4>\r J\'\r:hfYzzFe{h+UԵFB[=j[6Wjp6흝9(\\ɯuٺ|\'_I0ǂVFAb4V*iգVt*>Q(gePYa31\07UaiוyFp\n0V@z=}KR[UZ7Lf:xM8?fffavb+NVNL`3\0sH-o9\rSv11l{GccVx3d\'H-;hb6#0SK6>ك1jh\Zfgj2NN ;\ZTZa0?DfWQD\r3*l;xpwoJ}cլ+je5au\rc7\"a\'QK^Ç$<\"$le-Źua i=T8Pw1N\\ՠhx{ۦ6fffcVlGJ;Iv0Ag2GetOPlUh؄EwIf-N/Mcz,+K0v0A\'#Oe͇QKu:>\01\ZfqCF\n<Vv\"-rUѫF4:Krh\Z-64wA@jǰ	a;\r\'ƈ\rtO&t_J*V:\nƣf2c[Zw\0ndꇝETɴ)ك٘L30L\'aOg\'e50&oiP\rrve|\rNS=&ff3	y	)YfkM?3:lV)긬BUh\Zrfffff}33330L&fg	ڝV\niLom}*^]\"2³$Ad\r9NS9L9NS30;4b`kx;c:5KG+1{!\'\rr)r)r*{+h3J\'\'dRQ52a1\nO,&gg%lӐ,{\0,F n*\0Q`nN:-+,g»\0LfkHX\n5PY>õZө{nV-NVoxI\"ٟnNLk[v*rI=V2cصXU#^QLac\0b81x?iOc)Juv~ac\0g]lit~!vntv|L09v	&tߴ*	\"Qg$#q;[L c1~X``ؙ|x1T.`iFkAnVv\'Qa?~]\\E[o?\0\Z\0\0\0\0\0\0\0\0\0\0\0\0@Pp`\0?qc|2e\0\0\0\0\0\0\0\0\0\0\0\0@\00 P!`\0?`t\ZiAŴ4@˂4˜G\05\0\0\0\0\0! 1AQ\"a02q@BR#r3bPC\0\0\0?mchK\0oiy5(Yʶc;#\nhԣgeFμgcr-\ZkdB&\ZMؾAPֽ۞Gp݆a:d5Ti}}79<HJ\0kǺY6cA}}`\'xesQslՖID\Zy7ZC\rTF%}%z7)5*S]iҡ,5	x8X~rb&\Z\r2eg+)qcoIJ\r`y썫y?(3z?)G-%spYkwcnAZ6Q.)u4\Z,??/2\n\rUqџʧKxLO,}J|QGZTٞݪ=ana#\'suhvKO| Ӯ!8\'o;ERT@L|\0늹23phٙtz=cʳ\\rAl_6{ISӚ{\"гѿ9BurBZO\nI%XӜhg˯<ڎ&\r;MCBs,XM~\\24D\0CZ$Z\0[/n.}+FR:w>M~.>\"NnPeٛ\0*ȓ3h>Q\rXtovG:HD{g8%VQyt\r)hT\nNk3Y6Si\"%W@;_gMӕ:_bgcmFwY<,<؊9u*rYsY\\1@1.q}/[?7\0w>gnV2	pы>AΕ]k3U~Ë\Zן:ÈrE*HPq>OjPh\r;\\\Z?UDϧ\\{xX{eڔ}o\Z\rM8S#8,`gbj(xu)9	O:ƴFa~Kb;ַ:b\"klA4XҺfw9>ᐑFOiwH^KIY@ap-Ka^N\Zʌը\"eq{m?.Pao<0foxTpHqj%C\'@Kgՠjˋhd٣vU@)RLcꇑ\n/b,i\"P䉉Va}bþSdOs>mwg(o*\\j[OIr\'|%>4ķSZzZ\03P>{ۦqwC^&\0Ioe?Pwuh\r+v%sl,N2S	&þa.9poAŦRޗNP32і*\Z\repSEtemf.<JqW&*/<d/PjӪfɒVxەSV+CF9Ά4A+)(5<+?`7yݹ(2`h_6;oܧ|9\n5Qy:&V;]L0p]NٛzFFތ5ޛ?+:Tbn\"7G>&hmon	BkL\0Rƣ?\n-_ouYI뭿{vb@~NݑLs:[;UBԑs|p_cVA BMԼ;:6~\'J9NL\Zj\r]/u.B;(d %`5bb6X->]2WB)FR8*~іlpYH.hh\n|CԤQbųQMbjp0T=7.Jo\"&)ݢj\nAKT(=җJt̶Nw@۪*tWI#-1|4S\\`nUwA\'M3J	w(\r\Z4o*osESp_~ÅJ?b\0};^ L.=6d{ldoU-b\r3/h%542~o,SśLG\'oOR3-:ݰ\Z!\'M>\rLZ**`#o,O``Zc+ MmV6\";2\'=$D\0)}AtӞ/{-[=]\\)3LZy]4;.N\Z|Oi]\"ɬ@A\'Q)]r1	#sH8prZ(Xmp\n:BkƄiI-to}fhզVN`la_}}8t9NJj*LM7;]/惉\'Jw[~n1GQ93/54L_1D0eKփm\r/,uZuT۽n#VE\'\0tyDpq+\r\0\0k Ѓth@yHy7ԫ32\"W	;QvJbe08BZ5\'e;W,;ƎO5^uՋeZ;~\ZDi;\ZJ1}b\rp8	t5Z};.Zsp8뗭\Z!<5hjBDqƛ#3:>o!;\'[?l+|B)t9*<d=mPNj0><8FqIyV94u!h%a\0$Lv@,0:	FU-tf߉ߋ&FKA=`jT.A7Q/7	unp>jaF\\c/wYLZ2cf}Ge.2yE/XT7;	W!^bhX[u\n<2Bͷx,=N\ZQlN5ӚR5R5]NnUqhD&R6QL7v~RM@ѱͣ{*h3T\Z:Z6ڂ~Zfpv8j\'05pg҉\r{咻qs[3xOCV\'-W`	Ff@@;4ѳ8G׶`x*ȕӡYSuc>\rڞ*yRJeiҩHcI)~L΢`ϦtFɘ8((Swfb5(Y[\rv~͈&-J8:\r04ۧHQi*aV쇨Y8\n9phStH\"nuB¦/rd\n&\r =ӀrٖKm{/8j\rh_Ꞝ*]j].(ah^SpoL!;PuX[A,.;]9C/I+I>4`29stn^G:\'=ۧ3P*PuV1Oգ}ZÅ9Ŧ\"yXh(\Z2hptE|熯)oګWp$!R9ju&^?چO\Z\0ķiOsl$tY(<*y<s\0[# =fxihO\ne\'8RIAl0$U\\4nL܌SZjtoy^hÓNT_fL2@\01T6Δ`EiR\\U$v	\r+cPk_g_5Bxp#ȩ#	:Qt\0Xl<Q,\"Zڔs+\0(Pƶ;*zt.*-4	hQ%].wz#m?*\Z\0j´]vB!\ZאWA+@+L\\]6s\r.֑D@eVͤ\0mCnL<F**jHMa:JG0M>NU9aAoީt?5MM#%*	M\0kwe|otX zBm-<g=0U{גC})3ȦNZN%Qhubuh#ZyiQK8RrN>1UU!6`r\rA؇\';z9J%P]=rT3_8\0$~~M6X\rg)?14\0d	O\rak@b<$]-%KC{j]+(ܠȌ3ٰ9)\"J0\"9Rm:=>k]hH<yz(=|wU6vBI`)Eր:(lRNWMu?ld4VXzy(M.CT07ު*;gm+9gѺ\r08>s~#6wԪWj3OϕA+s:@\'|ƒ{Z9f\"ms\"*3]=N5s*X_\ZKFHgϤQB\0(\0\0\0\0\0!1AQa q0\0\0\0?!{,Jq-E	d\ntF2\nYaƏo,eD<F.i1gjj<źՅZxyM?oø\nr6@*,.[Ky\n\0y+kY}?£Ef\r>>Ez]@AS0xM~p79\"P[m-.:\09qKk+S{)J̌P[7\r\"u	@MG<7藒zMn@8~L)s-TУ7Y\0X7ZC0}A<O喽K6SQ%<o|*+5{@5p|:;%@F\n2N`P,4|q\0ˋ#T%ӪW[O*T+!	izMx*TFQw!t\\	%!zG\0_Jݣua:jeʁW%W/:5,ZשU`Bu򛨼O\\j>)(C~rSIQ\"l\r^/)&6bDkCy;ԩ}oK(%h *\02 :Π7[]|&%A5԰幯0X YDc@-zN;{e^V* nޠ\0g7\rx8`/@C\r\"s+G9v-~`cxO-JK/g}}?;2p`P[	<9Tn.^ 0q4\\\'PQ\0k>``?C,ڿw[ԿrSPVܻ\\xy1ru2(AN2ԩ\\ a\ZaTcgewrP9;!d>~v_\0\\	A*h5/\0.\\b@H\'/B<2NN&RyH\r3|,ł;\0у,.σ\\9ՐN|ۊe\0rtP@ SGsa`vw`*A.?se$ŕ3O0}.~6=ĝ,lC\rYlM ,UP;2ˁ3I ~4)p|aK}́Bl269S&rG4}\"t\nJ⧌54;;47E\"P`x, RNbe+ ;Ϳ±IxXGk\'pJu0\0]7.pTr@`hyU\0/\r,ECqWmTITE|MWҎ5Z8Dn:KK0Ecf8^*&\n	e\'`G,	%M<H0<asyvȨgUw\Z(j: ]<>*4*)]VUPq, X|-\"3XjC\n;|F\r=8VQF8SSMKT/Q)ÕQ<Ԉm6,tG\r1UUQܶưrB,zAĬJ!4_imt!}f.ҵl\011b\\v鷇G8TS<!ϴ ׭xbe^\'\"-y@¶:+NRˡyI \'mAL:#E*_(~*<Ge~c.Jl.&EսB[46DTJxPn<KeWdaf~}ˋl\n9w\07NH`؛`-J9iet\0?y^r*\"\"I70mhAp]K>,/s^.\ZyO@87H{P\rH:`7;ЀڮX\ZzS\\J	jp!i{deB.4.S̶C4	qǸX*P3Pe@G]RO4p[`,iq`3Lm\'+p&%&*~2RU?^Nڜ8ng;	|p-x\0B\nFe5]T=C+aڢI8qIAK[_xKN9/h,ЙťݏP,[\ZmqO7u?1qhb/+4tA8QFM_RX\\/\0:=9<\\ls̐A-=Gk?P҈Hu\rC8-B\0.\'\"p!.\\.O_sQ5zl,4bz؃qqEBP2<$t8q;\0<\"m]ME_lCNLM\'p	\0Ä$\r;%\' ~2Ose`q|F۔Qgn>[gÎᘥzsE\ZBf慬TWHWfBiz>ɮ̈́5yA\'ܹ\"UE\08-t6Y@Y=jDYqGKγ#׎<g\08\"2/(ֽa=,0:S^篶݇16m!q%\'	HWmx@!B:0ǂT.9\0;(qcM(`A6βW*1x0΄.Zi+ٌkWP\"w}%~p_08iD\nF/o,EJsIY-8,r(F	90Ze{hyV80@T=N\"h\rD\"w\0	\0I\0h6f>LJY@R|fo0frԮ\0QgPplnW?\0JЛGh¢7LEN8Gڦ!xyar.\0K!f{\'!!eVeq7<%w-j{rU\0qRJSztDT㸫rW4gÅU:X C2,)YGPN-AKi͊o\0r:ST&AZu s).Q%7iq\'Иh\0SĞ%NNM\ZR\rcWr_o*N#\"<Ő}sL.xD\r?X!\"v0Tv:9:MEi)p<ᱠX!/xzDZ{EW]BYm{*C_2.9eQ4*lD./dw\"j7kew0nEDz[@@aB\nÉ\0y\Z4t|b>_skm*}uAX0qE2p99ƀ_0.C_-cSln>\"*k\0Qtp\rAJ6U͇R3&㟴82	g@!w!ݷb8$,,XYtq2Y\\	\0 (a!XK閟r?mmҸ~j/`+HAэC위x]lcJV\r/5ԦXb<ާe\rx5g\r(ݳp¼(Ƞ\\r<^FFoϴլ{*yGDbS9XQ:~y,qcM^F{sD~VziI<rk,q%p\Zn	_oИn*\'%O&h7pPJxD*.~cۏ/rޓE-svZ\\aX@)QGc\"\0;!lZ4UT%Yn|zplrA@Iek6t?%G\nJB\"DN[[gyE\07mAr?0c*/8jpo|҇beS8n\\FPXxpiiԨ8hb\\@Jb?/#]rSUܸ~	`\"ZRG!]\rpo+\'\rQ:MM=(oHz5N4Vwp娑&(\ZAal{qK/.`,f_B{E{0F\nu\r߅leMBTsb\n^PYHVcb2+#W`\n>}4!f胃oŊ8`Ds}E#\r׉}«\rpJk?ž`q\rGL@.mݎIIx(\"~͂@o>x}cwqij^\"0A(us.4ھ\\*[x~i++H\0TgyG)h/,,]0.Sy8Ys~&~c̷>ؠҡm\0iRז#*pQF+@btB\'bO\'p2&Or.Z\0AŁg#NV4W\Zo;ܱPnS^z?̡๨(EVۑp6rS vjV\nٴ\njq/\\6E;9Yt\"(@:	aÅ1J\\΄_3n&nĐ1{WF\r_mAq]ӹ@[$/Mࠛ_,:=ҽ0j8nm\0sPp8\'(~W6\rYz\nr6fN^XxaXMޣ\\:;t.q@FwDrR49|ͼ)k7;|ev[S\rklY.*WIN\0(,oGʗ.,f,Vi,c54608TQWSX:J5_S\\kB10:FJX[}od]ƻp=\0l?}c\0U٩qeִ\0R[\Z2eb^\05nX/m,to\r\\RNܜcw&/H\0W_~Kwi@%rrI.%%K\r\0L(wQŷu};Gj~a1bvoD *K*-ahb~ySJ+ߨY\r}hdfMA.hF\0CjF7BTKU`rxsR9Vr1C>c\"8V\0Q=(r5a[>Ƶ5fy:{e6q}C	uq,g1\n0aߥ\n]a> 7[yŔ&zrÆWPj}M:H<K\r@SUKURv0_\\ui%vԸs# X\n0IW[#YK%:>\r˜QbάTLǓq	7Sp^	-K\"\ni\'̼\\>Xdx;[_pU!r)DA7WEC\0|\"@_6JE-yM\"c\0<6\n7!?FrYǊp6<@+%ߺilˊ5l1r3 rG;Z4g ?S_It\Zf	\'n\\̛=]v>׃<\\a!r&XUHx~ݳ[5Cʄ~)^2E(!Σw\\jA\"ڳLW-7pdU2rPF+]gᑀ:O8.\\`غeǘG\ZaC_x00SD8:R%F(-.K%	wn%Ƒ(8tImGɷt RrߔGE\0+(**1T2~%U1c I_Y*<Dpj~%v8i4.U9IUym,N_6pa?۰6=a_:ECQ1{WrfOB\'[ʥ-kPտ/\\q.3}\"jcCJ5Ol.ޑ6E%%^WAF1g;zx\'Е6|-c]\05!kCڮOh-D;pB{\\rCX\"}nkPz+\0A*1(\r\0^H=FR}\';쪚qx%Nk0мaQ2Jj3;Hۘ264l8Cs85Sp_{Bl-KlqQ	u\r4\r^DU\\5B=+KO>97S-4j1po=\"\"VHǪRi2f*T(Љy=J@;Mb8=N*V<#n1p{2zJݧ]J B>/ԼaX*kIjR}awo74~Pi]ƾ;U|\\\n.ξ1R	\'8(Da\0¸@~~~U`_& Z@4prWu@ĭ)ĶV:Y<,\0^ޥ 6϶2X>:-/.0«%nל=Ms í-͊N黛;DDU{IqTr-c\n8~V}%rG7 :>nC@MIlu\Z$}r?\'q+PB\'&rz!\"xةF#*V1/?&~b`\ZwԢx\rT$c,5~Al#6pE\rZ\0}w>Sk(M,$H\Z}nYP.X~f(r\0qK,#T;mʛY1mc\0kK\\ԣ(\'$@hܩQ&` c*TO?q_7X\nJʰYCȢY}Qg@JiirN?H%MD]0ʕʡ0J\0)Jp| нi(o{QNDX81ùC&¥Dظ~g/QgO_\r:`X\rXɳ,c\'597*XðU	g4(0Tw)2py~7S\0U|)V*T\'#jTqLbQaP;+C-Q^n?\"tK1DXk>v?-\".JIQ\"Jwt$eJ8+Qb>\0\0\0\0\0\Z\nK@;nD\r%m4U1\",	Ϗ*){\0L\"K{ϥX=},KdR?wC^#,R.}\0ښb6W{}C)uYF0$]orn\0:Ҋ	{RI%-y60\n2\0`}D\rlFF\"_b(b!w^1n9R\"c/\n}rt8=F\nL! %[~߃`ɅC3ZGH,xdL$Su\nw>Nj3@ldςM8NbIE	,_8X.\"*Dso\0tyy`m!LЛ5eqh\0G\"\Z!`R(&,T_<LYv7	ƏMVJa ?u#٧O]Yè(Cȉ1YUXiN$a!\rʉd3Թ,];jiٮ8\ZED->@\0<\"Bp<t\\1 \0}_YW0Pȗ!p#Saˡ+;M<4m=6\\|rÅrJA4y\r580O\0ñNm)%W	zd8̕0<}\r=K,pHw{L1d)Uc%txE}t;r-tfr8K|<aSn[tFg;a?~XQ\rP{2Hv9<<z:]7ձY Uk<rrF<y1[䢋g_o_\0\"\0\0\0\0\0\0\0\0\0 !01AQ@Paq\0?BrHkct%/tE{CURٶUBJ]lw!\rx\'\nlQY[;n-ѪѯhT/	QpކXj_aqX,С$bpjCE%y++/\n:z65Pū.>>\'\r؞\rąjmC}]\ZU(|\r[$Ly=+;E2euƇ̎jГo$\'\ZYL\0qYj.VKEiI.\\W\ntƚg!(j<M~NT{BО+t\\\'S;,7sbq\\6(pV\ZX)%eV!oE1;M{)>ͦvv|tPu-?\nQr/y.+csqX~rѸD.LE=ee(/\0 \0\0\0\0\0\0\0\01 !AQ0aq\0?;j%f\\YbDNw̺-ӂ`/Cp\0\nu:	W;@u/@Ap=bTpt_7\'\Z\"x6ӀO_aUQ.\\x;B;`u7.FK® thQVd\Z*9>Ftt7l-/5ܹ 	]M..81#Sm\\!*SYGk7w҈lˬTeB\\cM⸊@X G$qVK\rx%^T[G]`E{%Lqhqu\'o/\0=}EXIט`E<Wn/CuU\0(ܻǜ;F}ʀCD%8C>p`K2,\ZHa,,+bǳ℃dH`.:ż0{8{{Y%*Qq1UW\Zn;Muo_cԹŭN夹wėDܣع|uaܻ{ܾqq)h|AF*u(p\Zԡ_ Q%~FL\0esC;JNΦ򿕒ث=xU7*u=J<>s7RnS()#Υt`b1L?rn;	Է\\}WT\\T[Č(j*G!Dȫ1/&y&N/3\0\'\0\0\0\0\0!1AQaq \0\0\0?yK]K^x֭TP<X{P]6ǨƁ\Z\0P=~\0G=+3E|--[\Zkzet@VKN37{[pf<kԱk8>efG<F@!!xLNjʀgbmbt\\/\n,u\0-\\(͗Sܮk5}Llj5	 nK=l3R؂h)v Pc7Ef\rL_q{_ަG_0o4`?ަ կ0\nVˉXD+5\0XR(ks*eG>\"v*A\0T5E3Dtj@P#\rwƥh@hkl@e.*-RA˜Q؁.#r%p\0DЋiS±R};*JB̰؆Tx5:UlKV	<A*:mV2At;351bţr28C1Ҏkr\n/U\0]	L]Q7fBUDaeF27.\0TQuJ;gK\\14IZv5{J$ڭ\rf\Z*Y\Z4^?~JJB%+U\0UDf0\0b,Ja]mN8f\0Q\\KKZYpq*#h\rĽC_(.=7)\\\Z40>_,(!u*f6VJ2sJ%~#شGo2nLWi\ZU[) aK.!=L\ZJ1\nI/Ϋrh<0]85iq.!zX2VE7lI}Jb\\ŸAI\"L*2g=oqj,K̿LRoBCTyw\nT($2̮[j|)PoĦ/~dry{&w+a\\0|1{;ii\\?y_/1:P3\nZ%ثkAqaͶP3i.u_\'\0Qjr?pZQ﨧4x\Zuf,%rX`Q7F.e.+<Mn7u@6Bƅj0; z;|B(F@\rU@JB8ҝ\Z*)ǩf 5d*PU:lsuWP+&Y6Jn×E!jJ ş7G,u)$*R]^>\0\02cSA\Z+3\0ĵL.$n_JT«UGpl{ulŢyK1_e̏:e˔4h)THh;`.r1KD(1heX:[SlLVs2.ǹnBb-q,8TPCX]f1|@;)x[CK(Sb!Yp:_T{/Po{e[MZas\r40ʕ\\֬WǐՄ6[7Pc.Ns=ߦx3Z<>h)CB%͐(]#E:pQU$uoq*6*\0γ̽)vCԀ8aj0?P^]bKb\rΨ] |DH>\"!Tc](MpV\Zq*y6ΙfÕ@7̢7$\nX0ʱ[*\rhO,qrp\Z3%/+|Gl/|.Y>&D\Z\nۉEћ\")\0闼JXYԣ=6KZڽz4˪/\ZyEY[/zw\ZT<rU6gf90\"TE\Z80\Z#\"*ڮYP:͙jګ(Kџ$<_m?=4ĖrHJ)+ʜ-[h=/	h\Z/8W`(<zNͽQbǃ\"</!;w9,Կ2n$yT\'\';\09O0d.3&z0ysbn7*Cr/A$ETʻ15/\nΛm2AOX\\_zi\Za͎TRr=UrȈ.PȳaX\n-ϯPъ\',6Pм#F\rF.?sqk=E4ԩ8i1{3\'-0qa;a\n峻Jοو淈@Y}P=u3wxzVd¢E[TVfXwUf&Ҝԧk\rD\n\\+Yf+n}Ŭ9{^v50^~Wrs,|)˽C,`+,<ὰ><Kw!`9S\rV\"(]rEͨשs͍Ud\nk~qtAۺܺ+\\NܡVA|\\)-؊\Z.E*+\0jIz`^ki\0dΖjO4\0ږ*\0]g\ZOur|g~[E3+F[BVaklԯ8HBykי~/\\MPX7		u864Fp>ՑuP|3⹭UƖ*渊uF񑲷o`S/`Ņ60t)E\\ݳ\Z\0ED.FQ\0%+*jLD(|.myb]ŵ@	ؠs{vPn=_<O/Ra<5>#0ďx\r\'\0[@C\rʚϸ*,R\0mzFH*U4/PԨĭzJ_Rl?r^-?qu^?ȱm4L4oJ䄗xe\\I_0E \n|$Et6Dl\Z_Se)O]EhS|CYrP%ĩ<FI}e}K_S~b\\m-~#5,:#KLÞ[/\\\\\n!nE`MLԾ]O?o\n\r\\P1;\Z+?s Y̠9%-q{GK,(f!e&keo{#f}_(W-:kN2aZsb9{CSC\Z\0s9cǚ,VTųbQ?n0Ԧw)nwK%Ĩ.͡3p#efȀ	T\\BA^<bͺj>a#6Eo?M,\Zu~O\n?r}PW\00:urq~⩜T[ d& {[y](D1=j^+R0(-H5@4Wmb)8\"u	V 6(\n?9QVՠpԲvK0o\\Ϯk}s\0NAPXxS{mB?\nmcT<RXy=(B\r_2*h),yg`t#(T1]XFY9h[̀skduoFVj:  Z\0(Z\n.4!wYC_=k{xQ;b5UhA3;;1XmE88UgMf?,\0l%LCl3bkD9aq\0(Jw`m;SUA`fǲ1DY\ZU<x+lG>),]zqVlejQg5.3ܯsmJzZ+1.	m8faXO\",?1Bc\\<#x5߷E|zUQLCeڶź\'2ŀWA?UZ׈Pb/ɛ]|0Bv\'jC2z~*v#US\"H2e{i]s0)L`dl?k6`wjWZH5cjTc$\ZYZ(dY@\rMߢY#JR&Ϳs^!y^!$)VnH:\\:JkRUVXbWʿ?#ӯmzJaucMGiNiRj}Ű+V>9k\Z-ۯPff\Zpk!,ժpbAVw\r\\̻[!Z~s=95y@mo6Mokp\0fG\0hJ<K8Ծ{TR9A̠\r&GR21K:)|r\'-Js(ܼ@z9c>%eGRM1h:=DlU5Z<,\\A,\nulDg#?k+CP%gKg4*/u=\riZ\0]zHy.f\n\0\Z~\nq\0e[wp>?y1fY,R*ߨ&hw/:;aYceZTNBk4%/}	.e\\g-;8ԨuB7Tt[@tvfß2Xbd3w3LuAK/s)590Pk	Ny!#ܾYfzWU22ĳdEu}.u8;AV7)ܹ/Vbx?QΘJjG9>>w6Slc-@R|㘐5\0Ciq=#H8y%ҰԨ쌽	3j??ڎV!A^׹A0֡ƣ1A&	cH0&Uq_0xPy\ZF Z\rd\0Z̰AYWܾIiR鸗<4n=:p_5!7Tk/#XW	d@WZ\ZX9\n\Z)\0]K: \0Wqˍtj*`r)^U7(۲6@\n@˾/eH\Z:A8*ūCs$xǏIt1äfm>alBKAk7X]FKj\ZB)$-	\0RK!2]DǏ?3K2\0pqG/?Rmg=+Ug:.;#T9?p+U4g`+7\0ˉuecIVȞe-߉u5Ķ\"3.0^[<@XҀ4Ǩ0Wq,/>%vU7~qh?P ԱErhVl5UܱMҙȯ3Mw\0ʪ\r9$)0e&fgEsp˯bFt1+:Q[Q+OoXpї7u/\0tb-\Z#P+SȑP\"4rʬ.WQ#,OQ``_|F¼C j ;?qC$\0#17{\\_,Ù>*\\;&.\0Uf>l3-\neeŵ>PMAx-u2\\K4%k煔C%Dq/RZT_0B$a1x*42ܮ`V̩Fj]ZX7fD|XTX7{r%\rS`/G/F0Q\02R)Fcp	T	YywT1-ōF:;RBE\r^눅Q*QN7)ikBV̵h(̦7WJ6QS1/!mpVg\r 4fpZc/jqd2\\&ˍB,U;<A΋5XQ`-+W)1K9h\Z\no9$)=ha*]lSpMl[y3lE\0F6-R)܊HROL[NXNkjj_ 3xSK:)n!s(9U:wGGI\Z(0`zf5c]pZ\0V٣\\EVm1VsUrd/[kO=z;q\ZZ; C\r?w.R;5b0ct\\>\'m4#z4+I5\ZP^PnG\\R!\r\0K^2@)pi촋1Hxʱ@*j|fpۥ°*ogrwc!鶜F%n-Kφ]r^j\n༽Fs]0q4N%K㪖|j8sóyPw\\7Pde]8mXQWG\r^H9t\00U*6d[;7\ZQeqXTV\\_Q>!\0(4ܒKM7OI8<u{%\0\ZC}nh=cO-od0 |DQBkJ;A(Qk׉-Yz\0-x3a8DlWn8jRfO|a<bSybrSwx.^<mz*ɉcfM1̭u*.YHs,f+1DW^ˁ棊JÌsSD(\n)r\\ŅSqa6)kx+BN$R1cXIbw(5\ZQ\Z3)/E;b^S\nQ.KϓTnn8Q:l:6fVX(y,8D(-rҵ*a|G>U85z\0\"TBArԳ07Al\rSR5\r]7[` PVv]/Ha(	~yEB*hj`ZǊ\'qpA\nKߔ\ZU	d%t=]1Qihn\nj;(_S\ZK*\r024][zC?P[\\?\n\rQ	,+#BaHX݃|W1JEp5ݳ}1{u=3\n8\'P8R\"jܫ|V%?(꣦8JKHT$=O11D+F^ Ph\Z)~\nb(-($>bm_6%.leI!شRK\"in#j\ZTcR&ψÜV΅k\ZVtN2Oc,Lo0UWUX;&!^ᨪDؘn]V5}HWes\0\0c(B8jI[<!JTfdE@z\'tJ+pەÇRCp=ʌ)eʩ[7;oS[F(\nyn?1Trod3$S\ZUbUt8w.DJH)5VhS-l*\\3-[emhv2geW\0|\"1u(F2QmEJ|$,l=V*VE5٦\r|@X,[^+3((堵hp3*\r1\0/HPlKs+[5g+c2J/֊P\Z[)\ZGn;Ǌ\0j`r \0\"zN\ZE@yŋ17BP:DW̤D%ȅЗgr	l4?D.[U\0ٝ(Cip#fq\\:lٴ+3J\0:a)9DJӔ^=Bw\"TJ\n\nd52<\02m^\nAE\\k3ψ8-n:3WCyCǍwZ%UfN.0Ry4@?Pl0RrD,͗,>*Y%DJ\Z%p7bNq^a8kD9h/.(K0苼PjN/[eX/D`%S6@U/ŭQ\Z^ne7ygs(N(иj \\\ZZ|E鄮43=7(bB;vSqJ\0`	˴2F7MrDoe\0	e_\Z63Y̪mUZ\rcSəc\'ܨ@W\0&\06pܮ\Z/+GCRYK>+@0u@8Sje67wL#󉒩Kc9niSz4P]<5_>DhC)4u~#CL9v& _P䲛	=NTG>`cRg81qB+G73ī\Zs]Vy%Deu˷=\"MDo1%QPYt<T6/$Ѓu(_qBFpo2fmCn7\'Wȥ\';|MW5\"):\Zi;pOwġ\n\ZrhSG-Twu_d8-k:\0/o3¹6#ːB~0mm.Y2=9MU8mݿ9*4ZiL1t}5ʚKSI^c	CdJpZЮ+O{2k\"F,׈;\rUh֌|Aw@Wh\0:aC1\n107ṡ58a|1[~a)<&OɔN-gatd߉S\n`sx9mf2݋P`l-9!)=E8Y2FTx@S@:{en^1>#!I\0%=˼J97Q9rRU~>wfObU3]Q0bexG v\0^T%_Lfw(dFTAe?̇.8\Z?5\nP8G\"%\0WMwmH:vc\\EYX2\\5Rj$h+\r߻{+]gc^Q)V:aˤwaϦ8)	\0QߨݬXBF倯>QxWZ+R֙ܽEkR(ĹehAP}`Ȍr(ǹkڥ>!ߙ]ac{|E^n0bV8Val!Gyh^;lkRTc]S?Hph<E%wïe: ]59QCn44$)-g\Zz4H%mKXjJ`*\"0ϻBRRe\"xqC9TmlfA<!1`\"Ok@}R4\re{^ش-%L.6c5eLi9.\\\'1\0\"jG9bD@\'9cUnq*N\r/A\Z*̽,$BGtܫ5o*SyJ	2#  ڹ<fKa.E -+2[0.:x3ܻfP`H q;]ǨVxeQU!6\0wsDbw[_0\n\rSv9Bl&s\Z.AF[}<I\01VhTEj\"F4:b4NkCyB5(3g84<1\\cqc2D\0[mx_%!n?FRKKz2av1\Zm<3!}HG	b¨*\ZaOV(q~\\/lb\0U,h\\VʀZ+Pc*r<FrOLa4G\r7z\rV1p\Zcp~`9Yb5LQYQ	MK[P(PW8\Zd,\Zjw+ pW;J,^\r|@\0\nD*7\\S_MEMoMߒ	Fj?|s.	^7/\Z*9ØhD$L̫ZPC2HXU92˦WY}o8-KX5z\Z8=g!Kk m\n7߹Ȅc6jƺ\ZW+^b߿3QA\ZÊb{	~RqNezAtwP\rMx\r=5F`?ķ263Lmm&s\0`d\0\rs#_cYq*LɆ1*d`ǖ\\,B<ƈZ	՛[8GMr	y\Z	eg\"je m5iƤ\0(ͮi.+$p$rUhjL\nH9̓~%ʌR3 Q%\0]7e#\0p}i)Zw*}o&zpX5C8ɷxIg׈UR&s{ H;ha}]т\r\0|P<T&(0^\r\"zTa\nҋ0AQlSK<OU܊z9~+#+BAn:\"u\'N*>ca vZ|\rL%Wᑟ4@j@J),66fP9grnx8$bR騖\'$*U=ďB\\ZV>*T2Q//\ZsB.<e\'8zK</j1w#s[w1C2TY\\p(jXUi<ҧq+PYxi\'3\'X7X{M\nU㰈Ӏ\r.opbsCP su.UTNכX)w%i\Za,B($\ZvؘXTl35ܦ0/^:2}\\rbŲ3HE[l/	AZ(F%SB*APr[r_9\n.9,UP`rg/}\0jKWK=?0xr6U\\mu9k8\nQ,yXVkg=s5_wcVjeخ\0⭗\Zu9c\"QvUZVKMnqa1#\nV=#V\0HSJP%d\"oqw@IJp]*ZA??	PM^\0)5h<9QAfq3ѹ}C?!{$fo˰P5pIjzYJ`t1C{Wj13DL6EԱ˛jS4thi`# DRD@maNޡ\",ܢq.e1b07ŞWl^Etr@M¥,KL%$Ȟod=-=	LR\"x}*,\0K~3Z\0D;%nkq\0NH6C4\rq\nűpJs[#WYL0(wF9ߙc	.]91	H\r[8A<at-3aţ_̟\n0Y1/#l0fi`U0u<ƈ2a([fwٜ}A{ lłUkL0\n`*p5֢~VRDi#Fw-3/Kql+~޺Tkz? mU4zƄEcO,^xsǺlU=K#Ks[vT,?/G7}OR2\0\ZZ: B @!(Hآ\\P[\rA(o0Adw1Hb&\Z\nYOͩ[r`OANtA(0Du|8 d\\ŰRp=\0(ek\\i}/A{!\Z?K,ce^cBJG^\Z+܊`n1)`+P=aCw	/R\\tˡT}A/mxQ6J\n)ص[n^\ZDfr>eRk҉QJ\0E/!eLTb!5@Ŀl+{=%\0kܶ[GH\Z/$\\ȹ$-1߉UvŎH$憙_Rr|uE加!0 Vq`ԫ8\ZØfig\Z!CM^s,\Zr~I^\\?7+z@)7»UJ*[v+#XNn\\bꂱYvמf2ؚa[m\\kˏUF&M&m4jW]tD/j:q,C-`M0f=zɦ09AWrV	YX\n1)~J@\"E	X\0+_N#I\rq]=,:\"{29}!Mp&҈_qv5X\0c\nyW`~\0hQ@(o+ʼLVeW,}owE,.\0kHDygxw23\r}YEJ,>L7-\n.NLL|rk2?E\rts./12 6[S\0_U3킬\\cRd[x{\\5R\"+_R0<\"F}1UtKA4`mˌщ[^VۊSJ?01m/rp	UY\0x-Nc?PugxK<n\Z\" ȳEi3X-13䄋Vq[90UvAhn/0\'D |5]VW0ZW[Gc,(e\0yܤ՜؇WC\ns\0+pyp*N	aEVme8ST^	k\Zw`q0!A5U)\Z/\rޢ?3\\VA{%=ʘ*s\"\ZVޢF[E5`g)6!e@y\rehoK3IqlG2\\{PgL3W\n=PKD&ִkXgF\Z*d^\'Z\r7G%p>ag-7oܟȻ0<lZP<v2\"Tb%1q1yq;Rp@QCmN\nnګ\n4+l,ji\0\0_B(UhͬmUw.h*-^H F\Z8DK%kSIxc_P*w.ݽ}JKbC{-õ\r%M;.2~$\'/;U\Z(\"dH>\"E\ZOlN9}E=tKbq\nĿ\nP.Ku,DZzG6JӬK\nUx){fx19+_mUpY!gnYY#dAOkF=nWy[\0ZsN\ZOɃϘj$ʪCv \0yd@\Z	%W,-P䘉\0fPaF]KP\n\0ez鮻U\\bO?ԦA&Rڢ\rul90n\nP \nzkfU*+13m<2>-\rWLC.^l%Fb[GJQn7\\hȚwi!.GoO0sÐ\"#\r.T@*e\r\nԺ0{][d~%J8aj{}Lk<>\ZH ǑpOʑmL(18-G-z%vvnQszZ5\n_fFdh(yVtRNFKDQڅŬhpDg	Msv^b1)u.YMG\"Y`4%qdEV\n^@/FQE4!V0\nE[-ݽs\rūܮOr3\n5QFPU4ZTܓ%OSg*(Ǻ$ǙB,6+t,iXYWaoTs \ZʱR\rWqۋvYW*\ZjB)v\r%ѦtC\r0Jײ5*\'2^rr4^<sFHp\0t8\n2ctڨjviR6^JĬqBQ\\b)W;(F@󿋹F\\*\Zw*E4BE\Zl\'1D(@ܯ[W&eCUз}3#c(x\\x\Z\rG(Heɰ4@\0qRUC\0*ۤ3pĽ	\Zsp\'SP *GI\r\"2&ԢnMG#\0J8(HSJ+{:;Qks	v0\rb4Lfy)T(6qAUUvk/-@XtA)Ԯį@qJngl jPPo5ʾs3qpDF8Skr+&J!9f]udhձox\\j[}B-EP0\\UKy_тAj/\0o6\nqm\0e%rWj9MSƨVܿY5SJh*|EkĨ_A}:1  0s][WnUB絾a3Ryz e;컎3I}n\rUK4.\\P>agFXShAXILnզ-lJ}B0wpN?m\\O=j\nǈaFSM٨Px*8)>U\'+iXfUE4[*k8/Ű3Ph\"91fДS_0&k̽74p΢{O<hW,R7@j1\n{|ŪV׶-ܿ3e6,RU_Ō1.-YL aXk^\001@D\0UI6[l,Tv$ծqE.Sk\nX\"Em8AnP^,Z6|E57=u`aߜ)G2bәwrLj\" D|ZUj/Lzx;`e|ĊgFbÚGlkIlPV݂ݦ>oBENvAV |J`Yt#:-YN&3:nU0js-`\Zj-&D0=UMm:5f$)+u_5yjX	aPj)q24w)0eTkMb6Vn?RĶ |D/I(BGˬ.jWr (oc2§ߒ*j9-[_WjW+=*!f3ԩN4UBE*pMS,總ߨhz)c(VTAa*8L˚Q^(,׋^#be*꺌s2(#KkRw-Ŀ~ bDQ\r-2\n.\08 9.lTi51Z|x8/th/sRR߸SΈ#`P{\\wX&uA\n4+yZ-؆1A\Z8ԭ`ꡎԮfub|<Xn曪^ġp)W~%[MW!8Zю!$QjԠ+QԥqV2JڽC@L\\4/lWV |aPƌ@6zPVٖ9~._.>\0кRŀE?t;A}ԫ]q@0HX*d\rQzԱ\0`<Dj*xcWl6\rխgDpWD9F԰%Vrb\'KP\n,.U͌8nc(|pc4,\rʉ\\Odl҄`Z)b%˹us.S\\Wq(̺9}D-\Z0(Gn;{1x\'\'_6aVPwnwR\nv$d.Qڍ`E+wբ{D0+J\\\'[e=̒H4=8-ek$eQ(4\"V 8w\Zj%A~!wmQC7KsRK+ԼQy#PkMZ)QXԲZn^+U2]+\n+๔th{nX<;b0r&@)Ok-﩮|F0[0m\"G3&ω@\0>#cYu\\\"RD]D%1CH*cIX;7vyo\rE)>#ZE(?+c>#3JmF:NնtWs_Y,2x\r[6{9xCs_آ\0Z5vMq+Dj\0څ#v]=J0Pcۢ	u7:<*yVbVm@u*QT`<J0D ]2~2nW.,2q?._6|f?@=8h A#9k^+S hBJA%-++0C:~!=ʾ@/Ukiq7X[D`ߨ\'. 43\0Zm)f\rk+xQ\'aoAlK2G#@\'0wx6%\"8,]W0,!%S8CkDԑ'),(26,'permaurcio@gmail.com','Mauricio','Perez','21232f297a57a5a743894a0e4a801fc3','\0JFIF\0\0\0\0\0\0\0\0	\r\r4,$\Z*!=-15,.11 3D5,C49:-\n\n\n\r\Z- %777-/+7-7+,1/-3357-+/.-1+---/+-/7-+-777+-7---+++--\0\0d\0d\"\0\0\0\0\0\0\0\0\0\0\0\0\0\0\0\0=\0\0\0\0\0\0\0\0!1AQaq\"23BRSbr#%C\0\Z\0\0\0\0\0\0\0\0\0\0\0\0\0\0(\0\0\0\0\0\0\0\0\0!1\"AQa#R\0\0\0?\0Q\0DD/jKKECt0YG<Uw5D,JQeϭtt0\0u2?ij\\k9	6zwo.:wLh\"c\0A\Z},D@\0DD\nnO96N#RyuVL6:Gh4Ǡh^DO5[|ҽbl<9f\Z\"-	\" -_v*٩9iGpbeP59>|6_:$\ndon/hE!}\" usG=y</Zm>!}$厲3;(QDho>%_Qjl8|:hwwe7]^6ް:\\#.} \\^m˺Ǩ9:oM(ʬ\"/ho[,x |ƹ,isf6N&{G\\*xak[33[,μ!\'QQl>#-eΛ2>?it;qFy#\Z$/\rs\0\\[Ym\0H+j6Jv!$B=W>c\rG$9)XCo\\VȮTo\'(`\"\"S3Yf6\'ƶ\0\Z>+l)tms4I-ċs^FJ,ut\r8N_6Las\0>ssM</rU&&dna-/Q0d\04.->\\{^_j\n},nX4@p8RU.8m@-%NWkO|n멕O .k\'ݱZE9Q{\\㹕\n}fh?+\rWl8Ab༅z\Z_($OoXC,Mhxejo:W+9D}o`e.^׿e\" 5ٵGu{()9\ZdnToUl>fTX\\%XC(=@[*x*Ə&Ua,}*ɼB~Ȅc)H__)Oc\'6:2d~\"rT\Z;,srS@\" \"\"\0\" \"\"'),(27,'ebernaldez@trazalog.com','r.sanchez@mrsservice.com.ar','Bernaldez11','21232f297a57a5a743894a0e4a801fc3','\0JFIF\0\0v\0v\0\0\0C\0\n\n\n		\n\Z%\Z# , #&\')*)-0-(0%()(\0C\n\n\n\n(\Z\Z((((((((((((((((((((((((((((((((((((((((((((((((((\0  \"\0\0\0\0\0\0\0\0\0\0\0\0\0\0\0`\0	\r	\0!1AQRq\"#234SarBbt$\'7C(8UVsuvc%&6W5TDeEd\0\0\0\0\0\0\0\0\0\0\0\0\0\'\0\0\0\0\0\0\0!1A2Q\"qaRb\0\0\0?\0Ȉ鼢\" ,y;V(Ԍl\"jGFf%g+\0_UDDD@DDD@DDD@DDD@DDD@DDD@DDD@DDD@DDRA\nTMcdd4ȲY D@DDD@DD(|+AV<{\nw>!\n7\0UՊ?\nB\"\"\" \"\"\" ,?YҰDf7wЫ-bu#n|[>X%w4ޛM+%w4ޛ44ޜ_gzlҺ+_gzsI}JsI}%w+%w4ޛ44ޜ_gzlҺ+_gzsI}JsI}\\:\"54ֈ\n@R\0RƱMa չYkp:ȍO&*(-Vk\Zlҩ\nVŬSM6PBBĄgLI\nXǰy[|8,PD@DDD@DDD@DDD@DDD@DDD@DDD@DDD@R((R( [WV+|\0*興\nA#qP&礥IP&礥IP&礥IP&礥IP&礥IP&礥IP&礥IP&礥IP&礭J];BmhNj2	KZeѿU҃D@DDD@DDD@R\0,hƣCZ8جG\Zͫ#Sc[X%aZRl>nz+[_Y{M%ObrDI\ZԩsVrF-j!lpXQ)*DA A\n-m(Ҫ)q!,U-~ҫ-pA\" \"\"\" \"\"\" \"\"\" \"\"\" \"\"\" \"\"\" \"\"ABA?\n[WH_DD@DDD@DDD@DDD@DDD@DDD@DDD@DDD@VxkTA1\nncǒ],qkA\" \"\"\"l\0hPX͍V#b0D-j6E\ZKZ܈r1\\Zb\n:k	9?.ay.fL*\n\n#\0[mzpSҴqW-ԋ|EX[J{O%>ͭޟ==xgXVor,nna.\02;s\Zr*nI(\0|Y<]5V-䚏>Ku~3!5]Duὣ۴{W)_(ěmo`uݬ\r+aHhgf[CЬTػ^eLzy60<*7 pnݣp#fA<{Lr6>4UdbQrbڵ\rl[2B)흺8nr,oNm՝\"Ϳڳ9VwȇK:k,lwkMvTlz\"sg PPPAV\0UY[MJȬ-oY[M\r+\"Ož\ZVEgo}44M?hiYž~-Ҳ+?}4[顥dViCJȬ-oY[M\r+\"Ož\ZVEd\nbmw+T:\'XQ4ֈUTU$Jγ!-p\n֤A\nQ\"&SV5\n-Ub\nbiں^265oXtf-na;sL7.ѓ\0}f\\B?|R~㸽sWJ\Z@wtwOx۳i%{^<i gn{mX&fj1Tֹ7z\\!-ߟo%_l#?XW60J=UTےkmbc%z\\+	7:[YtvJ}F3\\a\0ƥ2~ڪS	1[\"lF;^ck|Fl;lf*aʐ͍ff*o|E\0q8a8\\uOĠ+yl?`3<0;kN\0h4\0r¿-3[]MG1DߕAޱ_uit&?\'Q%3wYk_wܬnj| UBhrĬܱ*DD%Qd!B%lԟhqZՙ\Z_UDDD@DDD@DDD@DDD@DD--\rubC(-WDgj[[3F2u-HPEpv:Ѓ*HzԶzC֤,%\"\"j\Zվ4X~\nJbR7vSo#e\0P\\V]D_#5RDF/eŬ\\G>;B8#1(<yM̊S\0ǹy\rbykw\'M@bi?6`@^(qCdluc%$uG!sVkJb0EFxS*ExNxτq n	b;jKNvL=f\'OF^|\Zj6B|\'Yǀe\'d|Z׫x/>\'@<N-<t,;M򳷊VL%d7ݼ/bqc,3cpfh{coXeTa˹Z\ZHʼKSWlT9|RVeU.XU,Q\"\",\nЪV\'hQb\"\"PPPAV\0UȥgghXgghA5^}Z49yMtV9ZѺDD@@7NOYC%`8Α݋WbfvsǍJZ^4Y?\'d1Q[C,XaM74L\ZJ˕xe\r]xM``\"Va:uPϓ71]X$7Vj[rv}l|ugOѕr*oZyxѸ{K\\b;[rR>^$f:qj?\nJw̽;//$ܱfڕ4E+\'	ig&y>s:ñ\\/ItGvER|\r;ټb\Z8gGWqhp;}<uv/z\n3IJZsۿJfm7R=`*@6n ?a_+Mn	T:e\':jbc<o\\\06*>*p	NoqS2j_\n	~ea\'ھ;0^Ku+q6u#nI;fl掝qa-Hx{&Ǌi\"#(\Z`S^;<5F\Z9)6}̌-a;cf77^k1\ZJd<.x`=}\"㈲ZjRQF|[]k\\Ⱥc>ԵwP|Tr]mZ0++PDDD@DDDAE(K\"?B+4)Hd!\n7\0UՊ?\nB\"\"\" \"\"\" \"\"\" \"\"\" \"\"\" \"\"\" )K)@DDE(\"QDD@YYfrRy%VA~%,qkPXTտjk&YMH_G,Z*d~Rvwvr~hp8PaB:UFv_AetMQ$)qd1؂W`6%K]Lxi #bXfI1\\:|?HtQ[B1mv_\0xy.g._n)=ԵgŒG#K\\b;[oaVTʚ\njY>!yH2_jΚ۰aj1Pb\r[kWhXܫw<˓Rk4e`\0\0s	4ԭ8ƙset\nJl.ԡ05TI=TM<G9NҬED`*]+jI<eUI$JZJ#gKܴH\'ZDY\"Ar;\\I/x\\SP#x_ೖr51ے\'7xZ׷yr	H*\":F>Ul^\nз*ʺ\"\"!QM \"\"\" \"\"\" \"\"\" \"\"ABA?\n[WH_DD@DDD@DDD@DDD@DDD@DDE(!J)@DDO:jEЈ	e(2cb%*l\'OOrrt-\nT]t\'\'OrЈ,Sܯฌ.)MU<>)ZhAF¾:&oxFy1, AA*(if\"-<<pY)9#qdciqZ0lR)*JZg\"3bG6ޤӞ	%v>:(UHx`[Y7#55cdXWAW-=LRE,o,|r4p6- !h[EIw\0%]G\'36K6<c]W +Uud8!FfwYp/b=*a9\"#%|nw M76׷/A,ܵ`n,Fϵr$6ղz13R\"co>y6渐\ry_%V	WsG*9k%	XQBQPD%B\" YK<\nAsCw-eAQ1TY_X4w`EZ_IHwѴ^kv;8]|I7#W1\Z=Nwln𓫡1SKYOJتm}ɱ~_q;rXsOyډuW_ǌg*ЬM-,clI[FQ07]EE*R1E*\n7\0UՊ?\nB\"\"\" \"\"!C\rֶ	d\0\0X{PO!/P!/P뻽9i:E<BB뻽K)K*9i:NZN<BB뻽K)K*9i:NZN<BB뻽iSwT	a\"YJ\"*wUqXJƝRN\nɮվ.I16J#vy=~:!U=F(E\"@Z;>/n`}=3b6w0I0JMO+xcngn7l4dDZdE)d@DK \"\"*,Ȧ!M@Wp|N.JZg\"3g1l*GYctUB|;HpޢH4[Y7k*0ɩk\"\Z^Y$r7Up6 Fa6!TK[N$SFl8q帍caZa+a/Ӊ1M \r:\rmZs?ppQ\0\\b뱃O\0J\0R/~u.~K>cnxֿc\0Fi\'/|j[c߬vD[e\nd,,Q\"Y:i0ijj17Y>m&uxGʘ[nRXfd+I\0:lWGLlYK#uI\'e~lmglWI8S`2Ӳՙ|^֝ċo_fZz~[]$e#G~<ROa$$vnNHXV26x=?+`,\\I ;w^wxtG+S&181GۼZS{Ι|cdmY\0\'iھÊ֋񝳻6%m61;BQR\\nMJmX}քEPDDDAB J @DDD@DDD@DD--\rubB\" \"\"\" \"\"\" \"\"	RJ	i-p ؅bF<1Ygo҄`šDD(ұvʋ;+CM+d,&b4ż4Fn6}\\|W*=0&*h|,q獻{_ij|Umb|p,1ghy\'Qwۦ êwceQz~#vU<koHO\\XweGS8\rOʙCu/9xہ+jeq͔b\"Y,DSe6AK)R,@.WТ2`/Y᪕~ovgy[fQ]hGuvҮ?eش$?\'zXo*xkWC)\'bv\0IK=qy\r~\0I?~27&?/ElEY\"((,$Taet]G?c.v! tv^lE=30xiG)_H-;7aq\0|N.t#G4yJvE\\㼴]em㏭IJ:Aã[vI鎬\r>38-$k\0e/Rg}$JM+yv#& rvWt_Sm!S	,}˷duO3js`1ڃ5T\Zѱ384}ҳ&-:[9AMhY\Z>|%*Mk/b)EQꬬnUȈ!@DDDAB J \n[\n[|\0*o]!}YaUefɇUDDD@DDD@DD(\" @\nQ[`Pvɻfj[rN@Kx[\r(XJЬQy{WQ~\nnT)UKQJ2n#vVQ<krW$c},@+͜˧H֍5T|>3}zzp J.VaS\'b7eeƷ\'}F:x ֍\0r*dFϣa9OAkB/}6E6R(\"DSe6A1/S16.bW8mYɬ_<-e\Zj6QRPۃoq<e00amCb?$[ٱ2#}Epہھhߞa5!h\0m#Bmn~y\0*\nL{hG\Zv-	~nߺU\07zWo*~+:\nG\0r.?Lm\Z}`}0+*#@týq\"|rKǋ9  _Cb*_K]Lxgڳi.͚2<t։S\0-vlN	[-)p4[E=,lYY,SdAQe(/oW^F2AERc `@\'aqYGQ`ԃ^c f;pNJZA	$3Gi6\"{vX+oZ4,=;2N#4yJY[~S}yi;vveΚAOL5|	$\'9K,z)\rlyK F÷9&p̸nǪ1|rW1ᱱ84t|Nҳ&-9f|S8c9Pf384+YJ.+(Y(!QPofUef\nJ,!B)PJAAR1E%B\" \"\"\" )o)oo\0\0tDDDAfɇUk.c4&=aB-iDDAR\nQDD@DD\0/:twV_@.l\0.ldmaGk[Lgm:FeR\"=,Rnh;#\'bYKk(d\Z#8ہ\0VLxC|Zn=v,cDbzL	b@x5w-WWI;K\Z8+68Q,Jݭ_tr\0kz<~\'o!vV<kj_a{OHntpܵ>?>T؍KXìa\'tr\0w_+6~^;N=jz\"YoplU\rlRj^j7꽮ssmwgn!awnI[CjjINڐ,vӷrJz<ȘwW`#&a\0:7lݣEy\\>R歭RRەָ 7*[w\\cڻSv&sxaٴpv=xpmE>\rqZGĐGu;CWW*;ܜ,:6/vS/ڝlqj]XmK޽DJb<fucw/,Y/@ɘVqDy˱lQɽkG@ol]z\\l\"pYlg<}x;B&Y/͟4o\r/4xI7hἐ6 b^=_]B+D7r\\\0o-!`1\\SC#9W%\'Xw/eִOC-Uh;OWsLE4&p.An9u}N[=|SW1x!WW)$zm!W\"	0^0AX<]D}fѼ?3,cX)ql\\6-pӸt{ɀG1n	74l>	LL}n,:寧`u%o:fg0/3ܕ)];u|lOO|!k\\p6 z\ngĲ5MOݯnŮ9+iK6e\r-Cͅ\\~Sl۶پ$|:v+%ъ)Y6^E<xPcdd,v[6fks\')t~#%!` \06oҖnDd?>{vqxdM)i&dO:sn>^󼴝;\\v\0}짗04>S1N5lcK(F÷9TyigdU,֍eSs)1ڜ_5cGS3ne3n;Q&c\Z8ھ5BܚDdDbHP(BMUk+PydT\"\"J\nDDT \"\"\" RT\"\nAPPPAV\0UmgG{NVAg^ջ5[dCk:Oޫ\"YקnMzVYν?wzkwBXnSOޫhƽ?wzkwJiVɱc\\Ӹk|N];B+B,JR\0$V7YtpA14SC`UK縹B\0IVLgmU\'1D2UV.q{nJBׂZT//ʸ6!(e$d]x/{H9_EQp:\ZY+EB65v{[ؿֹIlqu/ۤ贃1wAWw=OOWWg)pj<ݕ{ư\0208ہ\0g3>Ma\Z>6;8xmxSǪprY	k<ZxZǹ${-+n3XS&}-[t-i\Z\\5FkfHݶ*Εs^1ejf!gU0	`\'n-Igص!ard՞.}ӴqiKGQ_VRœ0HoGî!a	2uar峈mmh\nˍ=깍-Dԕ1TR$5Ip7k0:`Ḵ~h\"H\r.=Ҟ+2>%+\nPb1زVp:6 xi楨W<NHZ8BY2Vc:;9aXS}n,,/?HqjV\"uSv]c8]vTḭ4Ԗ֟F6[XdSe6ZD/G-3X.㣠h^ze/}Q3Ns6zѼ%-xWsy l#kxpzڜ:vS@$3D9+L݊-M+|bu9<t{w.2Vx%ض\n)4oiF.{{[-t\\sl;I4bq}i1\n\Z6JjwFpSAYSYAQ%=TE4Ns7Ws\rӮ\ZMi\"c\"hZv?]G\n9}I//a>2M|ܟkJjc[8o*[e]=>r>)1aأC}KV#7b|cwH2`!~$074k#b8~($2]qPγz뷇eY<$1^E;I(he~#%\"h-i;i<bsICP%}t7_f\0}~TSP\ZGۇV-H<\0Y|L~%fOȰGkwmv\0r:W2]$\rx\0%Fv63[Jb\'bu+d(,TBATP\"oOثC-,XE*APPQ!D*JB\" \"\"ABA?\n[WH_DD@DDD@DDD@DD	DDQX표=[{Ai>\n@آwr\01}>s/_S%6]Ͱ<zgI7%@R<TK_VT}|JU\"\0P$e,˄[S;sE)N8x`\nT}ݖqLTa9}[#x=OOhHd0RbyW+^vk[xreP !\Z66\rWsWr=Qc\Z6Fp{_/WiWGP4*T|1:Xӓ98	}nj\Z)$:R؅_5a{٭mslE*h˔j\'k*\ZKLIrq߰lȽtY*:6\\\"56и8!@=faeѯAbZE\\F|8]CEB0u6{r\'#6m2.U斚x科M㑎-s\rn ]\r4EcR-Z:\rVbun=#ݗKGy&^1.\Z6[FSH쑎-s\\\rn#[&Spg\Zk<V\ri~<mil!R8]~,\n\0Em \ro7`xNSIK]NI\"m-},P6Secek2f41lmI\0\'_X}YX&n,X(Y\0<[b+E䧓{ƍ66/ܑst>X^\'mqd4dDm7#mr>lr^?-M3<#vg<qh;BZOF\'jlǇ4ޏ뱇ve^tj|z0[gJ=cF-Sq8kooV_QESMWN,8o%UE\rdtSIOUđK\\\rw84炶\ZOiG%\"ģh}kw?~C*3Vs5+)YS(j7l\\sB9aYpWVJ\0ёҫ\':FY,˳i$tMz7B+Y\'6:Akw3vz$ڼvMTG=4ϊhǱ-#+ۤXdijul$=:hu/Fm}_4=]L9&5b/T\0L#>;7/XW*nM.UfEw&*YQ,1!A$D`HDbYurq9oPBD`\"*E%B\"\n\"\"\" \nTAAR1E%B\" )o,i{hA֐g6<Lclr[Cޜ^CM(syz9CކQnz\niz\r5zlRS=yBY=aH@DDB!@R,H6C\'1}IE(M\"[;mҾ\nW訰MVgi4yC^Do84ݷm~\0m\\1aRyjCS%3,qȳOd˖L7-lWEw\'`4+H^/r+	\n@YlO2)1#0Ex\0Hsک%15aG٧VO8j㶽#6[b~\\dk((ec\\@{k\ZvV.S-6evnq!cG@	z2?ݏ*\0[E5=牱\ZXi)i#[4⩏1F7\0#++Uk!U\Z|FvvEō4ʌ]\rM˕#kE\\Fk|6 ta:+yw8&CPI}^ֿ\06/3ly/rwbKK3$88V> |vǮrH%hG4nc5F0K\rfe>QE\"F+6oKGڸ*gZ1s\\.6k[\r9cp{GJSq<Z01ji)k$OHx#a\nsҦKZ@Unku[qfZlӏ7b)RFQ^W੦I H깎<\nDu7ZhZ a#mw2MHZj3୆EHWxnѶWd-.4SE @ot!d*/ώeip|C6JH\"igTki#\Z\0f7ql9r\ZJcŜWnesy\0\r\'f`}-MGI8F)^F[p\\wD\\ӽtm)irL\Z$hmhG1NܯAwb\0Xvk[yu-\0Q!E9?ĸۉ;BsXCRs\\i(#6\rc}mßYk	+q܄-#̨#(YE+rlҸW)iX-1Cqcc~\Zqۛ]LMxTa.km :WzM6\\%tZ鈐z[ؿ8iu4\\kE,uHwr\\͒\r|-z.BąQ*B(B\"DBbtwq=\"(#Z?#ai-wJ\" \",;UFվIy8ߜ؛ſ9VE+\']wzuޜww|wwY:Zuޜww ?wzVc{fo\')kݪ\0zY홼k}VR7FWD$-i\'b}\n\n~Qb,́nR`sx.m!iK#s+j/Ha{ƳǏcM.bEv+ \r~Nзt1):zLO^i{78ܕ!Mљ7L&:RcP\nj<]F3uyMR./\r䋮_e,44؛Tuٰ;n;}Zv\'HQ̫Pm&i\Z	\'.><;ŭ],,]2<=cٮ䕬çTQƲeFM=ծ䕓RFeL@[foۍ~cX1:\Z)5GN݇jcr?,9cqkb7=W.զB:R7U&nR\\\ZcA\\rw)JgVu_;pϫ?jbxf#K]E]Rʚi[4N29_8\n+6am~=Opس8+vbK^5GKS<Yq=`O&2f2x[0zIn_s\\OF\0/JS\nJMp%lqF= x.\0R]\r\0%/Yu}4Kҧ!\0\\uN>m)lS7bebxZȲY	5`>{~^u$2̊hm/\\UT9/\0bveWm9gx};)۩,km7t^7Fr9ҙ\0}үGik`;T\0M_wvΐiqIKjg\r㴺vˮzk}.4y&oqJ2[HuE[cJZA.eX>Mm=3#qߴv)i2X7(PYԬ\Zr?I\'h_E=~l>M}[^KO</`\0&0v%Ob.BC,60ms{l\r),z\n|7\'m=3#qߴv)i	(2YܟAfSR0jIniۻ\0%v,$л~Uxfp83~zl[\\|&l;|kW-m,lFz,٤*VUc\r\'\n\0mӻ8ly(dtMc.IhBٷ1yű=\\Ǳ84t|NҾ)	t,̅Hn]k@FR=K_4P%cˉ\0^g+f|%ꡃ<aZ:R9571Y1J\ZL>fITaٽy˧Y+y\'JUU|1Q	w\\r4YqRa\n9-U[ry6	$紧qE>M}KHf#;Ngd߀CS4,{ۆqfzl^NRyMKo*ӹK	<M:HdaeL7^Ǭ ?1e?({̙_5T:\Z\riݽf\"ɷ>s 1Y4{.z7hq~Nh㏰sʸy7)K4Z\ZG\n\nޙo֦?5Z\rSuޚG讍SuޚGBo֧?5Z4o֧=5ZбMznքM&Q$SR=%hPD@EֻqXdpQZ{*fl%UVj<EdD@D[8kɲ1tָh+>j;ֹ2\r֋dw~\" @R\"%k٩5nrj*]S)\'?WV)#xPR,/AB״;zM\Z*\Z\\9yMzOfVe\'(+)1\ZWLOwmۮYg7IhzZW!ERto;U}?GJ(?=bSk[?kqqiAYIԔM\rvV_rG6Ѽqƶ帣tws_/%.q+o!dFWÔcd\"#`um@юsqYay)ER=#pLCWPH6qyKȿ;Nw/]B`qk/,ɄI2.0s3O yWm7/zGX5 m\\pu_EBvN`zhfq;A۳[~%&n{lֶ񸍢;Q˨HT1/ə)UX;_wgl[wWV	-^!ϴQkTR_U5~>)槪HgG#K\\b;^=e,wE٢sf-NFFkF낽]&<k)\"QEzkGxn;,Dۃ)njjdF깎ua (M__\n`/mj,%o[+IKsH?j?fRE3 n`7?M#r9>,Ȥ}k-G9\0{qɫyS&Jn/E\0߲%qf4H.\0S4a~2DU?\01WZ8iO1.NFҮ>ұ\03v-VV *^šVl\"0G3>GSQS%Le.H`\0OZ\riS[PXgO\07v\0+argko&w\0SՑ]/&7ᬁTDێ4@?&ZTri_,t{.q&wƈGJѱҬ5tٛ3%Ξ.~iGHMQA2MHI鹹ψڱ޻\Zv-\0$ٖp3E8%>kδ̵\rpg[\'A\\v.ZM0{^O;j3[vA};9Vj8iƪ1\\nscGF?fnƪssXh~ؤoAX)I-aocnZViTT@XN\\4ڠ\\Qiq\0x.KYT?R8Oy\'pڣ«qLNWTR86\rvSt\'˄`_\n؀Y;u~=g,BGӭpO°bQWT	-;u~=yvX/p	ƱhtF5wI~$rj_CCu5{@Zc9\03(e)mH:x7$=5wJG36uUii5yKn㧈uviiaFt0bً~U566[t&=_6]|8b&~ߏ\rP&0Srƺ}n,i?6)ALhitl$ۀ>ѻ౏nqs\naɴ-򕊡g]wOe9=-9Eoʶj#ڸ.r#qzǙ>M}QTg#qv;_;iVLz:<\"/GF`qp\\3=GP 4p\nX\'_X>h~T@\rűܽ䓼Q^\'#Wb^>C8w\\lpEc`Up]Nޡz!_\"cMñV>VkE;:?x;GWyw7ЈQBB(! DDAPX\"\"\rԾńugKXM_P1by;VDD12\rB\"B(DDDD(HPR[\"yit0*\\k*XLk*9qfj왖Xю2*ZlY͌G1-po/ MEZd!yC$<Ůx+ϗ:̟+0U5+M!s%Z8fCG~97e!pzW\\.9:Kae,92꽎Ϣq>r>6viWGuY\"\Zi#k)1͑\\5lh]GEZD&y:}\rn\nˍIwW]z#u;渴pAҦrMlTsG-׍zF2״8m@̐re7^Ӧ?JJfb412#\Z${7y}>_3JFL$kO+/׍ٷqaPo^FZCr6.ahª|\n>CvT3q߰8\rv.|5-rHu; a\0#;h)ihcvm{,W)]%t͎\r C?&nPXm~{vwL:sTmmUMlUq;@m\\B!݇_GCQpW;r3v3_5x?_5}}\0p^1k!}P_QR6nR[0OT	u	AA#35ss[gTCRi=ª\rg\0	yҵ[oS\\?5ζnQu-4F_tca.OKݵw]%P\Zv}\\\"Į]XNEpJ\0*/_i7_t}qHt)qIS1zY1\n:L.-|nA\0*c<Ŗ`ح/bW,ũ&5Վ6}\0o$,Ǳjl3	}MmCci\';_qL;C4Y*TGho\'>\'m]OM#İ``Yrhs\\a$vѴ.%+,W={ˉI\'yY#|qsrvIVI41]gD?M)FJS#tk#cֵ䓸Į6-3\0,N\"\r7*gz@\Z\\@h$`\0%f\Z\\\ZM䞀j˸lќ`eNiivd#nZFOs\r_\nvxI\'AvWqO5cU83RfO;\Z\Z8ڧ1эTK;GphϑUjI1V詚Au$\nѢG1}aFؼl\r.dR<8mci=5L;xMѻ+a?LP5-2lO<:m}\\6YSմjw`\\.(ǛHC<z*+i]\0/}ڣI8-Gp_>%U$Pw$/0w\0T~?3z\\rrWVU!\\LX}GBmH:z$ΈYm+j$Qݪz9˴97/tqaxa-KÈ~sޑ%pgW&<7<#-3\\bmgZY~N+\Z;%V1àxMH.3ϭIfϑq$$m꼳9z\'Ʉq]EZ:ٺ3q-uI6ۢSt58Npܟ@uq-5$~>$_a#m\rOH9TSP@;,k@x5nh6ܕ\0Xξ֭+i\ZlQOaT\0&e\\:̠\Z=lֶ{nOlV\rkd.&rOBԒMCֳ+&\rW1dqd,5cvSƨ!̥$nuO̿͙ҜT暆8+\'t^aXN/TKS[9v5Z84p޾/Ɯ	WIr\\8&]4xN\ZifrrM\"miڪgnZiYAVoMt=CJȭ5V5q*tn-pڈDAD*\nDD}!	JΗο\" +5bYYv ,П*=	R@R E!DDA(BJJ+&Zb?ΘF1b4pguk>t|Ϛ5#pVG&97y lL/Ks-8	.ǃ4/\';cGAб?gK.՟rf	s捡!b+{ƎaG8ݱ\\riӴUJl\"|8LeԎ\'G@ѶҦrU\\tsG-Wd9iys\0O^!i\'d\0hJIHomߛ5w~vLw@YLARc8RU1΍@u6fDhH4\04\0Ƽ3!w^T5+f;/[m\ZS|>2(o\'~<=}2Ds], htRW˼7f>6h7i1~T1`3Q^:w[Wbw~79t43\Z+`%Yo	h46Ɯx#YtLh\\&Wzɧ)?_5}y\0p^5{=3~uWן[ȗ\n\0Y@)\0YH?~]GϪS\\~7`1ث?ꕛETFo8rP;{#_:v+26%qc⏢Xu\r^QI#}=G~Ӗ7CgZ5풝(!hk~.2|)7*cڣ7.!pZʧeI;|sAN[u챬W\r>&9T7\Z.)AGy`8|99{srvO&3IT~^rc5(|28\Zִ\\ĭDdq1H.\'`\0\rv#ô=Îf(εQai7m?}xnZ4csS1znەȱ[8)<U/Fw\rn\0,O\'<u/Eˎ\0a$`ymKu%\0IGO\rmaL;D,6ʬP/	q$#n8/lfƪ]=T{\085G\01Xb*1Lb`Z84p\nEƫ\nɮ\\X,\"f\Zz4um7	w1`hh<e|o@#ny%>3ccCxowq|7HyH;ӳt<{,m<nϹΘѭp;3:N>`ĕn#zBĭI!G%l!bB{G+7!w*{G+9~r痿\0w] d:,ݤ- M-4:&W>Qk4klx7t.?$W``j3_e-ٻY`mmn\'bCLp\\Bty7ƥ֐1By8#0tt+]1hJ,[Frn\Z\rtuwHsj4j46?Z⚮H^4w3I>h;&xSLZރ/hJ\\cISYn:}]7n<4Sj।anãc@{]oFė.]bk^Ү3\\t07,xt`5hx5sFğ\0VE\Z5q\0\0.I;rI:glZ=is@\0No\04;;*mCK[/A˘\n4*xSK\0GO\r>?f|jS[9큣Z>kG\0?>0bYűT`h֎\rJĬQ\nD\"TB!DF*o4G)krRѻUjZ활kyݪ )PQDA)Pu/1a7iYCy>0DDfAث+5bzYYg?UjB\nQ*\"\"((RDA*B!\"(9,[VAk::vҳO³_>h_Z<e,4oaG8^![$fqlmY[ۼg,~ZyqY.՞rG=/4RѼaFۅFݣrcŸ+`GeTQs#h\0l#c]%\0\0QzsS<O++n˝W؀)؊{\07b~S5\Z/h߹/~Ep?mʴ?*٫/iAU_^tb:@T\0Y\0,\r`-׫?i=.t\0T~UObQ~9`itgo.q\0Stg\"KX!7 6^B򛗾?UĀ΅9{c\\qA̿3^~dVE$pkw8\07grU\nѮHd,s,|y*`7Ǧ_%77a8n\Z,k*WuvѴn=\'#\\k^zFyjw<\0p\0vqZB]q\0\0u	ôIØ341ac0[q6܉}`x>LÚa7T0\rn)IGO\rm乃3/Q{84\rǱzjNg`βk5XoX\nK|1\nX.^κA<%u+ifݑrv`Κ@afA8xi-?7~θMS0vu[<{,7˨1s8I8YvSRvuGIsǲyb$-ɯA2*%l!`B2~wp\0T~3Zrr2wp\0T~3Zrr痿\0Q[$\"j\\]$\"j\\cf[WLjXMc*^)xbO\0\0_<[j\ZںTUn,xMUEH6q\rkZ.\\N\0UDȹG\'`\0q+xV2HjS5 tpr1pl+C8$6nua~8Rd#mc2cdƪ\\j5|\0֎\r?k˙qɌԜ涠v85FǪbT.Fvjbp=KWF@,XXhyP=KMoԱD5axeotVo+-UU+7UР#tnw\0+f9+y9w-2ݪP`\"\"\"\n%B\rԾńugKXM_P1by;VDDYOee\0yW(*QR(RJ@VAb\"2U z\Z7\Z j+\\҂98F>ը(<N ʺ6_\"N*B6\':b7k%o$N̾<qh;B,a/͞4ql|N{\07\rmn\r^\"|[\'f1|nNvx/Y38=Vre|QT\Z!U\'C{miKj7SvTd8F6]>\0sL*dor\r6#=ᡩם=ѷtrއчglhuh;xO`SrlOCHO$$QΒnm˟,	Mi%P<X~v)LT\Z5е~ gƈjc掖9Xw@n*LKX2sXj$F\r<ˮdÄc˲Ҳ;S4RYm;y n;F@͚ӒiҦihհ`^DTinHsKO>q-+y\n7llvH7P-qij؍eh6dJ׫mPM nt\0SWJ+R7?g	6Uj\0SYW-u3\ZCȗ(vȨt&	Yr28fvaL@Y\0TA-5DTFŒF깎#X-M誃7T؎5U!QR	e#Z\\\0ٸ^$~.,\ZC1*YI[JyGQF_Hn౔X_ŲYΔ{pCtg#*;mpJII/1y1|UIl-ԂEx6:K]^kZh\nh+365-,5>NTHۧe˜㘵~=Ob/>G}\0n\0n]+B#R;\Z[,Hŭ_{.V5Fо;[}̳\0m0S\0*VV3|ES|XsB@ӧ_0\0:/B!l!bB5!fV%XXGQ;ժ?Q}չG\ZMpĵu\\Qrm\'o|_:[-i!n\Zm_{6?E5~R&Ś|#\\vr\0\Z 䚽2*d}=H7ܝ|6\nFUOEW,Dρc,WЭS\0$w;R]@9uo]*^9<*ĘdHQe[¸mkon̙oCG Zk{{Vrƈߩ|j#\0sf8,&9<.\'`\0\rػ y3S%nd8ۑ]mo-UWf<P[8w|Z\\o2b?TLU֒G\r~}|O\Z5,fj_U]Pi$w\06\07/VebWFXYJ\nf(+PPBATbJ8tN~#l0ޅeothUclaŽ\nr27FWV#7.ZѻU(5DB_Hbo:ҳ,&(|`\nGVVj<+\"\",\'ʸVOpR\"\"\0RY%!BVxGMVɥjG1=աEJ,B\" %a֓ii!  8w/APֵ\'_\ng2[i+&)\ZbXʵa\rb}\';5㢒݄fjX.#SEZQ?q_Oaũi@&xbMu\'ִN.yۥjR?KaEΘf0U\r[654vO!F\\=n\0Z4\02\'tNRaGΑy$\\xR\n:ji\'0B$r1h +;wRG_\'E\r+C	Ơ#\rŧv2TuwjYG>HTqZɏcvlOk0J9bX\0㸍ELuQTRg쑎s\\7F⻝%F:,BH(3V#Uu]n?vO=p\n-V`FM[NIbX*m6*H\rL,A]0+e,Tn*G;ۃ\ZV潮c\\ b\n͛W8!yZVBl<\nՄ8=~<Ր;^9c6-?72)AL5J|L\\;pOGmj./C[SISrjF mRe򮞦Lx;ϔq^VWloqbTIDOxXW1x#^(0LB\n	vrش\0tZ<?LSc=yUGqb&\0\0@<T*)\n8HW1x#[ *^ŴWhSPh}\\h]GI#O_1g/bB#\0Џ[G;WИ\0s#V;{FY5 ձZ\Z,?\0?kWȑ{JÛ)+!էpcdqտX6-t?γ\0)v1j<{H%HeaIkk\rȕaXYDk+e|fn\nsƱ^<,эA`zOcX/qWQ9\r~	QMCg\Z2)gG\"\\OC3fJjQ\Z2Ѷ3<\0w㳈I$vxݾz}dO<b*hǏNΓwټ}$דk\ZCFm&g[8V!&su#z;N+:P9/hj;z،\\l߸\0\0Q\0;jn9!6弽Sbttjg!mx\06l\Z{nueFkZZdtn>5Դh<Gwt)G4U\rG0+\ZvkKGöpOhg\\SN,V=G滿C6U6yy\0jǕ+u\\}+I]ܘJȨ*V%d1PTABJ*\n*\n#(tn~#m6R/zuR:7k7:TZ-mkdZbɇUՊ\"ubQXi}!	JΗο\" +5bYYv ,П*Xg?U-J\"\"%DDA!\"BBU={BGOuhQRKDHv+L42]T,[$Ѻ[M=\n%h:;Y6K6Tx-{\n-W*nJ7X@P*y34aC`y~N?ƝpBw`n;lW6Ymcgez|+\ZQ<md-?f|:*bM8#h u `Pd ճ1m|Ow`n;lW7Y[N5\'<~ݬvKj#䂇>QE-Y\Z`ۨqp6\\.s&R7e|\\Sn6GS>9cp{^GJCJIz?MY4wW,_\0\nli?8)1_G,cQ?¹iٓ	}f\'T^i6cII\0z?}sTcXT1T9~݇q<a+H$8mo~ee[pO,:lg(f}<<EPE2nV:G<o\0;Ax.+Z\n颃mN]ƞNfRv1Kd$7H\\\Zʜ3p?^9c6-?Ê8kjI,gq%|	ȐkŻ[jhSM\nuU`Tx/{\0=K5$TQ>%G#l8op)TհVPz6sHw	|킋<Rb+8oݸ\0\Zݡu\r$N7(\'<N,{,ZFBG}^o}X#]TvVi@񑟛lmWβe\ZC.`/WUsx=(׬}bh VhH80Rams2&v[y%ziNg4}k;onM\"jJ:<c4^c}kym߼oг&_z#hi2+5<FS84#ؽGv79a!s~xw;7LKgp|]-+dMٴ*:=Ɍc3\'G/rt?\'IYOx?_슧G/r߇h9Jܻexo+Q	6{\\:Kο|SKTHΒF?3Ⅾ	m:{՘`,8jG86OIUMh#9\ZVW[ t=.;l?`%Y&3u=ȃgoPZ\ZX}]cǋgI\'mJzDv~txLWmesO[OpF.xhpC|\r>_ִA\08qi~vf<\'.޳+-j[\\b1U9?u,%}1,^{ƭ2R/+nqXPV`TX*JQBB1*\nP\"\rT~ꮬVQO\n+^D>ꮬUy+\nJAARKXM_VtńuYv*GdDAe\0yW\n=	jQ(\"\"	HR)@\nT(T{Uub|ꮢ8ݨn`-0.ch cc]vh9?SWt3;ǥX[::)߈[HzVht =[jRh=[AzwAd7-zwànPjrn3^\'C4 F`;vخBwz:V6Ԇ0,pʟ/2)A+1O[Sڽ6\0xS>\0xW^?qor\0f2)C\0*w7dJL3vHsj9/!.v+ۗA\0,[G`SGM\0JѶzɸ1\Z~Ӱ|CɴԘty&k2^r\'x};	0<Z,V#L\Z{dkZ:I\"/GYq	\0Va^mY+N@;;Y+wycBH5\r^W7s[N\rٷvvbӘxqv[SVYC<P>9c6sOHUyao)#dKI{Yޒ?\res#Fj=\'<QNg5Rp꺊\n*|0>9c6sH]+6?.#^*j,\Ze8.zՊ㺪5V簰h%f$AGRxu6	٭oOvh\0$fKVW?cch o:G2f+v:翉cy!Jz(T_:翍~tI+dle=m<ecvo%<7.93?p߼8 N3ls4Cx\rl43x.=fG:1PL@Ϋi!}`X!13I&VrbVi&VCeb-%|.>vk\Zjm$[w8k\ra^j\0\0\'V\'._ĸ)?ҧNʿ,Nʿ/r5K+1LSN\0h1h\n2M\\\"\ZŒ8֝\"|:+ ^	\"?-=?;`Q>Ip|I9Σ[/v1ߵ6J̅[FbXܷV~ZJW?uQ\\\n̬F%ARTF%bVEbPbPBX*TF%J%B\" [?uVVkw<(UyUCJJ(*Ti}!	JΗο\" +5bYYv ,П*Xg?U-J\"\"%DDA!\"	\nT(Jj|ꮬQUVAJ!d$\"Ԕk3	,%YY+@[bѝYAt;ūE$Ad!dc%d#n_Fi`s3c2c4!0h\'g+shJY_-az2aTcRXN(;l;|k`#*aXByqXct#?☎;UW3j>l`!Gws.}5>N32lB׸G4Zi6Ji?(\Z.vg)|13L@\0\0d4˟\Z.va8\0C|?hйwgۧ`j2╬AԒ[+.ւGU0e6-]p-p<\09/tVPUHN΃F\n\\u*YW\rJd\"Āv[qٻ$E35\r^X;\\7fێ>d;qD͂IwU4x\Z\Z8ۻh;VdIcVR5+(_3u[qS\r[ya4hن75Q>1N\r;,W;R[,t.OnbXG.qM1g/`>_RZz()#u/p}zDΐQǖ<,k[D|\'i~¶	Ԑ{\ZKWPW˸4y=2V8xuO9iٰ~Uߟ# <:sO Ӳl皱ۍImb\Zg|шfLGw->q28svxq0yr;x{mnm+e?\"k,/	w#v;sVc3N!>\'MNYDMƎ\0}=x>nR.)6(-`ꋴiZyt;}W{T@{ c\0C|?hм=QW#2g\0\\~\0\0x)ѷK´ݝq&ę_LxY`[v$aark<eCG7w\'p]/E#ت0k	jwvn݇xRw	۟=QNY/82kjuMe1xu;w\07\rmb;󤬰쳘0$H,k0ہLslshrZnV2**\n#+\"(1(PTT*\n#QPUQ[?uVIEbȇUՊ\"uu\nT\"QARKXM_VtńuYv*GdDAP۱v\0bM	maVmPY&؊ԋljDJ\"\"B DbJ\nT)EY\'-{V!d|Q	#:񃇱XaY\"$)PVlqiX\\MsU`\n\"hKVBhKUPM*-j4~RWա(.r-M]M.i6i#rHZv+UXe~4A-nU$e3rp\0\0>/^{sI$䯖8oUdY	飿\nDZE,~,AhJTbVzEZ˕ai@X,T G&c\"i4>=_OIt]4XO`Z&È-pG\0I6͛-o\n\n5ǰvɸ\r\ZO&f;~b\ZNU620\\aa[h\\ԳyO},ެ\\٧h][?8یvtE5bos9$p>0\\	˲gj:yT\r37kp\r	;\\wxvX{Cfӈg^JZOh6y}͕\n\nɏv)I/\'C;wx]Z|7v>kxhfy̵lkFF`NC>J\0yQNA*e3psV5ls#ڱ$\Z+ZDB9zYAp!y#ml=-5TPόao\"\0BJḛ\\;HY\\ɎU!wlcNƴ8mOP_ckMCfM]#\\~Z\\VoTV+XQPT\"\nĩ*\nJPUD(J!D\nJD\"(DB\" [GoUCWPD*\n\rńugKXM_P0n\n\'|GJ\rhMsyX#W@R)76,x֌Y^]F/Mz^\"ivznޛ]Fk$r@XRXJ%J!9=mbHfZlBdږXJ7^ZA HYyzd VQww?;<BKZď뻽Hww VB	zjwzH[D\nEH\\Q[\nA-wz˔]7rJA\'Uj?ww7dꬄuV#Y	wz+hNC\'Ui?gw7d2uV#Y	wz+xNYd\"G޲?UZlbwz	\Zgǥ +\"}jrv!uLȟZY5x]SHf.ѯ}\\˨KtfM1LN\Zsw>5ݫVA8sHj)*`>9\\wiZD_G{A+e\0wKʛ\Z|#ڱG	TgDDf8,S[Vf*JW?ui+u_ĩ+!bTPTJ+(\nTT*\nPQF*?uWV+w\n+^D>ꮬUy+Bbu/1a7iYCy>0DDDA	LNg<Bܤ[X~]lg}]ǁAB\0zw\'Nw\'C[ܟG9ܟG@EU{I{ZoR}<O܂nr}<OܠЁor}\"OܪФVw\'R*=\r\"d>rU\'AH[ԟGH\"|Τ=E\\G!nR}\"OܠԲ`,TGh)R}V~*=!U\'Pj0R}吪\"mAgΤ=!S\'PbAd*=1S\'E`Af*d=EKr\nELGd*d= ,Y6-%fͬ;@V@r\n#pc⺆p\nȀU|3z뙲+\"XdXخ[.c+я}\\αWT1%]3kWO?us-5V@us/SՄ;9Z>1ݥiV>u\0A9ⴒS\Z|#ڰ%Kτ{V`JV$%FA:	ȭn\nut\ZW?ujrW?uQTJȬJ*JĢJ+\"DBJATbPPQr!܃}f]X(UyUCQXPu/1a7iYCy>0DDD@DDDA*T(\nT)@DDQHP )P2DD!EA(2\nT(2\nB,Y, \0ԬB(26,+`Y*\r\nYA	C|a`V@JGt*SNO$=>XG~Sȹ(+\n\0֪~2ʞ|kWV9h.L]ںEO12#L|kWQ?ys+X{U_0>9	wiJs㚰v+e\0>u\0yVtDkՁ*^|\'v	@%b	UV%bPBĕ$J	XQVաm_\Z\nĩTAXQbD\nIP*JĪ\nIP(*T+7f]!EȇZ\"utDDAPAο}!	J\"\"<V\';Uʲ&՞v{YF;UorudU<V*SF;UΟor4YO극9U4mc?O곹WDYܜVw*覍Yܧ?X)MXo곹O:UʲtmhU?O곹V%4XO극eΟorA4,sYܲO극UYѵT;[ܫ)\nhZO극HUʲ6ΟorU?T)	ЪU.t{PM\"V,SUTlU?吩wC{@V@hU?吩wUʨR\np6X5A\n˭35+ZF\nG75\'|XĹu|!\Z>O\"e˭f֪~r\\|a]gI\'M\'ύwj\ZMvZbe#L|kWS?wgZ]Z|?ys/rs㚰v>9	wiZBh?yh˔EotS>+Mc\ro>X){V$+P(IRJ*IXP*\n,IAn~ꢹPTJ\"\n\n\nbQQQT\" (RT Y?uWV+7\n-^D>зy+\"\"\" KXM_VtńuNZ{֞Y\'=Ormg֞VD6OrN֞UHCk<?=ܫYԃ֞ԃ֞]vܜ?=ʺ!Z{pzܫ)QvܲiUTѵN֞\":Z{dmd2Z{ZzܪUN֞!zܫPZԃ֞!zܫAkRZ{AOr\nв=C V%4,AOr2Z{PTAOr=iUd)֞YH*hZ֞&&;ZªG!\0 [$kdg)\n\rHXംPY6Fy.ൂyV.թ+}Y\0՟5j뙰At{E]{6&>Sȱ9;ύwjP\\ƻu(g[y&^.aKuk?&>9m9XH|cJSՄ;]E]TJL|p+ES+[τ{V$τ{V%bJ@%A(JT\"P	XPJ\nW?uh+u_\Z\n\nQBD+JJDAXUubʏU[꼈}\\^D>\n\nu/1a7iYCy>0DDcЖ=;\';!EBX-OܜO܇M=	cз>rs>r4X%B==tcЖ=;\';\'gM +w;)R}^,z\nXI{I{h*E\n==Ƚ4Vu\'Nw/PǠA[\\G9ܿG_®_ܧ{\Z+h,ԟGEi+-lr}吪 ӷ\nΤ=Τ=5m+!~>r\n>r^ނ+`)R}\Z;z\n*=!U\'EkR2q\'0;;GRR\n\rHcu+to)#U[!B)eRl]kŢZY;bZYm>7{[ύt$~= 󺟾Eȁ]o;߭,X\0]oJG;ϫO1rv4#,\0sG&5a\0Z?;z|#n6XE֑A$ǎŢm)	ݫQ[V$%bJ( J([?GPhX%bQQRT* \"\")*DAbʏUՊ*?uWHT+^D>ꮬUy%B\" KXM_Vtńu+D\" ,*B	R\"	 RY DPd@*Pd\n!b\"Y!%}R5bAo\'.ǡUdtKN[!jrmaM(HްvV|o-!m>7+juC]o>7ao>4vFW\\u?|w:<O\"^ŎNкoEVb\0PFUi&^9%\\?;z7]r/a}Ln22H|x*H|x(o>V(\0-ݥB PJ@	uI*(D@+u_ՠ~\nU@\0P(PUD(*T (RT\" \"\"T~UBW~D>\"DDAο}!	J\"\"	\"B涥Ͱo*\" \"\"\" )\nHB([sﱦEHP%J\nP\n[Ҋ)IYHZM  .EdR+ \'tdыrae	LgnVɣ\rR%e7UnGvXu Xjώ_RbZVv*UڬV@xZEȁ]s<nYG%Uh\\|oiW3O1Lr5+O]ÿ\n뵿sz|#%֑7QuKVǎQwjꉺT]E\n	Qt@PJT*o1n[{Z\rE\r$Q*$B((\n(@DDD;oUubʏU%\"uWV*}n,&+:_Hbo:҇w+^qꮇ\"\"\" \"\"\" b@V#9{BGr\Z\nBd[{B,巴(7VzCHw`ZUVrGOuhTB\"2E\0A*V\nAAf<0kV\0R3Dy}T+$\nՈNԣP*Aڱ@vV|o-7[+v7[$XVF`[X}a\0\n;hu_|uu֑c/b#h]JߙZ.cGէ{7]z-}\\~V\0;\09\Zhu7[iu!㰥\Z;ctA*.I*AT.P/pkEF%n{;uo!	 i3)ʪ\"DJP*T \"!Akp73+7q=d\0J/ o=(4(*JfʏUՊ*?uV)\nbȇU\"udD@DD}!	JΗο\" Ew\nBA`r\nB (	\r(\" Pf-`gЃug;ഭ՞UطoZFWRPJT)h.pyآ,qk#m7gjjo>BIPUNԤivP YiY$wYk̇HJuiP;V v{`$d׳uZEy?G?[ir,r vt?է;B\ZW?}Zb{	rZzaǮiw\0sG!]ct%.]W[uhVb2e4H0}58*]o6r\0e(2cD,$Տ:L:G9`9ܝ\rQΤorРtmc?\r[ܫBhX5R[揂vP6%E\"\Zl}ipH4{J˚;3Ld;64nQq(7izzK/C{֋ޢ7Yzޣ{֝c{\\\rYzޠ=\'\rNk/@ZnzOz\\:n7G5MIKީw5)d(t3lUADPB\"o+5UT\"uVVj}n,&+:_Hbo:҇w^qꮇ\"\"\" \"\"\" \"\"	Vc9{Br\Zb;Z/8uhE\"	Y3ohX<k=!nv\nGOuW}=]Ed2gghZOghJ6UyKeOz֢3i;Rsڃb?C*VcI;BR4Df	SuDTM(+~U.:zZ8WHcv,~eMj.ť̮Q12˰V\0|7\0v\Z୆\0X=3.Xѕc2Ҭ<INM0#R=il`UL1V_$n+\\s	4Gt4n]JDB\"]A*.IPlrl`QH\"׻1]rv0n\ng_f\rh%4V!o+7t\rWcBc5G-jFX\rQGނ+~G\Z+~G\ZtV9hCS5]Z?P~4\n-j+j02j\n,VUrH-mQY!UefȇAY_Hbo:ҳ,&(|`,y{E|B\" \"\"\" \"\"\" +1ڋE/8uW\nwJ(\nPd-b[{B\r}݁h[=!HU-{V(ʌEԠ]lγ-k8|;B+eW=kΫ Oڢ<ǳ\'>9+b?C*|~\'hJF.].TEM( Wa_G\\i]=}rX\0ig-oT}\\lok+_T}La\no\0s]*a\'Lr+\"U=.ԪtB\"QtQu$D@Ed1]ayA0d;v4o)<R=\'[cڴ$Qo ˱pHb\Z7yLѸ*J]spZ\"3EB\" (D@DDD@P\"((B\"\" +5^D>ꬬy+\"\"\" KXM_Vtńu/8uWV(]DDD@DDD@DDf?CVVc9{Qb\"\"-P{C|\" Qu(ym\nohAZVHw`ZRf|ꮷZRDZ	3W[j!R[i;R?\'jo>Ԝ1RNЫ+*ƕ+j\"QnnZT.H5^֔tn\0M\0,7 usqZEY8hu_\"^ş\\v--~etKj.ǥ̦>Q12]*a\'\\n<7\0\\zumW[?Eګ-$].\"(A(.ҿUЂb\rOB<7JM#XJ-OJtT5yIvF>D$V3ewCFewCFൢb:0xCUt9xKTr讗k~\Zh/jrMr\rU4mc59xCUu	?P\rU4mg59xCUdMY\rN^?PYFyxCVulP6-HD@E66n}!	JΗο\" EwlOCFFWt4o+)\Z[>ԞQűZDDDYUub;U)@@TohX巴\"zCJY-)\nGOuWV(詺(DD^uu^ժeWzԅnQQJo>Ԝ+\n	B\rQf|u\n!R.բtiUґYYa3|ΊK0	y_!\r4rɷ, ß\Z\Z7^,U:C&lώ4yZlFƍٵۆ˕k1Q`cdr\07\rf.oio)OT}T4W\Z*L韤49:5~ v1yi;6mq8\Z!8=L8}`5e5<kI f\'\\c\Z:%;r7y;k(5;20t`E\\ዜ\"Yѹʂ*>TG]Ծ==BZ̦Y\"*}.F(%ELc֋ca\0nA9(ߜrq9VP\"\Zl}AChr`\'l60nU\"Anca,!EiEV;5)c]+OܚʚWER;5 Moԃ;5)kf+\ZɩOܛ4ƥ?wrjSw&J[#-l\r\r nv0o+)jG1}B\"#u/1a7iYCy>0DDh]XUt>!!2\r4o+)rql`Ry{#jЊ\"\" ,y{E|D\"J	R-Bym7UCJY-WHb|7+{Uqpv/:Ѓ:>lWP}\'v7gjOڋY\'\'hUNЭ#BboDXBZ|w-R-Y\"Zc}.\\`km~Q3C!O=SaSoi#`|[JX^ÌM~1Hxظ&6^\0Ie4aGRF|t๾Qg<;ir_î66\rX\\3Uf9[-f#R<==z&ŕ]Ӎ\0\\dJLb `wl\"$Qݥ,QAWQ>C4ϒ\n87I;JZ&>Ud\'b?j\Zqv\risZ.JSfEW2tDUDh.p\r%\rh*)YwB9=\n7ާuo=* ^qcyI׳X-\':-(u&]DD]B\"\" \"\"\"-&tV5[Szwec֦nQ4``ҊO0pԏdcZDAο}!	J\"\"4^qꮬQy{GfdS[ceeVMwuއM^ڜ^ڵkwYtWxMO0#R=j.q.6XYUef;U\"\"\" 巴,Qm7VzCJY-)\nGOuh={*QEԠ,^uU^mZ}?jSyvG>V#9;BGrvhR7n{ubT;\n*ľjЬ<GU^[[7x\'gҨTq<%Xӷx]_2RV;m\09y1jZ\n6Pt~4sC]rm,ÈQNY,{we<chK\nҽv?IIQ,2HXbS;ivqW`¨ygeapx޽Wk\"=p%ʮ1tWfDc~7FR1\rtcakf|>jj_DN,{,ZFB:q2JF~+;XNI-hçؼemti*@YC*[7kjnIU@\0%Y6eAjf_a$I*/77;J\\0o)\\`c@]{1#Jҡ&\\\0(֗8fXwI:[ޜNnMʄUk\'K{Ӛ]9-Nk\'K{tAcND6$ozsI:[ޫ\"4$ozuAcN4$ozЈ7>iq-1:P!o)6+\\ҙ]sp	4W\\:E \\oA\nWkEWuޛ4d _bր7RCy/1a7iCDAf;UՊ/8uWCo3?+4fu*dDD/8uVVhY\" \"\"ɞ[{V+&ymAZVHwhBQU={&8;Bֳγ ΧϽj[j|VV>Q?j+WV \ZI>WD cDX@[Kǡj7DJXFJ_컡bwKN!EZѼSZw]\\xk4CWkе1Ŧ:3@˘\"$>e\"i;&jUUB\Zzn}\"yw_)kɊͶ\\r-IfHUTr_mq$nԙ	ڪc4WllWӠ1bRHK6d%G\nx$r*I[9_jiܬ)áNw|*q{nJI+dNf e<N-Q5#VDAKAsh(֗8fٶ2fٶ2U$s77;E\" \"(A*.Y n:P!o+7tSJ]sItt-h@$m(\0l6eupRiwXwU.q.7%Ĺ%Qk<{Y3UDD}!	JΗο\" Ew\n7Uo3?b\"\"R!MoUejx{F+[5T\"iJ#R#EMxmxg>{Bl]`a}*/;X)}z:mlP&>vMR,EM_\'Pk\\7[EY|E[iҫrn\n1*CuH79/k\r+.3Y\r}[c49^WwBɱ=pBGۮYE\r]=/5`xUt/i߱X~\0eo(mx ^`?1ln]yfg\' 1Ůi^nN*rfums891]x[M,$Y߱Hʲܜ\"?O5T?9QNg>ܜAr~G9>ܜ9RoV{7rsN/!?9=g/};vT#bs85-(uòč\Z;.p$qs;u7\\[Tۉr\Z7Upx`U~Eٻ#n8$䜽YU`(Uqyo~rX^gkvn	MBY\'$zF_h{د$\Z5Jذ4TY_4Ł+ҖԱV\nlҲ+%\r4\"ݨ-DZ,SUV\"FRm҆McyYp+TҺW]۸wt,,I\0&iVm3nle;B\0fxt*qsq(qsq*E5)ꬬV\r*Bu/1a7iYCy>0DDh]XUt>!Y3H5+F6I\nD@DD!B *Pd,.Ar;+@[(w\"-\ZɬA0BR$E!lf&=*hԑ˻i\nEH|79SKܣsn\0ub5|:y=դT4}k\\YY\nҜM^ŵgyZzVby=C$ط4m ^LWOJq^Onmҥ7xbi:+_)raxS{8j\"c]^Sv[[\\b.Vq(81߷jL#v-Z4:;i\Zo~ls,:;⼝,No\n8\Z-0\0d.1笆a8$(z荪8<)$C/wz\'\\~ˣAN{	VYeAR1݄):ONS3~v;jv;>nBWNOQbL{\0P7\067`ocNQ{3w<)?*2Gs~иiuzxKQ;9%\'!8bqʼ):Ee\0\ZgPrwY`qur$.mXqwuwY8쏃Uu޼Y]XLƧ(ύfw/tyCJq(tit^w6kJxӓ:/k{֧Coz\rYN59>=-ZozMIWrsgz&L]}GSNwf+)WI&,X\ZgtP\n\0ji73Yޱ4ozY4n.\ZWc_gzʛm*]w|Bti6AQu[a[ZQ%D@D[az\Z7u={l-,kc,\'WE+t\ry\rja\Z>Մ\r\r2y,nVԾńugKXM_PYUuo19tVoEVRmKn,%jA,B4A\n׃RQH EP\"\"\" \"\"\" EdrN&׸ր%\"4{U{XX-RFݪ_nRB\"&.T\"	*ueTG1؅ O9n6J7W]4؅e-mxE*ri\n6;QHvGJe\n۱c;kŻUjFHxsN6婳H^@.q/\\vG,9Ľr^P;MrZn^N^^Cl7QiXrrgiKMr×SP;MrZnr^Cl7QiXz9ĽrZuܚܱsz\r՗\Zܱsz;6R^jKwrq/\\8PNGw(ԗszN^szN^szKwrrRܧK)%:G%\'QIwrq/\\8PGw\'#\'QyĽr^Cr2uܜGw)szwrr2uܧK)%:G#\'Qwrq/\\8PGw\'#\'QyĽr^Cr2uܜGw)szwrcYszCADd]q}^6[fXjF5cjЈ\nQ5&Lq&|\ZK#uJev݀nZ-K:j\'juܧV٦ńuoӱ-FQX\"\" GFf#l\"󚪬{vJ#3yH_UTA\noo(URIXi- bEQ\nD@DDD@DDD@DDD@DDf93y9w*ȃ9ctnp\0YFNm\05M($t\r4\"ͥ}ͥ}im/SNm/SCM(-q!Bɮ-p-6!b-6Ͱo*6;Ѯ-p-6!Y!-mxELNtDV/\'Z Y)A\ZZt\rjzMY槮槮iYjzNjzMVEg;Ӛ;fY槮槮٥dVy볽9볽6iYjzNjzMVEg;Ӛ;fY槮槮٥dVy볽9볽6iYjzNjzMVEg;Ӛ;fY槮槮٥dVy볽9볽6iYjzNjzMVEg;Ӛ;fY槮槮٥dVy볽9볽6iYjzNjzMVEg;Ӛ;fY槮槮٥dVy볽br֗k۠4\"\"6%\rXct-/{_$+[8kɲ1zA#dcX)Ѹ$\r\rj@DDD@DDD@YFf #3yHUgv1EUKIi\ZUp-$b6!Zj[J>_UKi DDD@DDD@DDD@DDD@Y뻽`3wzr뻽`3wzr뻽`-(zUg48X\0oVZ[RWln=(,qkX\nZb\"d6mxUH (ږݶ<_UIB ADr$k٭-(8ӵ`-HR/+5UYFF杪Gj/A \rP<ZzlFw*Ț6Νgrsuܫ\"h:wQΝgrm/anEЈ$m;1u28l\nchg) ϒw7%(\"\"\" \"\"\" \"\"ln\"Msj[\rǥWsK\\Z@67vA-p-6!B jJrȚ6\Z~&/jk<~\Z\"h/jrȚ6\Z~&/jk<~\Z\"h/jrȚ6\Z~&/jk<~\Z\"h/jrȚ6\Z~&/jk<~\Z\"h/jrȚ6\Z~&/jk<~\Z\"h/jrȚ6\Z~&/jk<~	2\05X8؈?'),(28,'ehogalde@simsanjuan.com',' Enrique ','Hogalde','21232f297a57a5a743894a0e4a801fc3',''),(29,'fechegaray@simsanjuan.com',' Federico ','Echegaray','21232f297a57a5a743894a0e4a801fc3',''),(30,'afabregas@simsanjuan.com','Andres','Fravegas','21232f297a57a5a743894a0e4a801fc3',''),(31,'soporte','Hugo','Gallardo','21232f297a57a5a743894a0e4a801fc3','\0$Exif\0\0II*\0\0\0\0\0\0\0\0\0\0\0\0\0\0\0\0\0\0\0\0\0Ducky\0\0\0\0\0<\0\0)http://ns.adobe.com/xap/1.0/\0<?xpacket begin=\"﻿\" id=\"W5M0MpCehiHzreSzNTczkc9d\"?> <x:xmpmeta xmlns:x=\"adobe:ns:meta/\" x:xmptk=\"Adobe XMP Core 5.0-c061 64.140949, 2010/12/07-10:57:01        \"> <rdf:RDF xmlns:rdf=\"http://www.w3.org/1999/02/22-rdf-syntax-ns#\"> <rdf:Description rdf:about=\"\" xmlns:xmp=\"http://ns.adobe.com/xap/1.0/\" xmlns:xmpMM=\"http://ns.adobe.com/xap/1.0/mm/\" xmlns:stRef=\"http://ns.adobe.com/xap/1.0/sType/ResourceRef#\" xmp:CreatorTool=\"Adobe Photoshop CS5 Windows\" xmpMM:InstanceID=\"xmp.iid:586F2B7E1A3F11E98424F8C387FCBA79\" xmpMM:DocumentID=\"xmp.did:586F2B7F1A3F11E98424F8C387FCBA79\"> <xmpMM:DerivedFrom stRef:instanceID=\"xmp.iid:586F2B7C1A3F11E98424F8C387FCBA79\" stRef:documentID=\"xmp.did:586F2B7D1A3F11E98424F8C387FCBA79\"/> </rdf:Description> </rdf:RDF> </x:xmpmeta> <?xpacket end=\"r\"?>\0HPhotoshop 3.0\08BIM\0\0\0\0\0Z\0%G\0\0\0\08BIM%\0\0\0\0\0ȷx/4b4Xw\0Adobe\0d\0\0\0\0\0		\n\n\n\n\r\r\Z\Z\0\0\0\0\0\0\0\0\0\0\0\0\0\0\0\0\0\0\0\0\0\0\0\0\0\0\0\0!1AQa\"q2B#Rbr3S$Cc&s4%5\0\0\0\0!1AQ\"a2#qB3Rb\0\0\0?\0eG!Y\0d \0d(\n e\0\0\0ʁC(P2d!R2(d\"Ld*\"DFD+\"2(d@ȡFEFDV@2eȡ*@2d \0QC*@22e\0ʁddPeT2 dPȄdR*\"DEU# DHʁ+ \0ȡ\"଀d \0@Me\0ʅe\0 @2d @2d 2(d 2(d \0e@\0T=+ \0ȁJ@2P2d*Pd 2!Y2 d@22P2C 2C\"@2(dB2d@2d \0$d*P+ \0@2d \0@2\r2eT2e EF@2eC&@DF@2(@\0d\"Ed@ʨe\0@dR2	YP2 dPQ2\0C 2LjPP2ʁebWLWX#gnɯZmz/LF 9;vaC{u܎vG H,@Apwax?iOCYs|wtP},g 9s\0ow\0S\0\nmmIH?8rOvn~PU8S\">ݟuqr{zv^>G}|1cёTmq$J$%y~MJyd2d*@2e\0ʄd\0(QR2d\nP+ 2@2d \0\r2)vB20I	NZF!Yy>Z[~/v~`l1qվ{\0\ZGlnԯ<1Vzƚnݻ_Zkeq_\\	;äYxXRlòLge>\0jVrWpa8r!K[ Xz\"D4}>mRl(^\"d\"0!nWr,N*2	Buߧ]c_R\ZM2&/꾟O>ow:uHN$8 y~;mpj\rڠ6dB2ڠ6RmTڈ6m*&A2$ڙ0]S&]LiDPPdQLjdT6\rdU6m)Y\nj&DK$7%_u\r\\>ϱw>woΝ)p@^;^GL1(e&k\0pbDjɾ5p2Oː:)WWn	Jcdm2a2ϧMpL;\r,]ﮕVdڅ\r d\0\'X׏v,7&k˾1S e\";+j-R:q+7Wv?).z ,̧[{jǫ7ǋm9TFd\'\\@!}}{%|&xd##S{)S\nr8V\\}$5ENEB*L*\"1	&P\0h+>	}Ɂ2`lLdLTO$q/#9/K9AIOh$_h%Tq,isKT	\'3S{If{AyrۏzE1ȜHGtU\0cz]y<)BB |bc/|_VGClB$5O5\\v~=\Zh8[Ts|^ѯR8!9q$\Z;p߮\"6\neXc2.ꪧ&&1|wvMrhׁC9?y7J饬٘Q1DT*ܛ{^ޜDF8GӞ39so  ?bf\\;:lUX/8v1\ZhWl=\'׭sOMȟAB^˜>wqof|ǫ_]#Bj5DP!ܪd*jd\0QB{)<HUBQRS(>f԰+	ƙ\"\Zdn)J\0J 3ЧiJLep6C^4+UnErɯlεZӶ1(F#Y_6zݿ+T!\" y\0=_s\\|m#^~1	p!r]g[+k2c`1hWY[++sYeT6vzί#6~D4\0\"YӊӍ0#^Mߤk1a\ZVWOݢMW0B\0 +ŷ1.[wK^swaanl7^aMd-N-^V>/qAѷ-%~^;ػxr$xdPhpd\"\rrMeLh]FdhJ)S	0d!a@9L0d/$RL䄫F\'x~ʓq2 .ƕ֙\'9?ojH\0.o̯&n}\rm|>\\t8ؑ%ѷ\\kkW\r4*y0, m]5HލI@3ۇk?\'VH:bmv¤po,o;&\Z+67uOc#;Dv!]y5yTʧuqvݚ\0N\05cvیr,g20_|/$+來_?d=&Lld6r`l)&606ɁLc&rQp6ʳ( ]<d\"`d\0)]\0S\0p2BB dP[e}Ezn\"C/\'g?y>SAz|~w:]KD0^N}n.+k۫VOκĶng/]Yy_ŲDC8-,Ω6\'ÚU,]_~Yy0;\"^V;]ְ2w:r3 p*P:>gǳf`hm>&.S7ie:^F9\0.DA_sq|C	=$r&#xL&Ix&pWH$S$D+\"@ 2EvLd\nɐ2PPd 2`2?{5v2`Tgl/\'\0z</Q@?[Sо7]/_W7#^<,YducjU\\k	*o\'#_ºfL9$.2/bȳ󬈎sOK	w;ʍFU2;L_\\Uk7d$%k/yk|W&Li9r^#)_aNg#=q\'#NF)pCYW`NF	`J8.6@d2d# V@2@22 \0!3cWDX\"v7pokd}V\0,E<F_w@_Q\'zkƣq`\r^|aƵ8sGz,lǄE@Hi0eMS`	f\n\nZO\0$̕U(haԐV8|=F@4bIYQgpETN]u?c{ݏH\Z7{\Zf:n놩ʬw0E}?N\07g{`}w\r<h\0LB2# D *I#q)%yx)5*@mCd\"@ڊ\0ȁC 62dS d׭ewY/Ma\\@FR_#n?zdӗr.5Ҍ}Q]W\r;X	?\\w/N2ЉkÂ~GUrɤ4ןsۡ_g?yau\Zb`(Kxz}ND$\0r]XrdKN$c\0::\r}љI~k+ۆMtfaYmh`x4,3s\",\0W-vʫY2L}*g.[8迨@X\'̒\n|>ܘ˞t;D;i1jxjJf3pNf/}m$*ʀr2I%TnLSCHj0CL\r\\$)+\"Z`\nɔS*]2`mLЙ\\@2 dʍ&@ȡ+(dVeq1_۟W;\0NN8\0cmĒ^[puh錄)P$	@b|S7ǐ@K媗Rvm~!]Ks#v7{&Z-M$v:ua\\%	[U35;d5\0*]r_O#FMEU7Ex;u3t\\⺮\ZQ&f=#^N9)\Z\0dG]}SQeX\0G[Ϩm-=/wF9\']-8q^Ьgs*0h ĉ\n~[ת_T[rq&$eۖ^>»srƙ\\c3-єb_^U߷}><;3tzh;)eSH\'Һu\Z5,j:(\0~q-8&}.&>ޓKS/#\\w0z[ݼ\0Xؽy0M0L	2`\ndT.2#2FT.TU\\ L¸\\ ]B bڙA2CjepT2W e\02\rmL\0}8\0Ūb\0_#gdJ}q_?\0}[UˡacY)X$D|@_Nu3|6STrq^m1fVuqkӑSV\'F\0\0sk\Z4!%ȼ|\\FGL]J)HLFe׻|F}n6נ,zo_NY5:B[l:M4!F_h5~[v/>ewC鐸~W\\OfEOcvd=lcjt+_W;j^}KHz{2u.\0[œl6@F1w|k>[c\Z\Z	K`<\ZǬR9JkM8:loAfrHD뵳Wῶ_gl%^\n.I&FT2\0Ld E@\0(@ U2d VL S!v2Fɀ B3\07Ar1-DiWvi6U	\05_+}^\0\'tTB\"LI\rWtw`<WYWN}ډC9>(]tֹnұ}iX/-m<;uk+\Z3Gs𯑏9wr;i#|{*z1:ej\0DFc_36:>./eO7\'JeteAfIQ\ZDֹ@XAȓɘ\\\0|kX1ǤG1ؼkj½?/Y?]eL@ɕB2Pɔ@ȡ(FW!YLڙ0M	v2S)\"\\b06r`2!2jderj\\<8TTJ+K)&WePS U`mS&Tq?UO%xBʥG\0dI\\=W|\0	(4i\'q_/[H2T2JtO/\Z!k͚q/uþ0Dk5r.&s/׫YnB\'@kݭk6XRȚ(ʹtޥTZ7cZ@.,\Z,uU6³2=ʺ 7ֱ?\"Or%jGjӨ6u\ZAHxmzuu=6ݤics?z\0/âo/ӿ\\2dYE&ɀɓjdڙ06`0@2d2eڙɓje\r\\(f{Ag\\K\'3EqSjkL\Z(Ɂ&Sjdq&`JL\rM2bwlWܝ+}Xc:m3pYӔïOoۓoO+^ɓu;u?Aӷ-s>oue\\#j];h`u샨OoqH;oӔ-57\0/8.Vp\0bqۿ{3 to^o[<u:5 ޘQ? gI~cu`n7vb>\0+MkoSv?L-s)Xwݲ#+sY4eOuX~v<|%I^ٳ	$5\\m>7&G.yvK%O%94`\')|\'_B=<gajk56\0k=},.\rr88r^%Ɂ2`L\r2`l)ڙ06L\rئN#bepb&j^#br8`NG\\EbL\r2qĻr8hS+2\Z BJTS&2FЙ8\\<~\r5eʭsdF\0%|vck_o:D3f\Z9UBðvi\0\n7ku}m\'t~pT%k\0Y+0s*Ɂ2I]v\\&NZ c1\'R{|V?FN\0KpٕWi]gD]3̤ߡZ6^B޹o~:0_ǯ3m_\\z5R8v\rNI._dBGTӒ85\']f3Tu,Lja3mVQ-dQ\\/њ!. 5%Ş\Zѱ32ʨ[M`N]n\0/t˛f_gm$W{]U\\k4a ;[NڙL\rڙ0M2&ҮL\rQQ<jw?^:vT<B_۪ϓ}LNG)]2qTlNFd\\CN\neqN	S&FRH޽VB=R%W)f:\0cvy\\vEB-&\"D!d0L*<l偩4Y-3?Z}|{8ˌ8YNv9\"2rj,K|clJz~%=p\Z}++wyxgfgFQ;āG%qۢ;><\n2DVtj!>v4WvlwT]m9e@븈Ai;/\\ZѿWjwdN]Trս[\Z|nڭbwOhMLD1\0몺oIg9^۝3=K{]0zR\';||]zmXͷ\0ì;U\\a\Z2\ZMI]MZgT@~/H1Euĳ+3Y츎Ӳ/od\ZyWG\0_4/o/K\"!Y202Y1̮E*x׷]$.Dk0\"EζoH]bqdixJTj!uӷGrOt]1o f>ڝ[~22ܲ1uUBC*M[EXkMgҾV\Z2gG+ɱl&M+׈\'W)?&fy0FR-\0vϷn,9\0\0$W+״#9dnL&C\\Ѫb1C2*eSƍr8*Zz}3*aerT\"01yeeϏFe>%90F	1]\\v/_?+G7#Lȇ0\0v$,|Gǅ̃m\Z{9=3gf#2՘#*Sa+c9@-4[dzg^?l21:peABP)wF<[/\0r`=eY[dN%\0t;iӧ9UVvvWUɨY6>\" \0ĹI\':t\r\Z D@6gk>e*!ӏX+Ϸ5x]D̏K|a`ĳuڰ%tQ{>^=VkS\\v\\D!102`0S)#zڒVDD|9.;vÿ^[-YJv722zDaΟ%5Ƿ|FE8/f^^}|m\'!DK|&ck8ב(\Z2?ތm;|M\"ad-G\"\n<.n9oFsee2գ&fGO<3ᜟ5bVxNߦL5}@Ws4\\=R<O%ovCsȗԮF9mSe)\0H\'qn$̮|Y붛$d\rr\"^3iiɇ~~Sv9Khn!K1dVoxfoQ qׂ$Y^e#p86?sMԼ\'nVNz#+2\0&?!kJ\Z\0,sk^H-ؐ~ߧ-}=\'VGWmǪ-UCg(@xnO.OOB</2n&}Fq3\\;gmYyg(tu:VX!c}bb%t]\"alZa;kse^N-_.mcg2dK?YSڟmN R͓~ǜ	?uje$ĩ}j<lq&HYnW6z\0]Zݮj5	GϧrDltOG>c{Z^^e6S;`xt/UXZz,2h	\\VJr)q\Z	\n_prKڻxJ3f˶rih[1\"@sj|$H]xֽ2suUp^n,m%]Y\\\'12xeN<GXuPD\r꿍adL47di|\Ze!.^_||Zag~/_u%rtː)|<UݲSIe\'j{MK9bNA0e<,$.[j)Εn 5<N~W핲rVcl\\j-e<k;[H^Dr+2NREn1$nԮ;IY¹o [tv;%kk-I4U)Y\Z`_,[F;H+cw.g?qzhaF]Fw6qz1+ɟ#̭kʳsqwfBy\0QKȞr+dWK]bG۰rb]5tYm!o;L^WRf\nwiy[P鑪\'Bީ=\nh B.z{tWQ|X(\rh˕蚥Ů5m? y&NpZR1[\\1Ƣy&̛\'IhC\0|Iu	)9ퟨ{/tX=O\'jkZWmcfk[m {S:	qIѡu`cϚ鳇fS\\c|Vw-iE,\\Rw&oe^/bQd%K.x2.ZxgpKr92IXpuSxqSgn:Hq\\7sm;pC-yX;%KRl.rxF\\0%/MM#=tD\0.rajmY37sCZ`0൘(c	#y3ԉ\\.wgI`<GTI%ĸ)f~8Hc6:q%jv~RUH@xծmIظSoU^2kͿMֻi?p?u>>2}/΍>\0O]5lr_׮Yx`eUn&Ë6$*DB㳤htV,$a.[tԧD42a\\1ׯn5dVBG=\nmG^̷02ca؅$9-ǪٶBo1e?u0g|lo+JWIyŹ|Vp>U!TK=\"Y3\rkSV0!|~+8m]tq-L71g^l_3m$%bteHYupd~m\\uYH.M֞N3PK_Ns_!Ns\'\r[c.䛉 TOŖdkӥKY^d-\rO%f*per{Ssr;\0R&=tS͚̍e&ARƽ]k\rl|ݝj!I\'AYk\r7YIZKOEy-% 9DЬyg|o1#3:7KTO<~keYg[Si3j[.%#xF㎽X3cMs}\nj8[P;]EhcGYӓ\\,GȮ{k+Xׯ17	g\ru:sQW\0\0Fć\r7Klz+7e$pfF\\5+:\'Fv&??s\"^e\Z붰y|TLwBY?Z@\'OO&MMo~dz2gn-&}	\ZmWL\\kH$7KAnTXDn<erB݇~\r\\\"nnMqhk\\;wGp/diW3m/>[ˎ*skɊdD%QHGuNXLd{!)q6P姊W)R8.g 8q~\\]rdNR!L	,r]K)	*I4D\0V,SNQ)2ziKBQm\Z\'٩+uY0gwnj)1rg722;\0+P܉v#% 5Y!F+PӪ#/aUS\'#~Eb+0.=(zH>!peaԏi\n\'*Tj1ȆPdV\0<S8}5WD,ݰt^蔣 .!K۳\rމ3=B&ԏv tBُӯ>k;u=\'x7Yex;eQώ~^_k7ӵze=O\'-\'e!$ςNo_F\nMpIgo,3-zpj#ⷆri06S(V=3\"g!\0h\0_JͭH:WT2;\"x5d8Hxر?u6cus1Ym@ʛ,%?B76;q\0.Ȟ@-J̓nt[X%\nPLHԪqL5v@qBԬ؀&Jlt>kU\ZI*i2]0dL	U\nWeC7vWG\Z動ԳtDVxW\rrej8XGhV2\r*<L7n5>2\\~JӔ\ZKW\0d<%@W*r-\nK~pךQx{ӭ\ZHzxn~L}ǒ[(!Xe<)ؓ$!Kþ9D	+telOй:GIһY7)nEb>>k]4]{-ݭTF۳Dqh-y.}s{z]X=&04<1_bL>5n]+A!ZXp.9-2ڝC\nxbQ!* !2t~\Z:runc\rQV.k xrl\'Z\'i};U1YSܛǪeB\rI${gFȱ`Vyy@ Jղf䞿ZԩcWџL[1 u~+HpQJeLJ<4RT2p<Vf:>z`uD (x AnIHP{:dJ逮99cC}o3;\\5#Yd\'ڧ\0WwY=.8v TqAWdU<Q_ɞ\0\rJD/.d,.,%TuWhGNf<2(6Bȃ#/:7pM8|?h]f.lv[QH\\-M0{EUQix[>R]m/}.d\0.j:::ղf\0Ign?=i|e~RDOYY*(khعmq0+<e͗-3,\0V\\|@\0kȳ}oٍqm	W|?qgUsɘf&%5bRp}ktUgg(+N]ӡF;N.g/e	n</*u6[a2J¢&,\0wulŮCZ?RWU8h<8DK7-h( \\|USS7ӨZxj6\0yf~:C|ӁȢR輋>+83)-%fM\\7Ÿ\\er`9C{xmMp*2\"OXBaT2)UYh%sy]medugۗi\rD*V%rKN-*gF>:5gnE]bW_\"dJlOgHd\ZN?=S>DCNqZ1hW} <SoڥH?Bcze; \'#	f똺/LʯyM\0ذ?/^.Ru{[23:^M\0\r^=_iOgtU=Ս!IZNZH\0|Vm\\&ɧ`f9$p\0y$/ژ],@Vu=zݽJ=:ܬ,,|OnT1hK=[O=GTһOl).dInuQͳ+\"DGA1c*rODg\rIC#Z%TDfMF1\ZV Կ̨y B9 FtT(cU\Zy\ZdyMբ#r+\\i*0d7eʅܠPn(\r\0ASgCS\Z-+cmԙetŅ\'tWjX@E*:E-WT[ܽO\\6^\'!*`>zߗem6Ϋ`ad	 [`l~*q-&\0IqI`N`O\0`a`BɈl4\r\\~m &yi1er=;z%ǥ!4	 ,v-TM!	Ťx}fƥOotl0x\Z_m}ډ쮆$\0\0wJǼtΜN%nPy_Ysif^d0lj7(>8y^Cgnd\rr\0L	_=3Z#Ê#Nڣ馧q\0y湫NAvj_ׅQɸr*Waщ]xUTD!\0JaW+UlhHW(N&jO		_p8PIC41\\EgP>&9gu3V1N8Y(>\ny<ZbI\n2ar\ZLS!2\rS ܨRT\rHb r/Eqt{Ĭr!:[aEEdqE2ldI2-\"PELyNDQ基],zFVL5yXÁQQS\r\rT2p\ZĘ.RԺĎ\Zm>XyuLf[dH1H.(>cGst谻zf[S{[{:`$]P;nCm&QEUsp=,~ %ݑms!\0?bmhGB<|~%i\Z7`N+Y#xwUk(^G*\0/3bs*\r^g\Z.eUzWD=.x\n3R)y2yRvbA$b8K*\0|,I\"Ğ_ޮBO-O\r~$EmizhEH;r~rUoVTљz1iZA)3QG|TE.ruPn@n4빡V kX1Ҳ	 NG6zi##/?of^\ZI\ZH,3I2˦HgⲪ}O__ܟ`=?ŕrٔ7d@xnBL~G\02\0h;N<u\'6\0L/ɜXk,Uf:\rtه ~ ꢹ׻sׁctSgI9:T^WQ\na\\0\'zn-ݺcXГ~(m*\"^:FjE|Ê6cl_%8Ppӓ\0	yh\0ITy}őO~##Ūx.tԲį}i>\0x=`\ZUťsk9pIk7+RbtJ\Z$b~qZ^D?wHfz4N⢔nݤOKV-Փ#⠽_A0\0chnz2Q/R	H3:\\0IE.\09LrS;Z0T9z<ȳYLKN#GqggXa*4z|xH~x<K!O\'Jsm(3Q9,b|:ԃ.JgO(\',vd1a@;ԅFwWx=[Xu\"Ui(Kyro.EwL?cxDM_qu.o#n]~?LX.fh`tz	rNga:K5Ymw.ON4Fܛ?scfrglL+nh-[aI:h*:6ohhs[+zb$C by<6PA䢭W8V\'Sln<\n+X`Xx(@|~ԉO4tUVǴ;m:W2*ĨHڻӝ]pSd2\nhar\r?c}Agj*bV\"ܺkQV\Z:$zǇ\'Myȑ\0t,)H|	?	|Tf4M~*b6\nY5%=\"QS<eU2UDZΨ	z|Q\rA$FHXEE!\"^_R\nK9X,>.5<s}slmՑW+q2nҫ*dnU޸22x)\n{۽J0sIKH%)VTS;\'&S\"5rO_~ЇGff@l~j\'̭Li$F:q@n0PPCi⢢&@G^`Qj?*H3-\0r!f\ZɌZ^M q#E)XR3˓i\n\0D;7o[lU:xFrwE-$Aw\\*VK9J %`D	:6\"JbrY01?t#I)8\0=q<|Bޒ\0egf$LGT㶨\'AԪC*; \\ǗS{dO,<XV7 ]-CU+yC%n(Gp$7ӎ:U=y{?Aw~M].]7&9Wt;}m,ae&6̊{L:Pai\0.\'Ǘޱ-vr+hI8 d75\r~<Ć>jԕ!hTVFQ#@&@N<PmVt\Z\0Q)ηQIITU2:|*_2;fzb~(WElxPި[*n8M&gQKd	m20Ƈzm]R!rf=ۇ<Ϧ\0JRF#>ࢩv.\\k\rGoE1\\r6ƮnzIb@yFB\'ڈDj?$L)wCp`\0\'*ĥ$DCmeb2ͫ($1\0x6A情kF,UD?Rͪ󌬛.g3gROUp\'I\rԡؘO+$>\"W! ZxDa*)#_r?!1(\\0`{lǗm?bw2qʞ4De5<>%lȑbԲ=t	fGSL[<4~A?$h6Udju\"eF\0#:k\0?t?P\0@heЧ$Lpr[O~-CuDrʨaeXcEq=e9*Oi0}2:Qd_XUGJq;ee}b~i̦FCmT41@Vw@qpT_;\"1P<xS=?`D\Zlil\"X\r>*(x<|ޝ:}R!j*fyeNI2$xəA^u.YՏDpjj.Oɛ- \reP7k8l$AXU.Mg+c|FWZŶ0\"M4УLǎ7U\0i@4ZDd,Qʳcd.ާYw2[\'\\=ɏeΟY$i`hG\"ؼdJ#8Mœy\"T<Tzv&HDu׈*mk_X^J=G75sM\0P#ICⵍS4әNHrz~	.o;׉`#gn2᝭+h\Za\'qJ ՚O_ԦbQןТj{D%LuS+ ޳_GǍ\0%TX9ux+)/*ҦnIݸjsH4)dqਹF8u:*R@-4:hl ͹\"c\"|,Fؐ88H`ppf% \0(\\~سvYWugS)w$bf2L$簻>@âB1Ck]Q퉈\"\0\0\0	_(y+엒dncLrܹ!;kjypEF}`H]T0FkUG Pd+,W]B2<@@3I^Yԣs<Qٲ@\"Fv$H<#0nݧ\ZkaHK9-8SmF\r[\\$7vÚFǨr<ASG+eNڗXVF$#@Hjoq3 ,1o3+\"\0f@7O]q~RS- p=PVt\ZRƹml\0+ru@TT;RsxYDVY\0SJ?ʋ]7O(`\0\0\0Upf\ZsD;vѧJAY1EE/4T|\\yzhΐLj*mX,R22ԒKQ>D0:j_zŤ׋LH⬆^\0*O[~[R|G?(W%E`\'\rhŕt>*aI+,yD 1Ђ;uv)blr }1i?8|F={=1xTjɲr}L<K5qOzGtxd0inG_E0sE\\H\0Jر\'P>%F\0ӷs*˜v%Hn$^C~J,ޔg) l2\\BO4_SeJWEG9pǑHw(*dQ6E :\rx҅BA¸\nA`tJ|$ň$)ZsvYwU-1#\\HWCDcu^R[IP5T>D(veƜU	lL9*K¾	bOyP<yVG%de9#\"\\y)??deNs\"ca6~\rLc>%Y}5p\\B!DG\0ܖ)\Z<\0\rW|GLMq13^H\" h4檘Iv\n1#TDʷq&r88B U1U4|U=wQ֙Q˨Flv\nY?rҡ-юtPj>xoemz18y*5ItJأ(XASki\"Cmvm&~ʅվ$f߇|Bc}n&voֶ؋0Kl(RIK]R}v6Rw<o[K;6uQmp8uz,UW5 ]tA1A¸3HB\n5qV]y\nXӌ2;6Dn.5\na\\}Jآ䊜<%>?X䁓\'C t胎H1j+|\\<\".VFvLJdI<Kd20qAvgegTu<\rX&J*QMU F\0|F_w!ڝC\nҨ@OċwomBDIL\ZQ_(DnC\n81\"C$1 \"D2lUEM	x#\"LKFPXh\"Z/Y#QXy7p-L7\ndgQuͅ>=mכWs?N!##c 5\0OmSG*ZbbSj\nsrq+f\'_?阂V\'HRt0^޽q-9[0msE677bG6$x>,b:evpiHU#H?j8>̏F53Ak(꠵z\0v$$u5Q2\Z>h4k	n5a˨#`L9t5X<\'/Ǖ]mJdedNE>.ej˻bkͰhl#\0Q䬙K^uccMt b\Z\';m9QvyKAϊ݌[ɾع5>(	`>E6q@0PAULPA∷U{DEށugpCj%QU$A ˟T2d?RcLOݘcBÛN[ ~ PwW*؉mZdVLxAnğ*\\>E+EdHd}?\rYLZ2#@|볾\r:|{W\nuZUUn9w	oT+e}:JL$[*2\ZC@;]}\n͖$APevr\'1ZѼ\"Dh,.}kSJeF\'hZzV4!ׇ5[؅\0<S`x}?j\0Xď9<nA-Vj 㟗ec2rȝLmtN\r {\'r[?k\rҎX^ՉF&%tc5\0#\\\"\Z 3,1<\Z@EX}W	}n=w>|QRvghX-DlZ % qA}|TRxQ\rH6#\"	\"T44TP1#>ƒXQ}qJqAESwsZvOOUjH2a+jːQy31\Zuu i\ZfM<TDERH\0	W(t}6gdH4J[%a\0ĭ]e}F#:MO^[Ycet Y#)!\'_/G$$< e,i1bѷWud\0`F2>K-9<;.?R-\\(b@qp~KLdXq\Zb6\0Tʝ㔵W3hh1X?*\"\099Gݗ<%mYR:nXt^\0$<O%a^^>\'MXƺ9q\0~\\ķH\nxz~U JUݳ Ov?e:*τ{ʇND	+{$KJ$.|ؠD|]H	D I%T5 *@qtv3oUY{+cX}v.*+E}\"YS\"Gf*\rºXFnL;QfAob`Hp\ZEQb|BN@S\"\\b\rȎn?DE\"=B587reI%m/קdy-hqAb$\"BI [v#䢪Z^\"<Ezba 2I~>j1^oDlcf=Y\0<X\"*4:vUL*FzϊQj[w\0I/z7OnrGࢹl~cwP\'eg\rܥU~NFND2,6i2jI*):1:~nmGdGxd+ںN6.<(ƪ5c-\"VcMOOۑ DA\'0\'eP \nfwbwEA~#XH\0C<%Q\nr<:]jE[h8N@ȗp8U\ne49A\0H~J\'(q#Ju\'@G̸܋v0s0\Z$J)\Zղ1(6ޙZG\nj$jZ?ZQOaQKCm2\0@ς&H|0\\\0\ZQV}yĻ\\.aVk%:⾽yԦՕ!@@rP8\"	@J0ǒei\nvBkFV\\BC<xEǸN`LH\"QrSWU蹑6<{xHhV+c:Q:Fy>Dl+Ν\'\ZBVG_dy_}Ӿ.NrIYRD\Z:̮,T:g!y+ױ~\n\\jU\Z`\0[ᧆ%\Zbx/\0M6o1	\nܷǏ`lO+.^	u~u\n,T1M-ܲ+nvŋ*(duTB!wjm<U!(7c@2TEp.,R I?JUH>>(\0<Á9Tt5dq{N߱X.1l}.?V:q&cA]̭r?+O;f~(~!v@@\'<t%Ne[[tI\0Mkўf\0ݷ[O/er*;toX%0d\rshr:Tp.~ٷTA_~_ .~>ob\0wWಬާ?\0}\'HWow\0[KH>m8pXMSb~wsg͐}\rߠ\0M]Z-uvpc8s\"OXҙ\"Vl~RW/E%vH2;\0|EA{펖_.<@ȷ:T῱Rl~1o5iXxgO_tfy(YP&nݵ?VOmnTao\'J߯k\"gΚX<ں{6ZTH7j}'),(32,'recepcionsim@simsanjuan.com','Melanie ','Ruiz','21232f297a57a5a743894a0e4a801fc3',''),(33,'test2','test2','test2','21232f297a57a5a743894a0e4a801fc3',''),(34,'nmareca@simsanjuan.com','Nahuel ','Mareca','21232f297a57a5a743894a0e4a801fc3',''),(35,'nmareca@simsanjuan.com','Nahuel','Mareca','21232f297a57a5a743894a0e4a801fc3',''),(36,'mibiza@simsanjuan.com','Matias','Ibiza','21232f297a57a5a743894a0e4a801fc3',''),(37,'jmbarrena@simsanjuan.com','Martin','Barrena','21232f297a57a5a743894a0e4a801fc3',''),(38,'ehogalde@simsanjuan.com','Enrique','Enrique Hogalde','21232f297a57a5a743894a0e4a801fc3',''),(39,'jmbarrena@simsanjuan.com','Martin','Barrena','21232f297a57a5a743894a0e4a801fc3',''),(40,'mibiza@simsanjuan.com','Matias','Ibiza','21232f297a57a5a743894a0e4a801fc3',''),(41,'dario.baidez','Dario','Baidez','21232f297a57a5a743894a0e4a801fc3',''),(42,'ariel.caseres','Ariel','Caseres','21232f297a57a5a743894a0e4a801fc3',''),(43,'gabriel.maldonado','Gabriel','Maldonado','21232f297a57a5a743894a0e4a801fc3',''),(44,'cecilia.paez','Cecilia','Paez','21232f297a57a5a743894a0e4a801fc3',''),(45,'juan.vega','Juan','Vega','21232f297a57a5a743894a0e4a801fc3',''),(46,'rodrigo.sanchez','Rodrigo','Sanchez','21232f297a57a5a743894a0e4a801fc3',''),(47,'gloria.cornejo','Gloria','Cornejo','21232f297a57a5a743894a0e4a801fc3',''),(48,'hugo.heredia','Hugo','Heredia','21232f297a57a5a743894a0e4a801fc3',''),(49,'elianabernaldez','eliana','bernaldez','202cb962ac59075b964b07152d234b70','\0JFIF\0\0\0\0\0\0\0C\0	\n\n			\n\n		\r\r\n\0C	\0E\0\"\0\0\0\0\0\0\0\0\0\0\0\0\0\0\0	\n\0c\0\n\0\0\0	!1AQaq\"28Rv#7BVWbru36St$4Ccs%5U9EGTd\0\0\0\0\0\0\0\0\0\0\0\0\0G\0	\0\0\0\0!1AQaq24\"35Brs6CRb#SU\0\0\0?\04D@\0DDD@\0DDD@\0D_u٩_xRG橙FK@\nKVLbbԊ%ɸmv[*otv慮hHQuKIhy-tOڼUs,tx-ϳzI-Z*\'w#J\\,:YAL>՗7\0=!:XvR!?	|~EcM\'a)Z=8öq\0񣈳n#*NVO46sv~	8ZO#m̼lc%JKH>58g~#\\\'Edꭿ@7Ƶ`ٗ|D⴩I\0TFkgHfQ.)^}yY0w7I%2U$k~\0Y8	q]kqm5aJ3^Uclww$<CDCkÿ,c]\0Kcju	]#ဟA+K2V*/=g7/M0Is/LudT\r,އ¾Nug\"\"\0DDD@\0DDD@\0DDD@\0DDD@\0DDD@\0E\nZ7{|W0n3\0$oǱrU>:u7tXֲCZfs+ˡkCyR?Mܼgܭh&k}4e;KyʉA\0悫~}#%&VU[#a|=ƲV/t]:}t*`tu+?|(<1Z?iǥ^dve6/f>j#|!ۍ{)qW\0Sݷ.p(:=Qk*l.\'bڊ>SZkp?$<Գc@k^ORZ\nTԔcִy\0GV+\\]kjv|2y^v/uI\\ˬw\"2.Y>Aޖsީ.ǨU!\"\0}j߾ʯ/e-CƼ_Ƈ>rݍ/QN]؄!m⬏dihb6Pt|h]#@eUfMVi>)K}\\G})۴¤e5~pMS=H\0WdNh,u2<Zm_^\nNp)픮>j7꬗zm\0JveaQ[\r\0|nߢ;\"˨{t;UԮV9bzrʻSf;%tQ`K\ZkҽLi&.OF^fyz:^\Z͕S@s~7(#|kUtM<U\\ކF\0Uxl~+q\0eNO\0*#vM~RGTqͯ8wiꮔ,\\\'ՔTw\Zw)!A08y*/X<=-8RN\0ƚ\'?l\n~uWS]z\r7#V{\'vO-wH.7*Ls;`O)%H=j\r4~e@?*\ZL>g\0UWz91>_[Mv\'GZ?⠜$4^JHhSַqY#p^SK}t><6obv\\*?;۳\r@E:{.Sl#2jZgurpaZi\0H8VJѽV0Ś.ۯ,9,s\Zog0it=?#y?2ԧ)\0>rK\\WkV&TD[C\"\"\0\" \"\"\0\" \"\"\0\" \"\"\0\" \"L6g|[;1;v5T?\\x̳f\Zz3>?\Z{)nH>F\0ʆ?=yu;7TZEwweku],іKCs~`{k]k#zQL[qCꭶטX$,o&$wƟrkюsAtYTTb[kH=;-}t;Z-Co\Z\rAUOo(٣<7oS|;\0|4~Y_ir/Vޗ3)&h稕bv<}<N.6w|.ƕ,xU(>]6LaR-(`n^8os׫M|\"-ƄD@\0DDD@\0DDD@uLtQMo\rk lc%=!VmFĮbZ1ʪw6M1>&0yXUElZ\0:	9dSd-|u@o(VJ+YJu\rJ \0Ѿ)Y[\rEZ.Dc0\'ahS{*4oR]%)Ư.<Yw>-vqAx`|{{M+?Z7:m&UtWZ6a0v6nݨ7(rA.;&&dXUH aHd]y{W.5䓌ffYl~QNQEx).0\'uz(DDD@\0DDD@\0DDD@\0DD	6Z^#T2vC}Cm\'vl6</{:LM՘W{o45hqd>)%7v޸Su=ZW\'Lxuظ^\\\\^}sC*U\\ޟ;_v}?!ؼ.0:\ZqI-ZZe׾2sO4@Y*k0\r;mZmߴ)Ί:q|C~yvo#?kwmإlkǰ-6;Ym6CMMk\Z<gOy\'rOi$Qf՞G_{)Z(GKkZt߈DE8\0\" \"\"\0\" \"\"\0\" \"\"\0c7Ḵ\'2nXP;jb RvH{;OjH:q%sцI΄oGC\\\Z|3ULhtkh\Z{G]c\0v̢+EYXRjKDE&0\" \"\"\0\" \"\"\0\" \"\"\\\0rOQ~*Ui^WҽƖx$`#~<]UYWThޓV-#;w>ByM,8f}hȼ(pGQrKIFtwqXW;Ex/^&GvhcRZѣ4u+Wy4Yk}l)ZodΓs~sۑ܈<,\r?I|_iCL[w̗З8DE4aD@\0DDD@\0DDD@\0DDD@\0DDD@\0DDD@\0DDD@\0DDS4}*ˉJuwK\0(}q8\Z\rýKTFogc,]Ωpv(k8-|4TfuEw:~md;~MݻM\'Eb*¿g+>96+Aڔ9O?SoHx<V,TuIR%f\08vHD[L&\nIig͢.hhaӄD@\0DDD@\0DDD@\0DDD@\0DDD@\0DDD@\0DDD@\0DDֵP1/yK?%@G<D+\0{+QoC-Dl4q;u5ݢiG8lZ*;OHu[!YUтߩ.	AqיWp7<_eP3ް)*Qr  #\rݡy	ZZj\Zhhゞ6Q5fv\0\0\0\0镇H;n``1QQ˳\rop*Ҽc:R[(/nnel@\"\"\0\" \"\"\0\" \"\"\0\" \"\"\0\" \"\"\0\" \"\"\0\" \"\"\0\" \"/9i{\Z֍\'`\rZNt*#砶gݾ}8F=\0̎kCWllPX725\\TI\\*G$aGs4 p>\'O!=H<LZMMOGM$lqGCZ4l\Z\0\0C_Ć߸~y?CKLF!*:٧]>EVzC\0Rxua\nJ;~I\rw2RH@k扝o:=r\"OU?OU?UEhSqwUbGOqwUbGOy\rmZ,T]UX0n!6S=F+ڽ-ca*\"Cw=\\^>j7UV/t\0|A9Ecc(D3jb=*YGXoeh\0-.<KTImy*\0M7+:wLKWV=uC%.\r}8\'`	hsk57r5DYƏEkU5mlȧyJXoo݂W4*|n._\0R|n._\0R[qV>j7UV/t\0l.eG:lS7%J-\r灒v}CGfDXטqcf˯vzjM4!H	dkA;v\0؅(>j7UV/t\0>j7UV/t\0F-ͫE5:ԭGWzn}5Fn㬦m5:rLa$vr)&CZd#G`a8&Cge$raտwnO;]ޥcE5:ԟ5:ԣyfբź,b$MLXmvn7[?MSe4Ut	!74Rʸ}7<KK̦##Z,Օ{ci-=nbo~Եֆ_%\n\0lf[UFu.	A64e|C\0pk5|YTn̈́:>bojǄڪ4W{3Ns}0i=6v\\bzKnpAO:l-ƫ\Z[ޙ*&AZCA\nqAlV1y6qV\\,#y5>r[g4cFU}wRk2,tWfQ=>eͽTIX\'\ZD+rV-#xJ1^Z{Oפ9iSrWCoyj\n(@u$vƺIYh9o`\"wgY\r7q\Z5 RwLNabD8T\0WCZ>`议QOqUKIKyQn9ǰ\0$I*Eh 0FtEa8!;\0<}X1V}=ٌi:9|/n2zF=ܮ\"oCkE3MK)SG/AZkPj[w\0^jO-ښ7қq-8^X)tZMy\n6ߏ\rbj0-c`\r	o۵ՎaBZ)eMn#w=8ӱ6\r{ݥg\r|.*\nT\0:ǿDzCgzDE8\" ;dnKTsTy]KD@ƞ?MzmSk-;9Q 0n;AOg;1pVM\0waT/ǈ4fkZTx:~<;-˨?c>V}+iήMtIܩ:Zp.:m +1ִ\0ցl<pcF94c5Fb]Y.\0AWGנg&5GꝖ{(\"Zb$r;vg5ٞxQm{r[EY0MpjKr#\Z688\rܪ5c*gCDS:KovM=[d::馂* s;8\Z؀iw\0jzƭJ3o7gy`V(l6|b) wu|%w|{+cf\"\"yjD}͐h.yjZhTU1dՐ2hi<A\"}qQٴ爽B18-v@AX-kG-s݈lEָ]5SAj0쒽w|#ˤ}FsRo,=3p5m\r]֟N#ĉ\rR^~xȾJȓ((а7,az\0z!hܟ/6\r|\0ro\\&s<RE`~E],z{eEk9ud!TqwJCӊI%[cZ`h?͍B}?6ݱd[QUt2?/ĭ%\'r5z~ϣ_[ʮ__S[<38_k\Z#\\㰓aOb+b-1㳄Nxv\Z«)rkg[\\dqG:B1M6ܵfrV2p豟{݇ZmURgRZ~`\'NW%ҞҼj>DrC2s{Vy];K~_\"\ZKeg!+wM#W2+L\"/|Wc\\,t)3VT~[ˇ7]\'<ӻ}|v6_J΍䏄Jsd[$;$`#VLGzUZGzUOSײu`ʡ\no\0s~exvGGʧn{H*cXjOy}31>\Zfi;g1a>L\0{< d\'ĺ꼰)^7\'e,hk^Mtu~\".Ke~Ij̨\'4\Z]w9qs|?8]weZ)h\04f 8v+-Br*ryM,XOғY7V^m]]Ri={׸im^[,mx(J3qQkT94iYlOp٢;Wcc\\<`FYn6ejR^hYKv8+pMp}w$y{%ܟ\0/^Js5~e8YSP̒c$޽:v\nջ:?f|VӋرY	y!GTJ$2:wANibY\n֧8*ڎO.4՜sK#mԲ &>Y@kZI$\0v\0HKMϱ:8Υtds\0vv.UA{[tlu~~mF)#~cDZ }4_\rƾ)c<Vv	²nMVVOe4GU94\rNSF2;۵G5ĺ\Z-m:5Rju%u	ބMtm=D5pGUM+df	#{N#pG.Wi/%\\<G#XJ~Iwþ0\"\"gv(1.s+admo3	溻[-Tlj=DH:vidY̥\'}Kd->c#/8˧P]s\n哵9=S#ut7~ehXDq|\0\'Ĭ1[,r׋\"4pSѿa|T𤬾u?CiGJɹ?¦|94D[S/>\\V{f_ߝˊlޫ\"É+]сƾ]?DUk0=8*.&Ip6C<eUuKg̡2f+0&\"g5){\0P3*BF>6U4;a\"#a]C	=`lzGcƢe[ٳhĺD<y$8yq;I*[RqM.%-:Y˚>(]*#`y]c`ؕ\0_+[Om2O`zfW9(rܶ:ۍ<R6AGl-no<q И8ȾD}ԌrIC$\04y[;|{I5Pۢk!,6S\"!+@!J,\ry$|0@4VTGL8UmůZDfr-|[a|QJz\Z~JO%~+eogS8~%tNqG-l̇k	/T\r\0R.\"/CAs\0\r>%e?K~TsAۤVjƸy[!2υ&5=|5ny[Bw\0hi1ƣ%VAo\ZWpӃUMk{n F==#8RìB5?]CYt7\0f&;RoxȾF8Cԫ+-ۇoi𪈠#[!ɑzɳ5\rni~0%ĘpqՃATc=Yu6jsa*)<wUOk![vcfVvYnxW62>&7\nůI<d99iȣ1ޕߕd~<5CP0&ުiAZjcĉ4o_\0Y\n_\0Y\nj}/\"Wb~B\0T!_~\0NaV̯|{TigoH֛#7n/N~:ԴIgGHy\'[@QTmڏJysXGR\\*氏᥃/Z*~:?Pb}i\Z|]\00Yj+Ok>e\0S]\\~|C[SK7Z fҞI:>+`ykz9_WH<`!?QLϽbǶ36Y(jqUWKf\\\Z_S.p3f[%nONGOpoU\rh\'mOKa?dċLZjwGŨki55M)bwsiL+h[NGȹEWvItnНDf_RW	!Yԕ_m{뱆=~=\0}Ww|Li\0~y/ShM]M-<[,{vإ%mw[]K_ERxjiflHݯi +.*QwK|32w\\)5vݻDYO]gSz4ӬP\\\\K\rrfU03H1%\0ǵc#S=o蓮xąCДn7]`s^.Cjrj=t1/Xc88>Cck>rjQ\"/wm5rPSU3cK~ T6-F<YY\Z?O/u6Gjq\r{\\\'cW+H.tQS^#\0s]Bx\0HcG|fܼ=:mc8?i/V.\0^|꿿;/AϗٽWy2EY,Vۃ}κ~\"*t`{pqO$T\\Lmxꗽ)C<eUuKgVa\\LDEJ\Z_kF/qt\0mvIW%5U;dd\'y\\iۿFtTSPSKOSO#XXӳA{AZͽ\0B\0d6*FUWu%*ZSP?N\nKoTj-ҍp4ݍr{Vp͏-+4{o<SU\0s	1=9vZJ=\riu\"EVh;z&rED֗&~z99deP9e4ӹtK!֔t\\_G&T7K߿~I~5.$Át\"I{sSj#!Z+#dM>M_C|>|ߛbmNW+WE˴{$ny|jqƾ)6+\0 vAOua6Mx9oρo.97qi7NT^l\'~\0|=r7dRb?H}Iqi3d}.4u?#;k涺o SVDs|5E,sFɢx{$hs\\Ӹ o#S~	tuIK`yX6PK~#\"DEhC֕^Ak=u6۩ǭpe\"j<k\0JV-+8^4MK<hpL\0Fh2wfod]N?8$.wwT#a>\0Y~KEc1N,ʇ\rMأ?TAR\\LN<Y}_L(y9u\'cVJfgrZ4<^XUc-W?\\{T5ýI]%N&X[I=>57mNe6=[W$ިP`nyobs}+Yыq{кNHcӴKhxZCLuqSv;cܡq%7G_\0Y\n_\0Y\nj}\'\"Wb~B\0T!_~\0NaV̯|{Tig?Hf:D˭w{^\0U].Gǹ$ܟ?jW5\r,u):i~L8_:U\\j{Y/we6W+g\Zߍ/bZQ\'	vk?ŚJo/uw?=~\0HS..=GD*^+xBX*K*~%XO?1\"P{`sU;?Mp^dܠ|Ii\\p1d&f9l7{eJ!ь#e_h_Kw^pxRɩ?mũ0i¡Wz\'ewc#i}c5bx\ZG\0&kڴKrM\Zlv5`M(E>WXpU\'Os={j=GA릂P~΢YaCbEr\"EO]-zAm׈\"0Y+)͑R5^$Ӽ\\xߒ6Qhi啻|+ϋ(/O>kC1V`Pwcb8Kx\rg#۶&|mˢ,Q\\RUMݷvDE%\" ϗٽWy2E5y7?H\"Et`{pqO$UEZn5:$\\\rP~]RYE3(gj{٬+fx\nf!TCmƧ}\0\ZALO*q?cV|\n/B#Y3x2UEWϛġq&\\ّzͺ-GN$O1?d\n|qm:JksKN~I*(|I\0HJh[=+*hir\n=M0i(sfqxЬUB.tIY)%TQ?݌xKv39?ɞiR9c;Lΰ|<5?V7uEg4\"SOJC8NW=PZz\"zpgiNܬwyfW,/;\'rIU1jI7|ͮVNv=w$>զhPMoQC%;+#)\\6xF\r}q*Fz48፱DƱkFw\0<AK	~h/^/ثїĶ뎢fmU\n+m*XG).(Oa#]I3Z;\" 3shn9h{$\n)?䳈L6Nx2av\rjptĎPi[ktFKvv=x7\rz6Lų;5RwkGR;M}6kx^O	=	j#,h\0xauv$spY*_M}9o5ݾ侚\'	γqQ=>E}}7\09X?2Bzuv-O]+fdpDlc->WTM~}y}ei(N.򽴒|ɾn`ztS9Vc.9cښgЭ\0czG1*ixUSc|||At8ƞkbw;lFl/bv!/En1O[!\\cb{s\'\\:ꥡ6Vw.>/vI}RFq\Z2u\0but8LKFOpw	]7	\\\\vRGyxz\"\'JWJ)i߼%V3(gGMn:ait΃{TzſVe-g4誼L\rH\\<DuYb\r.e[FLD)䔨JөFW3X]Yݹx:V[RɭȌnlO;$CY?niZ2_?K\"8Rp]Oҙ-\"p];^pskk-+=3O5/\Zͪ!Z{=\ZF{@9ǲ`qK#O*+5|uKJ[#cb烸Ne4+I˦#ڼB8nI-#\'\'wͣy~>j\0\n^׌{:,/k=ߝzW0^MOQh-OiEny^CZ;]jڇq5I(\'Jݯ7\nAuM+_Ot4PO3WJե:mi4c(\Zݺ1>R=qYŇٗMete͊V#ӱđܵ\rUkiiDEbutwG7fo5sDwp(yc_6^I*WIןG?DV1D@\0^|꿿;/A/{-ܲG,[TյRI?47.$\ZZ.]сƾ]?Di\'2J.ǧ)y=>g[j^Y$pSR5-x#UY4K\n/ګ^k?ee86n8UlhSRC&g4Amo/\'2J\'\'2J*n. mD8jwݟ1\r-Ǩ+<.\ng<ICy;ߕ|џd0;Eu<७\n$`}F|޸.%zP>/T~w-0DtbW{<c	S53..`S6h?.i?Y~HlZÿIU#y=?Cns$j	\'CDX	QDd0z2>q6It>m覈P3{g(j//7&==NH\0b<eq6@aWNKOۙv<JBȱ.[`b:UޒZ\ZY7	X;;RG+lo/\'2J\'\'2J(eES?,Is>$:h@h$?	T	z\r],/\Z_L6]t8)elq5X=\0(wX*?h,4\ZE(wX*?h(wX*?h`ҿw*{6jU*ڙO8@UCDX	QEڰNtLxf0(_lx;\0	w;b-暱p\\架y*%>Wd̷b%Gb%Gu芴ow˓ۻ-؅[|}U+K3x@nUko#\'␩wL8s-V^O-u}8Ipw)q\0fF)~Y .mc*.5{A 9=ĥ-,Qno/\'2J\'\'2J(e_-_FNcSVͷ<\Z޿*k^:.PquƂc2F#yw3b;\0\\\'ʣֲ}hc8ʜOU9It[(j\0ʣֲ}>U>O8~}3\0UGP-}=j\rrHP	\Z<J\0.B\0*ZW,\0\0x(\'HjJvYͻۼ>Wˣ:sMYBjf-Ia-x6MYsm}s|~\"z\Z{=amsYr[5҂qp6X-p#!((;@Qn\\[m=fɰ\reE\',4];|<$ƞqNQ(+uZG>6P-=eiԟ)#A\ZxxWBAeMSTZGq^j{7ob^(SrR\\Fv2p­Qo9ujP]^ӻZ֞wNp}nvkZ\Z\0`/e}<}\'j{YN%n:F+WwԒDG΅뮟:K,TdQ\'cDl{6\Z{vOd8]ʭ6˝&g+|Dx7vBE5I4UoqZ;ÿ=~݁^%=Zn>߉l7(6^n4[kTZ1.s\'ȴBݣ5}}MQ㹅0<it;u i-W(%MN+n	sy<D-=JvϨ^hs9Gv컯tߋ-!k0tN#l{A]	l~wR%*Ja?0- 7U>_f*:InIrͅ\Z+17W[(v䞊pxRqrɈ)1n]5<dnI%rKthƛ^d|/4G%~6o_8Yҵ,NÞ#R2ή7tl9a4alvCQ#f]EFۚB;7{ZƏ~	L^+\'5:uu+7dc_\\d}+Ӄzv2TU/n۾`H2 |b0|jmDV+\"\"\0\" \"\"\0\" \"\"\0\" \"\"\0\" \"\"\0\" \"\"\0\" \"\"\0\" \"\"\0\\Ypߦc9UZXa2Vxw=!	U~k֬Z8P%ʚt^\\y\\{96e] 镘4ԑEαk\07b@kAcS~n-towPh9\"\"8\'c/whh&ODV*\0DDD@\0DDD@\0DDD@\0DDD@\0DDD@\0DDD@\0DDD@\rf8Οb<1SzwUVUcN4n\\H\0@@utּ36jVoUIBJjV8	WO=q9Ǳ-.Dꖩ:V/2\0xݣbGho;p:ZSU	(ƨY0hCp#nc\rtMZiҘm暡uՕ.۬@+2*;\r\rn&A28h\rk\Z\Z\0\0D@\0DDD@\0DDD@\0DDD@\0DDD@\0DDD@\0DDD@\0DDEf)X3Ԗk-#5UeSX\'`\Zs\0HՐ6<N]dZkek+*d7s\0X\0n[t_Fmu|;Zr[Uc\Zg\0ٻNO<RC?e3EkEfH5VAkZpi<H.ZX_9g7hZ/HkkxIWkOa:+Ktx3{nC[ܸ[F\0DDD@\0DDD@\0DDD@}lYQTximM	dsI}]\\״9n=/D@\0DDD@\0DDD@\0DDD@BӤON4	x~L;`tn^jk<,<݄8v%+\'mtLväu&X*v}eP7p\\{F;5=Kծ\":F5nhc%jg8#ܮ4DԪ,z%ȣ\Z!\\	6lNsy:۠>\\Xfل\rw+w	۬Mѳ[\rWY=L7S2;[q~-zq$\0\'EnDDD@\0DDD@\0DDD@\0DD>	dǱiAh&=3|\r#iXL7yy2[{vcIr7cFqzudYT봫=99Fб=ƞ)$Z;UQk:qPĩn;j~wؑ+ߤ湡p \0p\\xw7O)	x.Q\ZHGo 8sI;hJ֏erGaK\rOLwS4c:v b;\rtI;E♎%٢p}Oe9H;\"\"\0\" \"\"\0\" \"\"\0.khսQm^aNjP3y$kN=G˯OXȵC/FU8},0׿`Nܣq@YKeʌw|mZwnÐ^\"dNXitq!~	|NSq^ꜳ%W6Vo\0wn6msUwq+GZS&tG/|nWA{w-.G*rOC!eU@#N\0v8+ю\Z(-^.\"FFl-4=#v۩Vv?X;%7YVtB\nJ:H[0;ִ\0QD@\0DDD@\0DDD@\0DDD@\0DDLsV8mٗO-5p;lـHl;S ;u y##R|xXd߷vؾ3Z=LBߗ6MCqvƘC;J4G]i]iݮSF`xj#-y{;AU޿ޓ^5EKzȫygYs)3k/8Gkvawz,se$fxmT-\0臋wxA˴^|u?\0;THiGqW˳.|b&eͨHڟ df2cpnȎRUuv+\04~u7U/C\')e\'ɰY;!u7Z$3N7*W\r??)\"j/j*ᩅHdiؾ$D@\0DDZ57M5c^]`(o/\r环Xh.S}SO]|ω?%ɳeEyL.:tK2;ݭS\r\"|qUQzU:lM*ۆu>Zk\ZUw*\rul6˥%Tby\\\0Xs\r/lԖlR㱉sT_;<%#Ȅ=fo6pBZE+ycjEi(K¿nc\"	%[u.\'*զ4:kvi\Z\Z\ZK#kQp/qztuI򌢦VE0?N-G6yHZpӢ[䗸6p%=Ŭ\0`67[F\\\n}F^i_st-ܡ\r].)p 5\\1kFw\0<AHkm!\" \"\"\0\" \"\"\0\" \"\"\0\" \"\"\0\" /gS8:V-Nev7V˹uu3AT{INX^~ߘ*]Zsst:cm5ږ;[\'y9\nED4cNqI2dn3B7,mHϥAw\nJ`tC0(Z䪁a`נQo͜5yF!psinJ{ M+};lBv$FgԬotl>~%.b_fU];&gBryBp)>GY\'ߵߕF;\n9x5$/w^3HP\0ugowh?4jÀ[Fٿ\0o5D{I\'F\Z}Ato*Su3֙@_:rM6M\rGd Co\0y<W%Cݽhp|RLBYsk\\ʭ}iinˣ޵WTnfZ]\nDޞwڸArEX;Sfo.\0b-8`{\0O7X]l_C57v!vh2/J0..sJm]!oLq%\"7٘\\F,YG:MTN[Jm::?)mrJX\0cVm[6=o`[(`EMG!1k\0\0_IP\" \"\"\0\" \"\"\0\" \"\"\0\" \"\"\0\" \"\"\0\" \"\"\0\" \"\"\0\" \"\"\0\" \"\"\0\" \"\"\0'),(50,'rrrr','rrrr','rrrr','202cb962ac59075b964b07152d234b70',''),(52,'admin','admin','admin','21232f297a57a5a743894a0e4a801fc3','PNG\r\n\Z\n\0\0\0\rIHDR\0\0\0\0\0\0\0\0\0}ĵ\0\07<IDATx}w׶yrg[3;7sccclkl,A$@A$H\"H$\"c9Z w.>tjRw9uwv\'yA-Je*Q:f͚QӦMgz7k޼9jՊkOԶm[~{~_~]>[O߱R-uԮ];sL4aXCjSe./;#f)\0{O\07nXs~˖-M\r6|7C	aLק?Pl6@&bC:K7ju%\"LթSǔNl߾=}WTqde\0^H}\'z뭷Al~7\0\\Y}^3RO	|H	2>\0R96ǻQIu-ﬦ,%U2\n&AXEt\Z$\Z>x&6l\0Z2%Z,#d0̬ց` ]2lPoY\0\0\rtqroUbM&s#qr`0\0B??7\ṅm9	/p\0ҶQM	ldp1!\nd1dP[Kp%\\gp4e\"# K:m@x`+4 S&MlKU`YAG	%x\n#A=`[@Ǚ vr*$H{cg\'?vb0\r?qʉ;.ҿoaB\r;<PW66\'GffA\08Ŵ\\n0=*2\ZiDȨ&?u	aAuK \0τb4RX\r@\nYY |-9oq\0.m-RQ?THvKˁVH>Į \0(dZs~SM=HRx\Zڸ?ƁZN[4H$$@೉HVsZi׵lvǚQ%FC,b\"-_]Yw5ǁ\"Br*dUua7.*sv\0\\~u?rS9\r`*6rus\0gwLt;3&{3tvdj  p\0)TòdLeiJ\r-fOt򪱍ITAj{%TG\nh0h_=5JKpq~\nrސ3>\'TOniٿyO*KStΜTgn4jH\0*1\0w6nLD\nɪ͂Ε{	#Uabn$^z,P]\0Ro*w+#ƿ6ށ_|!Dmڴ	IPv\ZTUYuM)Ɓe]VGҒh٥>O7-m3(i;!u!e!e;D$H<Ii(뼨)JׯW&DǖMʽ9޸\'{9~pnr`9N%n^)\0Hr	jU}!QJVOo\'OXAML[LW+CG2U	$d$]l~>unٌfN99/z}P7w-C+LQ^ dTK/^-Nڽ	\'hhiŤԳcsS37x8a&q/62t+f\0$wӄT<cI%FxЍMPZ3yD6rC=&rCÌT8Q;gb>H}lKO1i5XvAZp5#䣔t\nsΡN2R®;\0(ssysk<@\'\rc8l2[&g.^ڀˋ3NMcd3w\rSŞrv`z/]Z;<ŷ1AըֳHQ#u3\Zz֖*h\n`}gJ-^/\0]Y;]lf`gűC#	l+_h֓MPImD0َ.1/-jDn[:1Z82GC%ѡK]uv\Z*pO*aȈ;ȎdSY2^ǐd^F~\n-3O^D9]/;{K&TBDŁ\Z.%!B0S:5oK|;,Qj\"_8N\rf#\nKQ5rYSJg۲&@Mj\"CF9`^7eg\\@hi|5rv4mX?Q)\';l\0WwGRfgc1NPzRPX$ld捫Z\'<rgbdjj<z\nKZ~P	ҏ~>GV&w^pjy	\"\r/mԠb\'kbp]V=ߝNG:9\ZLC\rtp/I%[zu&Zr:z\n6hs7Y86켄3C_zyF!93XYvBh2!՜3CoNO\rnG^5\Z\\*O!ĭff^8;5f<\"Viq\"FKFS.H9 YWseTpEreaw95<.rr\nv{\n<1dpTHfB&!oЩWG\0.%ak^0egsAU3MVi=aiMoPm®*2qǻj!}JR⟲ಞ#e\r^|Θ50\0Wm<FπS\'q.Q+^j$cg]ձpbB\\Li\0Yc\\-tKgapa74F4j&XrrNW҃nq)|K՛0\0WK\0{rP-ܪ(^{NsK{\nJS*v)9Y\rX-!0Yn.\0J,\\Ib[<prdRmT\nyjS+%IjZ YhXSrqJMpNR􉷺5jdVhx|1+%5e	1Q8@SA\'m8A\0vrqJMpaMC箽\0*KK5mŪ!eY$tJop!nJy|k\rХyU^CEUlw	һ`m\0FΈG`\0.K[S\0] ٭N\n[]աw\\oFI\'m%\0\\.-U.7W<D\0TV J?pqQ.OZUCk@1\0\\.uE.xp,\n9\0Wzc]rNtj%X5KU\\X[n.Ij.2>AsO	.U/\rxZi	.rT!2e5!HM_pU5\\:ժ5w\rW\r3R]L\r/	t`d].NfK;ߏp[}9T|pso,߃;\0aw*pn?%TpLv;K?JV*M:cS:=uU3@+,iFgi;\0avc0+w\r[7U\r\\:u}\\jsK% y~H.|O~Y$\'[O:+t;)P[pjj^ê!6zh;tbHu\r+pDnWyu:U{pjjd^?=[1&N=Lrb\\VOڂ-S7B-vXL,REc:3]ːj#q!]Ϥ	;%`yg~6W]\\@=>wJ) tRNA\nL@Aa-:\n^Xc\0\\QZ%P@2t}\ZHT`OW7?99EР[EƺY\Z0Zˮ\\=uwN|+HB*w,I^ڕ|؍AʵXHN\'%CTC7wUEJjR)=4Oީmҟ}$KE\Z%	*`z23f\rjM?n:wkߘ4oί|O#6;lzrƺ\"l\0\\>dC5t{bpsu\"\"/*\0+?GF,u]TvhX+l*pϫE\n3~뽡NB.3z`OC;s[7F@vmsGzEU0waĶ@X&\05?5|ukOcF3qׁ)19!sTfJ+KGVp|șɁd\n:\\٧p;Yh_ZJV߆Ly5dWR⏾0_`!]ؾf=1BE2zlBFRɢzQ5sS1_|dYQVر@pq*PSn#S張7yC!vàWAJЃ=tsF{Wm4Apd\rKNx\Zҋ*Ol\rӳCk[X|nMvF$y+K\'h3\'\0=ʩTԹe3Y^?nY\Z,fOώUӉ]!Tq==SJk\n|;W[ɉgG\ZTBgvjY*p:XVMwVx*\'_ã\r-aY\\\"Y8{Ǥ]e.*\Z\"	b~ohp][,e)<6Ş\"ǰGuŃ;ŕ@v(^OOoJݽIwldr*5h˲VfSl*\\C7жKhǏ_O^xsw!=:^,ɩßOTyfX5tr%P1=t;DcXnB+1E|vlX.9/0kM\\@7.s<8}Ds\nyˌg痏>]Q:>71L\'pjլQH([5\Z\\ki1NݡW%?;l!aW^fhů\'.\0[d~Uiekc^d<+m]/\0e:r`?傩*1H .s￩$!2$<?+a׷;V\0˜zq9[`;\"x9b#}6l_qt\\v.U%2k-9Bxq[5\Z\\lo:e=2\ZVj!&ÅJƃ\ZxcZztL(n^FW**6vں׽R0H`]-R`ݽ;zA\0ὰ9nXqQbBcmhwJ6 PWװqsO6u`!MݕtpvGop3H/2аG䅇5txt	ö`<{6&6yxB[!,TFnn\0P\rI(VKcBHK̱lWRV:\n>ۍ+6g\\Y;\\\Z\r.vތLq[~RהyU9g{p1^:LO6&l\'H.׭mP\\Gud=9 y\r	,#~4FL?VL})`.	ڿc=ݿsSqe.s,mg]߶*m6ǣ<Kegwo𚲔\nBK=22T^н6;uˠ҃G*șMٓӇТiX4仮!4f`oZ2kJsų\'t(?><V\'`\0sr?<wqk78g\rG˲9u#fBvԒe`쒯j!KvhЌ΍ HFbM.,uM<\ZٛMGJv1+֓`חfE\nr]0hEF+vLs6h܀4^̱ݫ9~/aewpB׋=A.dXX;MZ\Z5\\r.w/k[$H0;\Z/.o]rKGpB?Z<lR辴ofwsI0u,H[bTs5y?.[˧]f#\0<֯rX\0Ɏ\Zy~Ÿ8˲B2_Hbpqc~oqW//ɜ .UG4ldOwxj:p\nYc[	L\0;cTq-=V/-Y(\\Hvm\'K+xGU&]p=:&wo>WUW:zvm#~޻u_8AON秋mhLcl\nN:2HXlW\\ +Ipk|9`2P.Y5:C\\vjtKdz%=:n\\I/qۅ]\"&VC\"ҼBҩMN9B {bnOwG%m\"\'Y+KF0;\07Z&s+P-+ygw4lcN8lujQE65_7nN0	+D@vqC{+FAKmn07bnݼw̓6QUnk56Q#Gw\";Â]ɩak&uYOom]EVgiD\0.[[2%9v[	c%Rv\n@-ڕ)=I/m7hYf^J(eS/Qefv[+σWtaD%,;/_/:Sa*p.V\r^$xx\\GE^O0%ue~P:yx&*.k#T\0WxU3EtNHpG\Z.YP[ᜈ\\\0\0׽@Y\Zoݜ՛+/(N*dkr<\n&DL\rjC_VW({׃E`\Z	f<VA#^4[϶WZj93mCDboJ%ǻd9ЫCܴ}	a$ʱ!1H	56TħNCEyw}8Q㑋?z\nep\rh\\2\\?OV	\\7UC]/N\rx:e窒\\j~Auia$zxGX\"=%ܾ4NţL%c~P?:`Xx:mJ8g!XOٙ!\0\\=WeHPoӂ=\\3A,	rl0E$Zg|Thuc@.\070z4U[ƁY]7O!խyf%KV	KTC~qTAegp=Z7;,bYE]ỸkebS!\\wK곡\"M\'$+h<7k6-Kړ\n\\v6=͈C6:ځKְƎ(]ðYńbeXy!??\ZGlj\\?asa 6\'UQY+!E6b4<y@gdpɁc>i\'ANa wyz&zp\Z\0\r*#HǴޭXR9--3Yb}<7\0!ypmk;K_awnѾUXW^9%őڃKNE\"(!Y5}	x`$73UD\"U%D5//sPMP7O\n\\94R^#C[nM\Z{Ypf,z\0܎B\'E:\'wbU;pAj!b\\K+8xKxD9\n8lE5I\\=\\;1\r8]8A !o2lXKp1/kdOϧE,-wŀfnd	.$m\ZniO2aBjY\"51p̋Te\\v0͇1UFG+Q̇g,j1#&A m\'B<3*!v-Y%%)e*WQ\Z\'R`F0=hvZ0jiq˪p2bUǸIۋ3CTgv56{T{KSl+%uubx@Y8ZJƉXgpޏyqfpUU(1\n[?Cr]UB%K^u85l(IV\r#QQdթ2侖;ɒD^UtJԋHUK7paNjhM9J6y̰YD֌vRS-v9;JoL\r&?bh~ۅ^׆U&LYpq*ghakAjvg+ٶI܈u%;{K^9hvyЍwsƢxe%BL&0*ʒ|j&~P@ygp}VI8f\rm瞆V\\ԣ{#DETyjgH\0h,/KXsg)\rJ1sdXH ՑIl7޾.<\nl.O!~>51[Tc]A\"e]R\\r5kG(tUm1TJ,A>Z7)$TY*oҥGo\"NRPl;?ZoTgaK\085[\"]${]g~!\0Y~Jl+U09.YnZD5\ZZd\rK{`2vS.k|\nC?L){+u2{+ƲRa?\Zƻ^=\r\\ߟvb\'|c0Zr-\0:G)coAxʋZgS\n\\HkhǴw=>O|ah*V.L,p5g3ُʦcC[۪l*+KyNNAe3AwdV^e|N%ۘt9l!eBzח.{\rgt|`&*F%Y?	R\rt0g$],8.\0cFPYQYX1&ӵ3♖J:M /KzX~^s\r34\0Hg\n&ѡţ#fx\':|,3aC|qtqTq~rF5TT*VJKns9CZ&$2 fr+۩r\0@KhI$1T?%KNO)	..?DP#Yym$l~30\0ª#veL\'\0@\Zpg\rcݼ3>)&i.k񤊐*Ş#WKv01WFdƖjWc``$ z/u\049\"]CI7ϰɬJzy1\nӎ&o&6 <O,5ֺ޺OKpEӃk:Ky\0FLKhv KRE\Z಴	rrYPX^6\')u:$\0W12O\rat\";嵤c[vo\n	d^jhsC]<uZX]Rh	t2Ű\'#Q\rds[<]/C̋cC\ZBF:)BKvPl0^TBvd\\I˅P-P\rH 7\Z)\\(jTz!I#{1\0Lvl|c}ݒdh$5\\)^a]N`$A !5`*=RBC\0ܮT\'pY]^\nY<彔X~KY	@!KDzI^TBCK\Z..qr]ւJw./	RƀK$EzN	5\\<./kԪQDze(N9v5\\vS9奼-p(xٱDsY*^si~\0xY9u\\^p\\K\0\\>Ľdm[q(T\r-#Ϥka\0.Eֆ krڵQ#w`#.띃Ƈz5vL36{[g{.Թ`\08e̗ISL\\vM-|<IKg,\ZZ뭫S:95tp_rc9j߇Gbo,AWwT9)p{.w$%˩5YNكq:+:ړX򞈮{.\rxp C.--hܡIGtqcñZڱw&$!BJLVw8jC`wҹ/F\0\"Zk&wϥ~˭(Ȭl0>RJphY;23pl8s\0]N;pAt;+\0K_zkHzڤnvypJIjRF\0(:Fn`XTvC?m/̈x=֒A_G80ҹL\0.˲=2y:e3`!dLp\0\\v}0Ʋ~@NnxةwP&XH\'\0C9\0\03?9(,\ZE\r@Tl|n[WݷtNe6,\0\\QKv-.\07kPퟝIUI,N\00qXF5nm\'NclOZ	+\0WbmlYyvij:o(FKӃQ[ѣlu8w6W?Eڪ+\0WlN_Ԧ|vI\n󇊀=2ݭmFyz@ucL:a^\r:G:+\0\'z=xj.PΔܐ`-PЯ:3[2Ζ .Nͳ]a}L{x!<!1e½>b10_tx|\0kőq/z`<cRc7vu>SѡM:`ha/[31\\ezqOL.Yge\0v|T:-1ve=`*3Ĳ	)E(y<I}ԢuK!OzENkwUL\nd:5gk	6=Q\\>A{8.2>7綮{#1_*x,uE^Vp_.dX6vIw\\*02cw_C* 3Z>Q[.f_mH)geۺ!tLuݹTy;+Z#\0{v2]Y6Ȝڂj)~/Ȑ\0Gnq81{E:bz472^V<s}g5]zeV.y*%\'	-V<#4`Ҿ1]A+\'iC\r^kl7hאv\'sMK\Zء^NV$vg\n獤isƴڂuOvEVN$|0>+}l^&\\4Lؖa-9L^Ϸ|FƵ|G^*O\"Y\'4Kf48W0A+%ܓqcص!=2@uuXP_ܾ{f+pdD+a⯆Mvh|7Zu]Zm01?g_X5Ydoě3ius,\rU岱!`a\'e;:.\\%}\rvld*alB*jU0336hKt\0tptjqsj\"~	{`T¾2_/@5E;}N#\'?Og_ѡ&a_3Z\r*lQۤ-]оm~t~hQ[)7ʦ__צNf 2Md?VįT+qLZ4:q\0tߧ5Y1Tw`6^Cb|>~ֵe vnJ\\;@;5ncU\r{O*/Cw?|Jlnӧ]\0 X.#G_燁IE7`P͍d܇tfzUmQR#1NMN٪{JPmNv..>i ٠Q\0l+`eUO|\r|-^^\0JnvRSy$^wY[v=u4\0\\qV۩xP%UgmA:D4_hTq*@ E\"z졯Ɔ˯5&M4Tz꺊S>?ݿF%\'L\riA\"HMH\'܀L@ .˜M)o<֍6Β-C\'{	/,`KnֳLo.{Q<_J\n2vF>wi]JmM\\ڍN`K\ZOG|\n!}vTwQ1<\"y\'@Zj\'~u}X	6xI7md:H2m;auUoR,ntWO`ݐ{qZ?v^7,2#Q6v<^M^T@++?Igj>qC_P,SA_=eTʝ\0:/*Ѵ(\nqUU@yuPI7UIhPh).qT_;ͧ%`\novxu-.vv_,YF<~Ţû	D\'md\\19<Xx\r6ﺯ\n`+V50YR<c_ q;Ƞ%T|,\n#o?\"xW[pE\n(##4\02PUl5x\rl@w3<u-K:\\!{sm(K	`)aͯ+v@%2 d,\0e%ɾ%5e!7/W\0ϫ	`--Uv\ru}\ratKULzGօ\Z\ZJT\\A.| )KMvտ|td%iL`wыkt3/Tq(kK\0SF0R͸qP8+VaFC5\0Npy&0}<ӗoRϹw*;sXOϞ=0uNX*p!Ff0$&\\rL]u\"(~2,A9]=Vo.%tCT3H8d\ZgxT˰7!mZsu\0RTLfaka`阛v\\5{dOv3oa/f=XTk>#V\';\"vSb4{GBjxm3N<v`x%3Ne.\0l6$!%hBzNcٹ,<n\0Uz%\\r[G=7	}7.^ӷ_O{P̥i\r,+/\n +\0f/^UtX72W;&\0Ut+(qtŻecfTTvj9{_BRV_ɚu2auI\0.#ɱiRoF,Hs倲=/ cXBBr>qX!]]nZ:96\"Ȉ^+v)KiBoݲɱIaD[ETTWuN5c6}rBbU61<t\\uҚ3tɲ( WcKP[e*\0\0\0\0IENDB`PNG\r\n\Z\n\0\0\0\rIHDR\0\0\0\0\0\0\0\0\0}ĵ\0\07<IDATx}w׶yrg[3;7sccclkl,A$@A$H\"H$\"c9Z w.>tjRw9uwv\'yA-Je*Q:f͚QӦMgz7k޼9jՊkOԶm[~{~_~]>[O߱R-uԮ];sL4aXCjSe./;#f)\0{O\07nXs~˖-M\r6|7C	aLק?Pl6@&bC:K7ju%\"LթSǔNl߾=}WTqde\0^H}\'z뭷Al~7\0\\Y}^3RO	|H	2>\0R96ǻQIu-ﬦ,%U2\n&AXEt\Z$\Z>x&6l\0Z2%Z,#d0̬ց` ]2lPoY\0\0\rtqroUbM&s#qr`0\0B??7\ṅm9	/p\0ҶQM	ldp1!\nd1dP[Kp%\\gp4e\"# K:m@x`+4 S&MlKU`YAG	%x\n#A=`[@Ǚ vr*$H{cg\'?vb0\r?qʉ;.ҿoaB\r;<PW66\'GffA\08Ŵ\\n0=*2\ZiDȨ&?u	aAuK \0τb4RX\r@\nYY |-9oq\0.m-RQ?THvKˁVH>Į \0(dZs~SM=HRx\Zڸ?ƁZN[4H$$@೉HVsZi׵lvǚQ%FC,b\"-_]Yw5ǁ\"Br*dUua7.*sv\0\\~u?rS9\r`*6rus\0gwLt;3&{3tvdj  p\0)TòdLeiJ\r-fOt򪱍ITAj{%TG\nh0h_=5JKpq~\nrސ3>\'TOniٿyO*KStΜTgn4jH\0*1\0w6nLD\nɪ͂Ε{	#Uabn$^z,P]\0Ro*w+#ƿ6ށ_|!Dmڴ	IPv\ZTUYuM)Ɓe]VGҒh٥>O7-m3(i;!u!e!e;D$H<Ii(뼨)JׯW&DǖMʽ9޸\'{9~pnr`9N%n^)\0Hr	jU}!QJVOo\'OXAML[LW+CG2U	$d$]l~>unٌfN99/z}P7w-C+LQ^ dTK/^-Nڽ	\'hhiŤԳcsS37x8a&q/62t+f\0$wӄT<cI%FxЍMPZ3yD6rC=&rCÌT8Q;gb>H}lKO1i5XvAZp5#䣔t\nsΡN2R®;\0(ssysk<@\'\rc8l2[&g.^ڀˋ3NMcd3w\rSŞrv`z/]Z;<ŷ1AըֳHQ#u3\Zz֖*h\n`}gJ-^/\0]Y;]lf`gűC#	l+_h֓MPImD0َ.1/-jDn[:1Z82GC%ѡK]uv\Z*pO*aȈ;ȎdSY2^ǐd^F~\n-3O^D9]/;{K&TBDŁ\Z.%!B0S:5oK|;,Qj\"_8N\rf#\nKQ5rYSJg۲&@Mj\"CF9`^7eg\\@hi|5rv4mX?Q)\';l\0WwGRfgc1NPzRPX$ld捫Z\'<rgbdjj<z\nKZ~P	ҏ~>GV&w^pjy	\"\r/mԠb\'kbp]V=ߝNG:9\ZLC\rtp/I%[zu&Zr:z\n6hs7Y86켄3C_zyF!93XYvBh2!՜3CoNO\rnG^5\Z\\*O!ĭff^8;5f<\"Viq\"FKFS.H9 YWseTpEreaw95<.rr\nv{\n<1dpTHfB&!oЩWG\0.%ak^0egsAU3MVi=aiMoPm®*2qǻj!}JR⟲ಞ#e\r^|Θ50\0Wm<FπS\'q.Q+^j$cg]ձpbB\\Li\0Yc\\-tKgapa74F4j&XrrNW҃nq)|K՛0\0WK\0{rP-ܪ(^{NsK{\nJS*v)9Y\rX-!0Yn.\0J,\\Ib[<prdRmT\nyjS+%IjZ YhXSrqJMpNR􉷺5jdVhx|1+%5e	1Q8@SA\'m8A\0vrqJMpaMC箽\0*KK5mŪ!eY$tJop!nJy|k\rХyU^CEUlw	һ`m\0FΈG`\0.K[S\0] ٭N\n[]աw\\oFI\'m%\0\\.-U.7W<D\0TV J?pqQ.OZUCk@1\0\\.uE.xp,\n9\0Wzc]rNtj%X5KU\\X[n.Ij.2>AsO	.U/\rxZi	.rT!2e5!HM_pU5\\:ժ5w\rW\r3R]L\r/	t`d].NfK;ߏp[}9T|pso,߃;\0aw*pn?%TpLv;K?JV*M:cS:=uU3@+,iFgi;\0avc0+w\r[7U\r\\:u}\\jsK% y~H.|O~Y$\'[O:+t;)P[pjj^ê!6zh;tbHu\r+pDnWyu:U{pjjd^?=[1&N=Lrb\\VOڂ-S7B-vXL,REc:3]ːj#q!]Ϥ	;%`yg~6W]\\@=>wJ) tRNA\nL@Aa-:\n^Xc\0\\QZ%P@2t}\ZHT`OW7?99EР[EƺY\Z0Zˮ\\=uwN|+HB*w,I^ڕ|؍AʵXHN\'%CTC7wUEJjR)=4Oީmҟ}$KE\Z%	*`z23f\rjM?n:wkߘ4oί|O#6;lzrƺ\"l\0\\>dC5t{bpsu\"\"/*\0+?GF,u]TvhX+l*pϫE\n3~뽡NB.3z`OC;s[7F@vmsGzEU0waĶ@X&\05?5|ukOcF3qׁ)19!sTfJ+KGVp|șɁd\n:\\٧p;Yh_ZJV߆Ly5dWR⏾0_`!]ؾf=1BE2zlBFRɢzQ5sS1_|dYQVر@pq*PSn#S張7yC!vàWAJЃ=tsF{Wm4Apd\rKNx\Zҋ*Ol\rӳCk[X|nMvF$y+K\'h3\'\0=ʩTԹe3Y^?nY\Z,fOώUӉ]!Tq==SJk\n|;W[ɉgG\ZTBgvjY*p:XVMwVx*\'_ã\r-aY\\\"Y8{Ǥ]e.*\Z\"	b~ohp][,e)<6Ş\"ǰGuŃ;ŕ@v(^OOoJݽIwldr*5h˲VfSl*\\C7жKhǏ_O^xsw!=:^,ɩßOTyfX5tr%P1=t;DcXnB+1E|vlX.9/0kM\\@7.s<8}Ds\nyˌg痏>]Q:>71L\'pjլQH([5\Z\\ki1NݡW%?;l!aW^fhů\'.\0[d~Uiekc^d<+m]/\0e:r`?傩*1H .s￩$!2$<?+a׷;V\0˜zq9[`;\"x9b#}6l_qt\\v.U%2k-9Bxq[5\Z\\lo:e=2\ZVj!&ÅJƃ\ZxcZztL(n^FW**6vں׽R0H`]-R`ݽ;zA\0ὰ9nXqQbBcmhwJ6 PWװqsO6u`!MݕtpvGop3H/2аG䅇5txt	ö`<{6&6yxB[!,TFnn\0P\rI(VKcBHK̱lWRV:\n>ۍ+6g\\Y;\\\Z\r.vތLq[~RהyU9g{p1^:LO6&l\'H.׭mP\\Gud=9 y\r	,#~4FL?VL})`.	ڿc=ݿsSqe.s,mg]߶*m6ǣ<Kegwo𚲔\nBK=22T^н6;uˠ҃G*șMٓӇТiX4仮!4f`oZ2kJsų\'t(?><V\'`\0sr?<wqk78g\rG˲9u#fBvԒe`쒯j!KvhЌ΍ HFbM.,uM<\ZٛMGJv1+֓`חfE\nr]0hEF+vLs6h܀4^̱ݫ9~/aewpB׋=A.dXX;MZ\Z5\\r.w/k[$H0;\Z/.o]rKGpB?Z<lR辴ofwsI0u,H[bTs5y?.[˧]f#\0<֯rX\0Ɏ\Zy~Ÿ8˲B2_Hbpqc~oqW//ɜ .UG4ldOwxj:p\nYc[	L\0;cTq-=V/-Y(\\Hvm\'K+xGU&]p=:&wo>WUW:zvm#~޻u_8AON秋mhLcl\nN:2HXlW\\ +Ipk|9`2P.Y5:C\\vjtKdz%=:n\\I/qۅ]\"&VC\"ҼBҩMN9B {bnOwG%m\"\'Y+KF0;\07Z&s+P-+ygw4lcN8lujQE65_7nN0	+D@vqC{+FAKmn07bnݼw̓6QUnk56Q#Gw\";Â]ɩak&uYOom]EVgiD\0.[[2%9v[	c%Rv\n@-ڕ)=I/m7hYf^J(eS/Qefv[+σWtaD%,;/_/:Sa*p.V\r^$xx\\GE^O0%ue~P:yx&*.k#T\0WxU3EtNHpG\Z.YP[ᜈ\\\0\0׽@Y\Zoݜ՛+/(N*dkr<\n&DL\rjC_VW({׃E`\Z	f<VA#^4[϶WZj93mCDboJ%ǻd9ЫCܴ}	a$ʱ!1H	56TħNCEyw}8Q㑋?z\nep\rh\\2\\?OV	\\7UC]/N\rx:e窒\\j~Auia$zxGX\"=%ܾ4NţL%c~P?:`Xx:mJ8g!XOٙ!\0\\=WeHPoӂ=\\3A,	rl0E$Zg|Thuc@.\070z4U[ƁY]7O!խyf%KV	KTC~qTAegp=Z7;,bYE]ỸkebS!\\wK곡\"M\'$+h<7k6-Kړ\n\\v6=͈C6:ځKְƎ(]ðYńbeXy!??\ZGlj\\?asa 6\'UQY+!E6b4<y@gdpɁc>i\'ANa wyz&zp\Z\0\r*#HǴޭXR9--3Yb}<7\0!ypmk;K_awnѾUXW^9%őڃKNE\"(!Y5}	x`$73UD\"U%D5//sPMP7O\n\\94R^#C[nM\Z{Ypf,z\0܎B\'E:\'wbU;pAj!b\\K+8xKxD9\n8lE5I\\=\\;1\r8]8A !o2lXKp1/kdOϧE,-wŀfnd	.$m\ZniO2aBjY\"51p̋Te\\v0͇1UFG+Q̇g,j1#&A m\'B<3*!v-Y%%)e*WQ\Z\'R`F0=hvZ0jiq˪p2bUǸIۋ3CTgv56{T{KSl+%uubx@Y8ZJƉXgpޏyqfpUU(1\n[?Cr]UB%K^u85l(IV\r#QQdթ2侖;ɒD^UtJԋHUK7paNjhM9J6y̰YD֌vRS-v9;JoL\r&?bh~ۅ^׆U&LYpq*ghakAjvg+ٶI܈u%;{K^9hvyЍwsƢxe%BL&0*ʒ|j&~P@ygp}VI8f\rm瞆V\\ԣ{#DETyjgH\0h,/KXsg)\rJ1sdXH ՑIl7޾.<\nl.O!~>51[Tc]A\"e]R\\r5kG(tUm1TJ,A>Z7)$TY*oҥGo\"NRPl;?ZoTgaK\085[\"]${]g~!\0Y~Jl+U09.YnZD5\ZZd\rK{`2vS.k|\nC?L){+u2{+ƲRa?\Zƻ^=\r\\ߟvb\'|c0Zr-\0:G)coAxʋZgS\n\\HkhǴw=>O|ah*V.L,p5g3ُʦcC[۪l*+KyNNAe3AwdV^e|N%ۘt9l!eBzח.{\rgt|`&*F%Y?	R\rt0g$],8.\0cFPYQYX1&ӵ3♖J:M /KzX~^s\r34\0Hg\n&ѡţ#fx\':|,3aC|qtqTq~rF5TT*VJKns9CZ&$2 fr+۩r\0@KhI$1T?%KNO)	..?DP#Yym$l~30\0ª#veL\'\0@\Zpg\rcݼ3>)&i.k񤊐*Ş#WKv01WFdƖjWc``$ z/u\049\"]CI7ϰɬJzy1\nӎ&o&6 <O,5ֺ޺OKpEӃk:Ky\0FLKhv KRE\Z಴	rrYPX^6\')u:$\0W12O\rat\";嵤c[vo\n	d^jhsC]<uZX]Rh	t2Ű\'#Q\rds[<]/C̋cC\ZBF:)BKvPl0^TBvd\\I˅P-P\rH 7\Z)\\(jTz!I#{1\0Lvl|c}ݒdh$5\\)^a]N`$A !5`*=RBC\0ܮT\'pY]^\nY<彔X~KY	@!KDzI^TBCK\Z..qr]ւJw./	RƀK$EzN	5\\<./kԪQDze(N9v5\\vS9奼-p(xٱDsY*^si~\0xY9u\\^p\\K\0\\>Ľdm[q(T\r-#Ϥka\0.Eֆ krڵQ#w`#.띃Ƈz5vL36{[g{.Թ`\08e̗ISL\\vM-|<IKg,\ZZ뭫S:95tp_rc9j߇Gbo,AWwT9)p{.w$%˩5YNكq:+:ړX򞈮{.\rxp C.--hܡIGtqcñZڱw&$!BJLVw8jC`wҹ/F\0\"Zk&wϥ~˭(Ȭl0>RJphY;23pl8s\0]N;pAt;+\0K_zkHzڤnvypJIjRF\0(:Fn`XTvC?m/̈x=֒A_G80ҹL\0.˲=2y:e3`!dLp\0\\v}0Ʋ~@NnxةwP&XH\'\0C9\0\03?9(,\ZE\r@Tl|n[WݷtNe6,\0\\QKv-.\07kPퟝIUI,N\00qXF5nm\'NclOZ	+\0WbmlYyvij:o(FKӃQ[ѣlu8w6W?Eڪ+\0WlN_Ԧ|vI\n󇊀=2ݭmFyz@ucL:a^\r:G:+\0\'z=xj.PΔܐ`-PЯ:3[2Ζ .Nͳ]a}L{x!<!1e½>b10_tx|\0kőq/z`<cRc7vu>SѡM:`ha/[31\\ezqOL.Yge\0v|T:-1ve=`*3Ĳ	)E(y<I}ԢuK!OzENkwUL\nd:5gk	6=Q\\>A{8.2>7綮{#1_*x,uE^Vp_.dX6vIw\\*02cw_C* 3Z>Q[.f_mH)geۺ!tLuݹTy;+Z#\0{v2]Y6Ȝڂj)~/Ȑ\0Gnq81{E:bz472^V<s}g5]zeV.y*%\'	-V<#4`Ҿ1]A+\'iC\r^kl7hאv\'sMK\Zء^NV$vg\n獤isƴڂuOvEVN$|0>+}l^&\\4Lؖa-9L^Ϸ|FƵ|G^*O\"Y\'4Kf48W0A+%ܓqcص!=2@uuXP_ܾ{f+pdD+a⯆Mvh|7Zu]Zm01?g_X5Ydoě3ius,\rU岱!`a\'e;:.\\%}\rvld*alB*jU0336hKt\0tptjqsj\"~	{`T¾2_/@5E;}N#\'?Og_ѡ&a_3Z\r*lQۤ-]оm~t~hQ[)7ʦ__צNf 2Md?VįT+qLZ4:q\0tߧ5Y1Tw`6^Cb|>~ֵe vnJ\\;@;5ncU\r{O*/Cw?|Jlnӧ]\0 X.#G_燁IE7`P͍d܇tfzUmQR#1NMN٪{JPmNv..>i ٠Q\0l+`eUO|\r|-^^\0JnvRSy$^wY[v=u4\0\\qV۩xP%UgmA:D4_hTq*@ E\"z졯Ɔ˯5&M4Tz꺊S>?ݿF%\'L\riA\"HMH\'܀L@ .˜M)o<֍6Β-C\'{	/,`KnֳLo.{Q<_J\n2vF>wi]JmM\\ڍN`K\ZOG|\n!}vTwQ1<\"y\'@Zj\'~u}X	6xI7md:H2m;auUoR,ntWO`ݐ{qZ?v^7,2#Q6v<^M^T@++?Igj>qC_P,SA_=eTʝ\0:/*Ѵ(\nqUU@yuPI7UIhPh).qT_;ͧ%`\novxu-.vv_,YF<~Ţû	D\'md\\19<Xx\r6ﺯ\n`+V50YR<c_ q;Ƞ%T|,\n#o?\"xW[pE\n(##4\02PUl5x\rl@w3<u-K:\\!{sm(K	`)aͯ+v@%2 d,\0e%ɾ%5e!7/W\0ϫ	`--Uv\ru}\ratKULzGօ\Z\ZJT\\A.| )KMvտ|td%iL`wыkt3/Tq(kK\0SF0R͸qP8+VaFC5\0Npy&0}<ӗoRϹw*;sXOϞ=0uNX*p!Ff0$&\\rL]u\"(~2,A9]=Vo.%tCT3H8d\ZgxT˰7!mZsu\0RTLfaka`阛v\\5{dOv3oa/f=XTk>#V\';\"vSb4{GBjxm3N<v`x%3Ne.\0l6$!%hBzNcٹ,<n\0Uz%\\r[G=7	}7.^ӷ_O{P̥i\r,+/\n +\0f/^UtX72W;&\0Ut+(qtŻecfTTvj9{_BRV_ɚu2auI\0.#ɱiRoF,Hs倲=/ cXBBr>qX!]]nZ:96\"Ȉ^+v)KiBoݲɱIaD[ETTWuN5c6}rBbU61<t\\uҚ3tɲ( WcKP[e*\0\0\0\0IENDB`'),(53,'almacen1','Alma','Zen','202cb962ac59075b964b07152d234b70',''),(54,'suptest2','suptest2','suptest2','202cb962ac59075b964b07152d234b70',''),(55,'mantest2','mantest2','mantest2','202cb962ac59075b964b07152d234b70',''),(56,'plantest2','plantest2','plantest2','202cb962ac59075b964b07152d234b70',''),(57,'solitest2','solitest2','solitest2','202cb962ac59075b964b07152d234b70',''),(58,'mantenedor1','mantenedor','mantenedor apellido','2dc4e4a6fbeab8a7f828efa9aec7d7ad',''),(59,'serL','ser','led','2dc4e4a6fbeab8a7f828efa9aec7d7ad','');
/*!40000 ALTER TABLE `sisusers` ENABLE KEYS */;
UNLOCK TABLES;

--
-- Table structure for table `solicitud_reparacion`
--

DROP TABLE IF EXISTS `solicitud_reparacion`;
/*!40101 SET @saved_cs_client     = @@character_set_client */;
/*!40101 SET character_set_client = utf8 */;
CREATE TABLE `solicitud_reparacion` (
  `id_solicitud` int(100) NOT NULL AUTO_INCREMENT,
  `numero` int(100) DEFAULT NULL,
  `id_tipo` int(10) DEFAULT NULL,
  `nivel` int(10) DEFAULT NULL,
  `solicitante` varchar(255) COLLATE utf8_spanish_ci NOT NULL,
  `f_solicitado` datetime NOT NULL,
  `f_sugerido` date NOT NULL,
  `hora_sug` time NOT NULL,
  `id_equipo` int(10) NOT NULL,
  `correctivo` int(10) DEFAULT NULL,
  `causa` varchar(500) COLLATE utf8_spanish_ci NOT NULL,
  `observaciones` varchar(255) CHARACTER SET latin1 DEFAULT NULL,
  `estado` varchar(2) CHARACTER SET latin1 NOT NULL,
  `usrId` int(11) NOT NULL,
  `fecha_conformidad` date NOT NULL,
  `observ_conformidad` varchar(255) COLLATE utf8_spanish_ci NOT NULL,
  `foto1` blob,
  `foto2` blob,
  `foto3` blob,
  `foto` varchar(255) COLLATE utf8_spanish_ci DEFAULT NULL,
  `id_empresa` int(11) NOT NULL,
  `case_id` int(11) DEFAULT NULL,
  `urgente` tinyint(1) DEFAULT NULL,
  `sol_adjunto` varchar(400) COLLATE utf8_spanish_ci DEFAULT NULL,
  PRIMARY KEY (`id_solicitud`),
  KEY `id_equipo` (`id_equipo`) USING BTREE
) ENGINE=InnoDB AUTO_INCREMENT=36 DEFAULT CHARSET=utf8 COLLATE=utf8_spanish_ci;
/*!40101 SET character_set_client = @saved_cs_client */;

--
-- Dumping data for table `solicitud_reparacion`
--

LOCK TABLES `solicitud_reparacion` WRITE;
/*!40000 ALTER TABLE `solicitud_reparacion` DISABLE KEYS */;
INSERT INTO `solicitud_reparacion` VALUES (1,NULL,NULL,NULL,'solitest1','2020-04-29 12:00:19','0000-00-00','00:00:00',19,NULL,'Solicitud urgente',NULL,'CE',4,'0000-00-00','',NULL,NULL,NULL,'assets/files/orders/sinImagen.jpg',6,8101,1,NULL),(2,NULL,NULL,NULL,'mantest1','2020-04-29 23:04:41','0000-00-00','00:00:00',3,NULL,'s.s',NULL,'T',1,'0000-00-00','',NULL,NULL,NULL,'assets/files/orders/sinImagen.jpg',6,8112,1,NULL),(3,NULL,NULL,NULL,'suptest1','2020-05-06 11:20:15','0000-00-00','00:00:00',19,NULL,'Probando s.s 06/05',NULL,'AS',2,'0000-00-00','',NULL,NULL,NULL,'assets/files/orders/sinImagen.jpg',6,8130,1,NULL),(4,NULL,NULL,NULL,'solitest1','2020-05-07 21:39:15','0000-00-00','00:00:00',22,NULL,'sin fallas',NULL,'AS',4,'0000-00-00','',NULL,NULL,NULL,'assets/files/orders/sinImagen.jpg',6,8156,1,NULL),(5,NULL,NULL,NULL,'suptest1','2020-05-26 21:50:33','0000-00-00','00:00:00',10,NULL,'prueba con mati',NULL,'AS',2,'0000-00-00','',NULL,NULL,NULL,'assets/files/orders/sinImagen.jpg',6,10006,1,NULL),(6,NULL,NULL,NULL,'suptest1','2020-08-07 17:06:21','0000-00-00','00:00:00',1,NULL,'falla loca',NULL,'T',2,'0000-00-00','',NULL,NULL,NULL,'assets/files/orders/sinImagen.jpg',6,10140,1,NULL),(7,NULL,NULL,NULL,'mantest1','2020-08-10 10:55:05','0000-00-00','00:00:00',15,NULL,'prueba para sim entrega de materiales',NULL,'AS',1,'0000-00-00','',NULL,NULL,NULL,'assets/files/orders/sinImagen.jpg',6,10142,1,NULL),(8,NULL,NULL,NULL,'suptest1','2020-08-10 14:06:11','0000-00-00','00:00:00',16,NULL,'prueba con brave',NULL,'T',2,'0000-00-00','',NULL,NULL,NULL,'assets/files/orders/sinImagen.jpg',6,10148,1,NULL),(9,NULL,NULL,NULL,'suptest1','2020-08-10 14:15:31','0000-00-00','00:00:00',1,NULL,'otra prueba con brave',NULL,'AS',2,'0000-00-00','',NULL,NULL,NULL,'assets/files/orders/sinImagen.jpg',6,10149,1,NULL),(10,NULL,NULL,NULL,'suptest1','2020-08-10 14:21:33','0000-00-00','00:00:00',1,NULL,'tercera falla brave',NULL,'AS',2,'0000-00-00','',NULL,NULL,NULL,'assets/files/orders/sinImagen.jpg',6,10151,1,NULL),(11,NULL,NULL,NULL,'suptest1','2020-08-11 13:14:07','0000-00-00','00:00:00',1,NULL,'sedede',NULL,'AS',2,'0000-00-00','',NULL,NULL,NULL,'assets/files/orders/sinImagen.jpg',6,10163,1,NULL),(12,NULL,NULL,NULL,'suptest1','2020-08-31 15:24:05','0000-00-00','00:00:00',13,NULL,'',NULL,'CN',2,'0000-00-00','',NULL,NULL,NULL,'assets/files/orders/sinImagen.jpg',6,10170,1,NULL),(13,NULL,NULL,NULL,'solitest1','2020-08-31 18:50:17','0000-00-00','00:00:00',1,NULL,'pierde aceite',NULL,'CN',4,'0000-00-00','',NULL,NULL,NULL,'assets/files/orders/sinImagen.jpg',6,10172,1,NULL),(20,NULL,NULL,NULL,'solitest1','2020-09-01 12:21:21','0000-00-00','00:00:00',1,NULL,'falla septiembre',NULL,'S',4,'0000-00-00','',NULL,NULL,NULL,'assets/files/orders/sinImagen.jpg',6,10174,NULL,NULL),(21,NULL,NULL,NULL,'solitest1','2020-09-01 12:38:02','0000-00-00','00:00:00',1,NULL,'prueba1',NULL,'CN',4,'0000-00-00','',NULL,NULL,NULL,'assets/files/orders/sinImagen.jpg',6,10175,1,NULL),(22,NULL,NULL,NULL,'solitest1','2020-09-01 12:39:43','0000-00-00','00:00:00',18,NULL,'prueba2',NULL,'S',4,'0000-00-00','',NULL,NULL,NULL,'assets/files/orders/sinImagen.jpg',6,10176,0,NULL),(23,NULL,NULL,NULL,'suptest1','2020-09-28 10:27:53','0000-00-00','00:00:00',1,NULL,'probando los comentarios',NULL,'S',2,'0000-00-00','',NULL,NULL,NULL,'assets/files/orders/sinImagen.jpg',6,11074,1,'assets/filesSS/23_6_2020-09-28-10-27-54.png'),(24,NULL,NULL,NULL,'solitest1','2020-10-07 14:13:31','0000-00-00','00:00:00',1,NULL,'eliiiiii',NULL,'CE',4,'0000-00-00','',NULL,NULL,NULL,'assets/files/orders/sinImagen.jpg',6,11100,1,NULL),(25,NULL,NULL,NULL,'suptest1','2020-12-01 11:34:26','0000-00-00','00:00:00',18,NULL,'PIERDE REFRIGERANTE',NULL,'S',2,'0000-00-00','',NULL,NULL,NULL,'assets/files/orders/sinImagen.jpg',6,11190,NULL,NULL),(26,NULL,NULL,NULL,'suptest1','2020-12-01 11:36:50','0000-00-00','00:00:00',1,NULL,'nueva s.s diceimbre del 2020',NULL,'PL',2,'0000-00-00','',NULL,NULL,NULL,'assets/files/orders/sinImagen.jpg',6,11191,1,'assets/filesSS/26_6_2020-12-01-11-36-50.png'),(27,NULL,NULL,NULL,'suptest1','2020-12-01 11:37:16','0000-00-00','00:00:00',18,NULL,'OTRA FALLA',NULL,'CN',2,'0000-00-00','',NULL,NULL,NULL,'assets/files/orders/sinImagen.jpg',6,11192,1,'assets/filesSS/27_6_2020-12-01-11-37-16.png'),(28,NULL,NULL,NULL,'solitest1','2020-12-23 09:30:33','0000-00-00','00:00:00',1,NULL,'prueba 2020 diciembre',NULL,'PL',4,'0000-00-00','',NULL,NULL,NULL,'assets/files/orders/sinImagen.jpg',6,11226,1,NULL),(29,NULL,NULL,NULL,'solitest1','2020-12-23 09:54:09','0000-00-00','00:00:00',-1,NULL,'',NULL,'S',4,'0000-00-00','',NULL,NULL,NULL,'assets/files/orders/sinImagen.jpg',6,11227,NULL,NULL),(30,NULL,NULL,NULL,'solitest1','2020-12-23 09:56:46','0000-00-00','00:00:00',1,NULL,'Probando planificación de la solicitud de servicio',NULL,'PL',4,'0000-00-00','',NULL,NULL,NULL,'assets/files/orders/sinImagen.jpg',6,11228,1,NULL),(31,NULL,NULL,NULL,'suptest1','2020-12-23 12:20:45','0000-00-00','00:00:00',13,NULL,'es una falla test HUGO 23-12',NULL,'PL',2,'0000-00-00','',NULL,NULL,NULL,'assets/files/orders/sinImagen.jpg',6,11231,1,NULL),(32,NULL,NULL,NULL,'suptest1','2020-12-23 12:56:31','0000-00-00','00:00:00',1,NULL,'solicitud test HUGO 23-10-2020',NULL,'AS',2,'0000-00-00','',NULL,NULL,NULL,'assets/files/orders/sinImagen.jpg',6,11232,1,NULL),(33,NULL,NULL,NULL,'suptest1','2020-12-29 10:16:28','0000-00-00','00:00:00',1,NULL,'diciembre 202000',NULL,'T',2,'0000-00-00','',NULL,NULL,NULL,'assets/files/orders/sinImagen.jpg',6,11250,1,NULL),(34,NULL,NULL,NULL,'suptest1','2020-12-30 09:48:39','0000-00-00','00:00:00',19,NULL,'Probando sim 29-12-20',NULL,'C',2,'0000-00-00','',NULL,NULL,NULL,'assets/files/orders/sinImagen.jpg',6,11253,1,NULL),(35,NULL,NULL,NULL,'solitest1','2021-06-18 12:33:26','0000-00-00','00:00:00',11,NULL,'Fuga de aceite nivel 03',NULL,'S',4,'0000-00-00','',NULL,NULL,NULL,'assets/files/orders/sinImagen.jpg',6,14020,1,NULL);
/*!40000 ALTER TABLE `solicitud_reparacion` ENABLE KEYS */;
UNLOCK TABLES;

--
-- Table structure for table `sucursal`
--

DROP TABLE IF EXISTS `sucursal`;
/*!40101 SET @saved_cs_client     = @@character_set_client */;
/*!40101 SET character_set_client = utf8 */;
CREATE TABLE `sucursal` (
  `id_sucursal` int(11) NOT NULL AUTO_INCREMENT,
  `dire` varchar(3000) NOT NULL,
  `telefono` varchar(3000) NOT NULL,
  `zonas` varchar(3000) NOT NULL,
  `id_localidad` int(11) NOT NULL,
  `descripc` varchar(3000) NOT NULL,
  `estado` varchar(4) NOT NULL,
  `id_empresa` int(10) NOT NULL,
  PRIMARY KEY (`id_sucursal`)
) ENGINE=InnoDB AUTO_INCREMENT=3 DEFAULT CHARSET=latin1;
/*!40101 SET character_set_client = @saved_cs_client */;

--
-- Dumping data for table `sucursal`
--

LOCK TABLES `sucursal` WRITE;
/*!40000 ALTER TABLE `sucursal` DISABLE KEYS */;
INSERT INTO `sucursal` VALUES (1,'SSSSS','3333','SSSS',0,'SUCURSAL1','AC',6),(2,'aaaaa','aaaaa','aaaa',0,'aaaa','AN',6);
/*!40000 ALTER TABLE `sucursal` ENABLE KEYS */;
UNLOCK TABLES;

--
-- Table structure for table `tareas`
--

DROP TABLE IF EXISTS `tareas`;
/*!40101 SET @saved_cs_client     = @@character_set_client */;
/*!40101 SET character_set_client = utf8 */;
CREATE TABLE `tareas` (
  `id_tarea` int(11) NOT NULL AUTO_INCREMENT,
  `descripcion` varchar(255) CHARACTER SET latin1 NOT NULL,
  `estado` varchar(4) COLLATE utf8_spanish_ci NOT NULL,
  `id_empresa` int(11) NOT NULL,
  `form_asoc` int(11) DEFAULT NULL,
  `visible` tinyint(4) NOT NULL,
  PRIMARY KEY (`id_tarea`)
) ENGINE=InnoDB AUTO_INCREMENT=245 DEFAULT CHARSET=utf8 COLLATE=utf8_spanish_ci;
/*!40101 SET character_set_client = @saved_cs_client */;

--
-- Dumping data for table `tareas`
--

LOCK TABLES `tareas` WRITE;
/*!40000 ALTER TABLE `tareas` DISABLE KEYS */;
INSERT INTO `tareas` VALUES (1,'Limpie el Cuerpo Del Radiador (Utilice Aire Comprimido.)','AC',6,NULL,1),(2,'Limpie las Mangueras y las Conexiones del Radiador.','AC',6,NULL,1),(3,'Cambie Liquido de Refrigerante de Motor (Revise la Mezcla Anticongelante antes de la Epoca Invernal).','AC',6,NULL,1),(4,'Revise la Bomba de Agua','AC',6,NULL,1),(5,'Compruebe el Intercooler y las Mangueras de Conexion.','AC',6,NULL,1),(6,'Drene la Valvula de Purga de Agua del Deposito de Combustible','AC',6,NULL,1),(7,'Cambie el Filtro de Combustible del Motor','AC',6,NULL,1),(8,'Cambie el Respiradero del Deposito de Combustible.','AC',6,NULL,1),(9,'Limpie el Cuerpo del Radiador.','AC',6,NULL,1),(10,'Lubricar Todos los Puntos de Engrase de la Corredera ','AC',6,NULL,1),(11,'Compruebe la Holgura del Carro del Martillo Perforador y el Carril de la Corredera.','AC',6,NULL,1),(12,'Compruebe el Estado de las Mordazas del Centralizador del Retenedor.','AC',6,NULL,1),(13,'Compruebe el Aceite del Engranaje de la Corredera.','AC',6,NULL,1),(14,'Cambie el Aceite del Engranaje de la Corredera.','AC',6,NULL,1),(15,'Cambie los Filtros del Motor','AC',6,NULL,1),(16,'Lubrique los 13 Puntos de Engrase Segun Diagrama.','AC',6,NULL,1),(17,'Compruebe las Soldaduras del Brazo y de la Cuna.','AC',6,NULL,1),(18,'Compruebe los Soportes de los Cilindros ','AC',6,NULL,1),(19,'Apriete los Tornillos de los Pasadores de Expansión de los Cilindros.','AC',6,NULL,1),(20,'Revisar Apriete de las Varillas Tirantes. ','AC',6,NULL,1),(21,'Revisar Presion y Estado de Valvulas y Tapones de Llenado de Acumulacion.','AC',6,NULL,1),(22,'Revisar Apriete de los Tornillos del Acumulador, Motor de Rotación y Tapa Trasera.','AC',6,NULL,1),(23,'Engrase los Ejes de Oscilación y Pasadores del Cilindro de Oscilación.','AC',6,NULL,1),(24,'Compruebe el Estado y la Sujeccion del Cable del Cabrestante.','AC',6,NULL,1),(25,'Compruebe que no Existen Roturas en las Costuras de Soldadura.','AC',6,NULL,1),(26,'Compruebe el Electrolito y las Conexiones de las Baterias.','AC',6,NULL,1),(27,'Inspección: Revisar Desgaste de Correa de Distribución (de ser necesario cambiar). ','AC',6,NULL,1),(28,'Regular Luz de Válvula de Motor (cada 2000hs segun horometro).','AC',6,NULL,1),(29,'Probar la Capacidad de Retención del Freno de Servicio y del Freno de Estacionamiento (procedimiento CAT SMCS - 4251-081; 4267-081).','AC',6,NULL,1),(30,'Inspección: Revisar Anclaje , Desgaste y Fecha de Instalacion del Cinturón de Seguridad (de ser necesario cambie el cinturón de seguridad con mas de tres años o por excesivo desgaste). ','AC',6,NULL,1),(31,'Inspeccion: Revisar Nivel del Liquido Limpiaparabrisas (de ser necesario rellenar).','AC',6,NULL,1),(32,'Lubricar Articulación de Cucharón y Cojinete del Cilindro Cargador (utilizar grasa EP68). ','AC',6,NULL,1),(33,'Inspeccion: Revisar Desgaste en Cuchillas, Cantoneras y Planchas de Desgaste Inferiores (controlar par de apriete en bulones, de ser necesario cambiar).','AC',6,NULL,1),(34,'Lubricar Cojinete del Pivote Inferior y Superior del Cucharon (limpie todas las conexiones de engrase antes de lubricar, utilizar grasa EP68 ).','AC',6,NULL,1),(35,'Inspección: Revisar Desgaste en Puntas del Cucharon (de ser necesario, programar cambiarlo).','AC',6,NULL,1),(36,'Cambiar Aceite de Transmisión (cada 1000hs según horometro, utilizar el aceite SAE10W). ','AC',6,NULL,1),(37,'Inspección: Nivel de Aceite de Transmisión. ','AC',6,NULL,1),(38,'Cambiar Aceite Hidráulico (cada 500hs segun horometro, utilizar aceite hidráulico 68).. ','AC',6,NULL,1),(39,'Inspección: Nivel de Aceite Hidráulico.','AC',6,NULL,1),(40,'Lubricar Estrias de la Columna de Dirección (tener en cuenta 8 puntos de engrase).','AC',6,NULL,1),(41,'Lubricar Rodamiento de la Columna de Dirección (utilizar la grasa EP68).','AC',6,NULL,1),(42,'Inspección: Revisar Corrosion en Terminales y Desgaste o Daño en los Cables (de ser necesario, limpiar bornes de bateria y/o cambiar cables).','AC',6,NULL,1),(43,'Lubricar Cojinetes Superior e Inferior de Articulación (limpie todas las conexiones de engrase antes de lubricar, utilizar grasa EP68).','AC',6,NULL,1),(44,'Limpiar Equipo (utilice aire comprimido).','AC',6,NULL,1),(45,'Cambiar Filtro de Aceite de Motor (1R-1808 ITEM 57874).','AC',6,NULL,1),(46,'Cambiar Aceite de Motor (cada 250 hs según horometro, utilizar aceite 15W40).','AC',6,NULL,1),(47,'Limpiar Tanque de Combustible.','AC',6,NULL,1),(48,'Inspección: Revisar Desgaste de Correa de Distribución (de ser necesario cambiar).','AC',6,NULL,1),(49,'Cambiar Filtro de Aire Primario 245-3818 Item 57871 (cada 250 hs según horometro).','AC',6,NULL,1),(50,'Cambiar Filtro De Aire Secundario  245-3819 Item 57872 (cada 250 hs según horometro).','AC',6,NULL,1),(51,'Cambiar Filtro Separador De Agua Del Sistema De Combustible (cada 250 hs según horometro).','AC',6,NULL,1),(52,'Inspección: Revisar Holgura De La Válvula (cada 1000 hs según horómetro. la holgura debe ser de 0,508 mm).','AC',6,NULL,1),(53,'Limpiar Respiradero Del Carter (utilice disolvente liquido no inflamable).','AC',6,NULL,1),(54,'Limpiar Válvula de Alivio de Tanque Hidráulico (utilice disolvente liquido no inflamable).','AC',6,NULL,1),(55,'Limpiar Rejilla de Aceite de Dirección Piloto (utilice disolvente liquido no inflamable).','AC',6,NULL,1),(56,'Lubricar Cojinetes (Vástago y Cabezal) del Cilindro de Dirección (limpie todas las conexiones de engrase antes de lubricar. utilizar grasa EP68).','AC',6,NULL,1),(57,'Inspección: Revisar Holgura De La Válvula (cada 1000 hs según horómetro. la holgura debe ser de 0,254 mm).','AC',6,NULL,1),(58,'Inspección Visual: Nivel de Aceite de Transmisión (cuando se requiera).','AC',6,NULL,1),(59,'Cambiar Filtro de Aceite de Transmisión (cada 500 hs según horometro).','AC',6,NULL,1),(60,'Limpieza Respiradero (remover barro y suciedad. lavar con líquido limpiador. cada 1000 hs según horometro).','AC',6,NULL,1),(61,'Inspección Visual: Nivel de Aceite del Eje de Mando Delantero.','AC',6,NULL,1),(62,'Lubricar Eje de Mando Delantero (cada 2000 hs según horómetro. utilizar aceite. ver tabla de aceites. capacidad 16 litros).','AC',6,NULL,1),(63,'Inspección Visual: Nivel de Aceite del Eje de Mando Trasero (Tomar lectura de nivel con varilla de medición).','AC',6,NULL,1),(64,'Lubricar Eje de Mando Trasero (cada 2000 hs según horómetro. utilizar aceite. ver tabla de aceites capacidad 16 litros).','AC',6,NULL,1),(65,'Cambiar Aceite de Diferencial Delantero y Trasero (cada 1000 hs según horometro útilizar aceite sae50).','AC',6,NULL,1),(66,'Limpiar Filtro Acondicionador de Aire (utilizar aire comprimido seco, en caso de daños, cambiar. realizar cada 100 hs según horómetro).','AC',6,NULL,1),(67,'Cambiar Filtro Acondicionador de Aire (realizar cada 2000 hs según horómetro).','AC',6,NULL,1),(68,'Inspección: Nivel de Aceite Hidráulico (controlar el nivel por medio del medidor visual. revisar cada 100 hs según horómetro).','AC',6,NULL,1),(69,'Cambiar Aceite Hidráulico (cada 2000 hs según horómetro. utilizar aceite SAE 10w. capacidad 63 litros).','AC',6,NULL,1),(70,'Revisar Presión de Inflado (revisar cada 50 hs según horómetro. la presión de inflado debe ser entre 2,5kg/cm2  a 3,5 kg/cm2).','AC',6,NULL,1),(71,'Inspección Visual: Revisar Estado General de los Neumáticos (controlar que no tengan ningún tipo de daños. revisar cada 50 hs según horómetro).','AC',6,NULL,1),(72,'Revisar el Apriete de los Tornllos de los Cubos de las Ruedas (revisar cada 250 hs. según horómetro. la tensión de apriete  es de 94,5 +/- 10,5 kgm).','AC',6,NULL,1),(73,'Cambiar Aceite de Mandos Finales (cada 1000 hs según horometro utilizar aceite SAE 50).','AC',6,NULL,1),(74,'Limpiar el Equipo (utilice aire comprimido).','AC',6,NULL,1),(75,'Inspección: Comprobar Funcionamiento de Alarma de Retroceso (con el equipo en contacto, active el freno de servicio y coloque marcha en retroceso).','AC',6,NULL,1),(76,'Inspección: Revisar Presencia de Fisuras y Bulones Flojos o Dañados.','AC',6,NULL,1),(77,'Inspección: Comprobar Funcionamiento de las Luces.','AC',6,NULL,1),(78,'Cambiar Aceite de Motor (utilizar aceite 15W40).','AC',6,NULL,1),(80,'Inspección Visual: Controlar Pérdida y Nivel de Aceite Motor (de ser necesario nivelar con aceite 15W40).','AC',6,NULL,1),(81,'Inspección Visual: Controlar Soportes del Motor.','AC',6,NULL,1),(82,'Inspección Visual: Controlar la Tensión de la Cadena.','AC',6,NULL,1),(83,'Presión Según Fabricante.','AC',6,NULL,1),(84,'Inspección Visual de los Neumáticos (control del dibujo de los neumáticos).','AC',6,NULL,1),(85,'Cambiar Filtro de Aceite de Motor ITEM. 51488.','AC',6,NULL,1),(86,'Inspección Visual: Controlar la Tensión de la Correa (utilice medidor de tensión de correa).','AC',6,NULL,1),(87,'Cambiar Filtro de  Aire (primario ITEM 51518).','AC',6,NULL,1),(88,'Cambiar Filtro Separador de Agua del Sistema de Combustible.','AC',6,NULL,1),(89,'Inspección Visual: Controlar Soportes del Motor.','AN',6,NULL,1),(90,'Probar la Capacidad de Retención del Freno de Servicio y del Freno de Estacionamiento.','AC',6,NULL,1),(91,'Inspección Visual: Controlar Pérdida y Nivel de Agua del Radiador.','AC',6,NULL,1),(92,'Cambiar Cartucho Filtro de Aire.','AC',6,NULL,1),(93,'Inspección: Revisar Corrosión en Terminales y Desgaste o Daño en los Cables (de ser necesario, limpiar bornes de bateria y/o cambiar cables).','AC',6,NULL,1),(94,'Inspección: Comprobar Funcionamiento de la Bocina.','AC',6,NULL,1),(95,'Lubricar Movimiento (utilizar grasa EP 62).','AC',6,NULL,1),(96,'Inspeccion Visual: Controlar el Nivel de Aceite del Convertidor.','AC',6,NULL,1),(97,'Inspección Visual: Controlar Manguera.','AC',6,NULL,1),(98,'Limpie el Filtro de Admisión de Aire (se puede limpiar como máximo 6 veces, luego cambiar).','AC',6,NULL,1),(99,'Cambie el Filtro de Admisión de Aire (ITEM. 51549).','AC',6,NULL,1),(100,'Cambie el Cartucho de Filtro de Aire.','AC',6,NULL,1),(101,'Compruebe Juego y Desgaste en Patas de Motor.','AC',6,NULL,1),(102,'Compruebe el Amortiguador de Vibraciones del Cigüeñal.','AC',6,NULL,1),(103,'Revise las Tuberias y Conexiones de la Admisión de Aire.','AC',6,NULL,1),(104,'Cambie el Aceite de Motor (aceite 15W40).','AC',6,NULL,1),(105,'Cambie los Filtros de Aceite (ITEM. 58108).','AC',6,NULL,1),(106,'Sustituya el Elemento del Respiradero del Carter de Motor.','AC',6,NULL,1),(107,'Compruebe las Boquillas del Inyector.','AC',6,NULL,1),(108,'Revise el Sensor de Temperatura.','AC',6,NULL,1),(109,'Compruebe la Holgura de la Cuna.','AC',6,NULL,1),(111,'TEST','AN',6,NULL,1),(112,'Orden y Limpieza','AC',7,NULL,1),(113,'Cambio de Vidrios ','AC',7,NULL,1),(114,'Cambio Asiento  ','AN',7,NULL,1),(115,'Reemplazo de butaca','AC',7,NULL,1),(116,'Regulación de cerradura ','AC',7,NULL,1),(117,'Cambio de Cerradura ','AC',7,NULL,1),(118,'Cambio de Manómetros ','AC',7,NULL,1),(119,'Reemplazo de motores de Rotación de Cabezal ','AC',7,NULL,1),(120,'Reemplazo de cabezal','AC',7,NULL,1),(121,'Regulación Eléctrica de Joysticks ','AC',7,NULL,1),(122,'Regulación Mecánica de Joysticks','AC',7,NULL,1),(123,'Cambio de TIM','AC',7,NULL,1),(124,'Calibración de TIM ','AC',7,NULL,1),(125,'Reparación de Calefacción ','AC',7,NULL,1),(126,'Limpieza  de Filtro Interior de Cabina ','AC',7,NULL,1),(127,'Cambio de Filtro Exterior de Cabina ','AC',7,NULL,1),(128,'Cambio de Filtro Interior de Cabina','AC',7,NULL,1),(129,'Resellado de Cabina ','AC',7,NULL,1),(130,'Cambio de Burletes de Puerta ','AC',7,NULL,1),(131,'Cambio de Puerta de Acceso ','AC',7,NULL,1),(132,'Cambio de Lampara  Luz de cabina ','AC',7,NULL,1),(133,'Cambio de Interruptores en Cabina ','AC',7,NULL,1),(134,'Cambio de Joysticks ','AC',7,NULL,1),(135,'Carga de Gas de A/C ','AC',7,NULL,1),(136,'Chequeo de Sistema de A/C','AC',7,NULL,1),(137,'Cambio de Compresor de A/C ','AC',7,NULL,1),(138,'Cambio de Equipo A/C de Cabina ','AC',7,NULL,1),(139,'Cambio de Escobillas Limpiaparabrisas ','AC',7,NULL,1),(140,'Cambio de Escalera de Acceso ','AC',7,NULL,1),(141,'Reparación de Escalera de Acceso ','AC',7,NULL,1),(142,'Cambio de llave U ','AC',7,NULL,1),(143,'Cambio de Cilindro de Llave U ','AC',7,NULL,1),(144,'Cambio de Goma de Cierre  ','AC',7,NULL,1),(145,'Cambio de Guías de  Teflon Cabezal ','AC',7,NULL,1),(146,'Regulación de Motores de Rotación ','AC',7,NULL,1),(147,'Cambio de Sellos Agua-Aire en Cabezal ','AC',7,NULL,1),(148,'Cambio de Retenes de Cabezal ','AC',7,NULL,1),(149,'Cambio de Sensor de RPM  de Cabezal ','AC',7,NULL,1),(150,'Alineación de Cabezal ','AC',7,NULL,1),(151,'Regulación de Sostenimiento de Cabezal ','AC',7,NULL,1),(152,'Cambio de Luces de Trabajo ','AC',7,NULL,1),(153,'Chequeo de Sistema Eléctrico ','AC',7,NULL,1),(154,'Cambio de Bomba Principal ','AC',7,NULL,1),(155,'Cambio de Bombas Auxiliares ','AC',7,NULL,1),(156,'Cambio de Retenes de Bomba ','AC',7,NULL,1),(157,'Regulación De Bombas ','AC',7,NULL,1),(158,'Cambio de Actuadores de Bomba ','AC',7,NULL,1),(159,'Cambio de Banco de 6 Carretes ','AC',7,NULL,1),(160,'Cambio de Banco de 9 Carretes ','AC',7,NULL,1),(161,'Cambio de Válvulas Pulsar ','AC',7,NULL,1),(162,'Resellado de Banco Principales ','AC',7,NULL,1),(163,'Cambio de Válvulas Diversoras ','AC',7,NULL,1),(164,'Reparación de Válvulas Diversoras ','AC',7,NULL,1),(165,'Reparación de Válvulas de Aceite Caliente ','AC',7,NULL,1),(166,'Reparación de Válvula DR/PR ','AC',7,NULL,1),(167,'Cambio de Válvula Fema ','AC',7,NULL,1),(168,'Cambio de Motor de Traslación ','AC',7,NULL,1),(169,'Cambio de Motor Hidráulico ','AC',7,NULL,1),(170,'Regulación  RPM de ventilador  de Enfriamiento ','AC',7,NULL,1),(171,'Reparación de Fugas Hidráulicas ','AC',7,NULL,1),(172,'Reparación de Válvulas Contrabalance ','AC',7,NULL,1),(173,' Reparación de Válvulas de Sostenimiento','AC',7,NULL,1),(174,'Cambio de Válvulas de Sostenimiento ','AC',7,NULL,1),(175,'Cambio de Cilindro Hidráulico ','AC',7,NULL,1),(176,'Chequeo  de Sistema Hidráulico ','AC',7,NULL,1),(177,'Cambio de Radiador ','AC',7,NULL,1),(178,'Limpieza de Radiador ','AC',7,NULL,1),(179,'Cambio de Termostato ','AC',7,NULL,1),(180,'Cambio de bomba de Agua ','AC',7,NULL,1),(181,'Reparación de Boba de Agua  ','AC',7,NULL,1),(182,'Purgado de Sistema de Iyeccion de Agua ','AC',7,NULL,1),(183,'Reparación de Válvula Check ','AC',7,NULL,1),(184,'Cambio de Válvula Check ','AC',7,NULL,1),(185,'Limpieza de Filtros De Aire ','AC',7,NULL,1),(186,'Cambio de Filtro de Aceite de Motor ','AC',7,NULL,1),(187,'Cambio de Filtro de Aceite Hidráulico ','AC',7,NULL,1),(188,'Cambio de Filtro de Aceite de Compresor ','AC',7,NULL,1),(189,'Cambio de Filtro de Aire ','AC',7,NULL,1),(190,'Cambio de Filtros Colector de Polvo','AC',7,NULL,1),(191,'Limpieza de Filtros Colector de Polvo ','AC',7,NULL,1),(192,'Cambio de Sensores ','AC',7,NULL,1),(193,'Cambio de Arnés ','AC',7,NULL,1),(194,'Calibración de Sensores ','AC',7,NULL,1),(195,'Chequeo Sistema Neumático ','AC',7,NULL,1),(196,'Cambio de Módulos Eléctricos  ','AC',7,NULL,1),(197,'Cambio de Fusibles ','AC',7,NULL,1),(198,'Cambio de Baterías ','AC',7,NULL,1),(199,'Cambio de Presoswitchs ','AC',7,NULL,1),(200,'Cambio de Solenoides ','AC',7,NULL,1),(201,'Limpieza de Sensores','AC',7,NULL,1),(202,'Tensado de Cadenas de Tren Rodante ','AC',7,NULL,1),(203,'Cambio de Rolos Superiores Tren Rodante ','AC',7,NULL,1),(204,'Cambio de Rolos Inferiores Tren Rodante','AC',7,NULL,1),(205,'Cambio de Rueda GuíaTren Rodante  ','AC',7,NULL,1),(206,'Cambio de Mando Final ','AC',7,NULL,1),(207,'Tenzado de Cables de Avance ','AC',7,NULL,1),(208,'Tensado de Cables de Holdback ','AC',7,NULL,1),(209,'Cambio de Poleas Cables de Avance ','AC',7,NULL,1),(210,'Cambio de Sprocket de Holdback ','AC',7,NULL,1),(211,'Cambio de Mangueras Hidráulicas ','AC',7,NULL,1),(212,'Cambio de Mangueras Neumáticas ','AC',7,NULL,1),(213,'Cambio de Vidrios ','AN',7,NULL,1),(214,'Cambio de Guías Metálicas  de Viga ','AC',7,NULL,1),(215,'Cambio de Zapatas de Oruga ','AC',7,NULL,1),(216,'Retorqueo de Zapatas de Orugas ','AC',7,NULL,1),(217,'Recarga de Fluidos ','AC',7,NULL,1),(218,'Cambio de Baterías ','AC',7,NULL,1),(219,'Engrase de Equipo ','AC',7,NULL,1),(220,'Toma de Muestras ','AC',7,NULL,1),(221,'Ejecución de BKL ','AC',7,NULL,1),(222,'Inspección Perforadora 901 ','AC',7,NULL,1),(223,'Inspección Perforadora 903 ','AC',7,NULL,1),(224,'Inspección Perforadora 905 ','AC',7,NULL,1),(225,'Inspección Perforadora 906 ','AC',7,NULL,1),(226,'Regulación de Cmpresor ','AC',7,NULL,1),(227,'Reparación de Válvula UL-88 ','AC',7,NULL,1),(228,'Regulación de Intercambiador de Barras ','AC',7,NULL,1),(229,'Limpieza de Difusor de Grasa de Barras','AC',7,NULL,1),(230,'Limpieza de Mangon de Succión primario ','AC',7,NULL,1),(231,'test 29-01','AN',7,NULL,1),(232,'ATAREAA','AN',6,NULL,1),(233,'LIMPIE EL CUERPO DEL RADIADOR DE AGUA','AC',8,NULL,1),(234,'LIMPIE LAS MANGUERAS Y LAS CONEXIONES DEL RADIADOR.','AC',8,NULL,1),(235,'REVISE LA BOMBA DE AGUA','AC',8,NULL,1),(236,'COMPRUEBE EL INTERCOOLER  Y LAS MANGUERAS DE CONEXIÓN.','AC',8,NULL,1),(237,'LIMPIE EL FILTRO DE ADMISIÓN DE AIRE.','AC',8,NULL,1),(238,'LUBRICAR ARTICULACIÓN DE CUCHARÓN Y COJINETE DEL CILINDRO CARGADOR.','AC',8,NULL,1),(239,'INSPECCIÓN: REVISAR DESGASTE EN CUCHILLAS, CANTONERAS Y PLANCHAS DE DESGASTE INFERIORES.','AC',8,NULL,1),(240,'LUBRICAR COJINETES DEL PIVOTE SUPERIOR E INFERIOR DEL CUCHARÓN.','AC',8,NULL,1),(241,'INSPECCIÓN: REVISAR DESGASTE EN PUNTAS DEL CUCHARÓN.','AC',8,NULL,1),(242,'Inspección de matafuegos - Flota Carguío','AC',6,NULL,0),(243,'Tarea eli','AN',6,NULL,0),(244,'Inspección de Personal','AC',6,NULL,1);
/*!40000 ALTER TABLE `tareas` ENABLE KEYS */;
UNLOCK TABLES;

--
-- Table structure for table `tbl_back`
--

DROP TABLE IF EXISTS `tbl_back`;
/*!40101 SET @saved_cs_client     = @@character_set_client */;
/*!40101 SET character_set_client = utf8 */;
CREATE TABLE `tbl_back` (
  `backId` int(11) NOT NULL AUTO_INCREMENT,
  `id_equipo` int(11) NOT NULL,
  `id_tarea` int(11) DEFAULT NULL,
  `fecha` datetime DEFAULT NULL,
  `horash` float DEFAULT NULL,
  `estado` varchar(5) COLLATE utf8_spanish_ci NOT NULL,
  `back_duracion` int(11) NOT NULL,
  `id_unidad` int(11) DEFAULT NULL,
  `back_canth` int(11) NOT NULL,
  `id_empresa` int(11) NOT NULL,
  `idcomponenteequipo` int(11) DEFAULT NULL,
  `back_adjunto` varchar(500) COLLATE utf8_spanish_ci DEFAULT NULL,
  `sore_id` int(11) DEFAULT NULL,
  `tarea_opcional` varchar(500) COLLATE utf8_spanish_ci DEFAULT NULL,
  PRIMARY KEY (`backId`)
) ENGINE=InnoDB AUTO_INCREMENT=2 DEFAULT CHARSET=utf8 COLLATE=utf8_spanish_ci;
/*!40101 SET character_set_client = @saved_cs_client */;

--
-- Dumping data for table `tbl_back`
--

LOCK TABLES `tbl_back` WRITE;
/*!40000 ALTER TABLE `tbl_back` DISABLE KEYS */;
INSERT INTO `tbl_back` VALUES (1,18,NULL,'2020-09-01 15:40:53',NULL,'B',0,NULL,0,6,NULL,NULL,22,'prueba2');
/*!40000 ALTER TABLE `tbl_back` ENABLE KEYS */;
UNLOCK TABLES;

--
-- Table structure for table `tbl_backlogherramientas`
--

DROP TABLE IF EXISTS `tbl_backlogherramientas`;
/*!40101 SET @saved_cs_client     = @@character_set_client */;
/*!40101 SET character_set_client = utf8 */;
CREATE TABLE `tbl_backlogherramientas` (
  `id` int(11) NOT NULL AUTO_INCREMENT,
  `backId` int(11) DEFAULT NULL,
  `herrId` int(11) DEFAULT NULL,
  `cantidad` double NOT NULL,
  `id_empresa` int(11) NOT NULL,
  PRIMARY KEY (`id`)
) ENGINE=InnoDB DEFAULT CHARSET=utf8 COLLATE=utf8_spanish_ci;
/*!40101 SET character_set_client = @saved_cs_client */;

--
-- Dumping data for table `tbl_backlogherramientas`
--

LOCK TABLES `tbl_backlogherramientas` WRITE;
/*!40000 ALTER TABLE `tbl_backlogherramientas` DISABLE KEYS */;
/*!40000 ALTER TABLE `tbl_backlogherramientas` ENABLE KEYS */;
UNLOCK TABLES;

--
-- Table structure for table `tbl_backloginsumos`
--

DROP TABLE IF EXISTS `tbl_backloginsumos`;
/*!40101 SET @saved_cs_client     = @@character_set_client */;
/*!40101 SET character_set_client = utf8 */;
CREATE TABLE `tbl_backloginsumos` (
  `id` int(11) NOT NULL AUTO_INCREMENT,
  `backId` int(11) DEFAULT NULL,
  `artId` int(11) DEFAULT NULL,
  `cantidad` double NOT NULL,
  `id_empresa` int(11) NOT NULL,
  PRIMARY KEY (`id`)
) ENGINE=InnoDB DEFAULT CHARSET=utf8 COLLATE=utf8_spanish_ci;
/*!40101 SET character_set_client = @saved_cs_client */;

--
-- Dumping data for table `tbl_backloginsumos`
--

LOCK TABLES `tbl_backloginsumos` WRITE;
/*!40000 ALTER TABLE `tbl_backloginsumos` DISABLE KEYS */;
/*!40000 ALTER TABLE `tbl_backloginsumos` ENABLE KEYS */;
UNLOCK TABLES;

--
-- Table structure for table `tbl_detanotapedido`
--

DROP TABLE IF EXISTS `tbl_detanotapedido`;
/*!40101 SET @saved_cs_client     = @@character_set_client */;
/*!40101 SET character_set_client = utf8 */;
CREATE TABLE `tbl_detanotapedido` (
  `id_detaNota` int(11) NOT NULL AUTO_INCREMENT,
  `id_notaPedido` int(11) DEFAULT NULL,
  `artId` int(11) DEFAULT NULL,
  `cantidad` int(11) DEFAULT NULL,
  `provid` int(11) DEFAULT NULL,
  `fechaEntrega` date DEFAULT NULL,
  `fechaEntregado` date DEFAULT NULL,
  `remito` int(11) DEFAULT NULL,
  `estado` varchar(4) COLLATE utf8_spanish_ci DEFAULT NULL,
  PRIMARY KEY (`id_detaNota`),
  KEY `id_notaPedido` (`id_notaPedido`)
) ENGINE=InnoDB DEFAULT CHARSET=utf8 COLLATE=utf8_spanish_ci;
/*!40101 SET character_set_client = @saved_cs_client */;

--
-- Dumping data for table `tbl_detanotapedido`
--

LOCK TABLES `tbl_detanotapedido` WRITE;
/*!40000 ALTER TABLE `tbl_detanotapedido` DISABLE KEYS */;
/*!40000 ALTER TABLE `tbl_detanotapedido` ENABLE KEYS */;
UNLOCK TABLES;

--
-- Table structure for table `tbl_detavaledescarga`
--

DROP TABLE IF EXISTS `tbl_detavaledescarga`;
/*!40101 SET @saved_cs_client     = @@character_set_client */;
/*!40101 SET character_set_client = utf8 */;
CREATE TABLE `tbl_detavaledescarga` (
  `detavaledid` int(11) NOT NULL AUTO_INCREMENT,
  `valedid` int(11) DEFAULT NULL,
  `herrId` int(11) DEFAULT NULL,
  `observa` varchar(255) DEFAULT NULL,
  `dest` varchar(255) DEFAULT NULL,
  `id_empresa` int(11) NOT NULL,
  PRIMARY KEY (`detavaledid`),
  KEY `equipid` (`herrId`) USING BTREE,
  KEY `valedid` (`valedid`) USING BTREE
) ENGINE=InnoDB AUTO_INCREMENT=7 DEFAULT CHARSET=latin1;
/*!40101 SET character_set_client = @saved_cs_client */;

--
-- Dumping data for table `tbl_detavaledescarga`
--

LOCK TABLES `tbl_detavaledescarga` WRITE;
/*!40000 ALTER TABLE `tbl_detavaledescarga` DISABLE KEYS */;
INSERT INTO `tbl_detavaledescarga` VALUES (1,3,10,NULL,NULL,6),(2,4,57,NULL,NULL,6),(3,5,8,NULL,NULL,6),(4,6,179,NULL,NULL,6),(5,7,43,NULL,NULL,6),(6,8,4,NULL,NULL,6);
/*!40000 ALTER TABLE `tbl_detavaledescarga` ENABLE KEYS */;
UNLOCK TABLES;

--
-- Table structure for table `tbl_detavalesalida`
--

DROP TABLE IF EXISTS `tbl_detavalesalida`;
/*!40101 SET @saved_cs_client     = @@character_set_client */;
/*!40101 SET character_set_client = utf8 */;
CREATE TABLE `tbl_detavalesalida` (
  `detavid` int(10) NOT NULL AUTO_INCREMENT,
  `valesid` int(11) DEFAULT NULL,
  `herrId` int(10) DEFAULT NULL,
  `observa` text,
  `dest` varchar(255) DEFAULT NULL,
  `id_empresa` int(11) NOT NULL,
  PRIMARY KEY (`detavid`),
  KEY `equiid` (`herrId`) USING BTREE,
  KEY `valesid` (`valesid`) USING BTREE
) ENGINE=InnoDB AUTO_INCREMENT=16 DEFAULT CHARSET=latin1;
/*!40101 SET character_set_client = @saved_cs_client */;

--
-- Dumping data for table `tbl_detavalesalida`
--

LOCK TABLES `tbl_detavalesalida` WRITE;
/*!40000 ALTER TABLE `tbl_detavalesalida` DISABLE KEYS */;
INSERT INTO `tbl_detavalesalida` VALUES (1,1,4,NULL,NULL,6),(2,2,4,NULL,NULL,6),(4,4,NULL,NULL,NULL,6),(5,5,4,NULL,NULL,6),(6,6,48,NULL,NULL,6),(7,7,4,NULL,NULL,6),(8,8,18,NULL,NULL,6),(10,10,57,NULL,NULL,6),(11,10,NULL,NULL,NULL,6),(12,11,182,NULL,NULL,6),(13,12,NULL,NULL,NULL,6),(14,12,NULL,NULL,NULL,6),(15,13,4,NULL,NULL,6);
/*!40000 ALTER TABLE `tbl_detavalesalida` ENABLE KEYS */;
UNLOCK TABLES;

--
-- Table structure for table `tbl_estado`
--

DROP TABLE IF EXISTS `tbl_estado`;
/*!40101 SET @saved_cs_client     = @@character_set_client */;
/*!40101 SET character_set_client = utf8 */;
CREATE TABLE `tbl_estado` (
  `estadoid` int(11) NOT NULL AUTO_INCREMENT,
  `descripcion` varchar(3000) COLLATE utf8_spanish_ci NOT NULL,
  `estado` varchar(5) COLLATE utf8_spanish_ci NOT NULL,
  PRIMARY KEY (`estadoid`)
) ENGINE=InnoDB AUTO_INCREMENT=18 DEFAULT CHARSET=utf8 COLLATE=utf8_spanish_ci;
/*!40101 SET character_set_client = @saved_cs_client */;

--
-- Dumping data for table `tbl_estado`
--

LOCK TABLES `tbl_estado` WRITE;
/*!40000 ALTER TABLE `tbl_estado` DISABLE KEYS */;
INSERT INTO `tbl_estado` VALUES (1,'ACTIVO','AC'),(2,'TRANSITO','TR'),(3,'REPARACION','RE'),(4,'COMODATO','CO'),(5,'CURSO','C'),(6,'INACTIVO','IN'),(7,'SOLICITADO','S'),(8,'TAREA REALIZADA','RE'),(9,'TERMINADO PARCIAL','TE'),(10,'TERMINADO','T'),(11,'ENTREGADO','E'),(12,'PEDIDO','P'),(13,'ASIGNADO','As'),(14,'ANULADO','AN'),(15,'BORRADOR','B'),(16,'CERRADO','CE'),(17,'PLANIFICADO','PL');
/*!40000 ALTER TABLE `tbl_estado` ENABLE KEYS */;
UNLOCK TABLES;

--
-- Table structure for table `tbl_estanteria`
--

DROP TABLE IF EXISTS `tbl_estanteria`;
/*!40101 SET @saved_cs_client     = @@character_set_client */;
/*!40101 SET character_set_client = utf8 */;
CREATE TABLE `tbl_estanteria` (
  `id_estanteria` int(11) NOT NULL AUTO_INCREMENT,
  `descripcion` varchar(50) COLLATE utf8_spanish_ci DEFAULT NULL,
  `fila` varchar(20) COLLATE utf8_spanish_ci DEFAULT NULL,
  `codigo` varchar(255) COLLATE utf8_spanish_ci NOT NULL,
  `id_empresa` int(11) NOT NULL,
  PRIMARY KEY (`id_estanteria`)
) ENGINE=InnoDB AUTO_INCREMENT=11 DEFAULT CHARSET=utf8 COLLATE=utf8_spanish_ci;
/*!40101 SET character_set_client = @saved_cs_client */;

--
-- Dumping data for table `tbl_estanteria`
--

LOCK TABLES `tbl_estanteria` WRITE;
/*!40000 ALTER TABLE `tbl_estanteria` DISABLE KEYS */;
INSERT INTO `tbl_estanteria` VALUES (1,'estanteria 1','1','dd1',6),(2,'estanteria 2','1','dd2',6),(3,'estanteria 3','1','dd3',6),(4,'estanteria 4','1','dd4',6),(5,'estanteria 5','1','d5',6),(6,'Estantería de prueba 01','12','ESTANTERIA TEST 01',6),(7,'','6','E1 ',7),(8,'','p','000',6),(9,'','','',6),(10,'','','',6);
/*!40000 ALTER TABLE `tbl_estanteria` ENABLE KEYS */;
UNLOCK TABLES;

--
-- Table structure for table `tbl_listarea`
--

DROP TABLE IF EXISTS `tbl_listarea`;
/*!40101 SET @saved_cs_client     = @@character_set_client */;
/*!40101 SET character_set_client = utf8 */;
CREATE TABLE `tbl_listarea` (
  `id_listarea` int(11) NOT NULL AUTO_INCREMENT,
  `id_orden` int(11) NOT NULL,
  `tareadescrip` varchar(5000) COLLATE utf8_spanish_ci NOT NULL,
  `id_usuario` int(11) DEFAULT NULL,
  `fecha` date DEFAULT NULL,
  `estado` varchar(5) COLLATE utf8_spanish_ci NOT NULL,
  `info_id` int(11) DEFAULT NULL,
  `id_subtarea` int(11) DEFAULT NULL,
  PRIMARY KEY (`id_listarea`)
) ENGINE=InnoDB AUTO_INCREMENT=12 DEFAULT CHARSET=utf8 COLLATE=utf8_spanish_ci;
/*!40101 SET character_set_client = @saved_cs_client */;

--
-- Dumping data for table `tbl_listarea`
--

LOCK TABLES `tbl_listarea` WRITE;
/*!40000 ALTER TABLE `tbl_listarea` DISABLE KEYS */;
INSERT INTO `tbl_listarea` VALUES (1,43,'',NULL,NULL,'T',1,1),(2,43,'',NULL,NULL,'T',2,2),(3,43,'',NULL,NULL,'T',3,3),(4,6,'Inspección de Personal',NULL,'2019-11-19','T',4,4),(5,6,'Inspección de Personal',NULL,'2019-11-19','T',5,4),(6,6,'Inspección de Personal',NULL,'2019-11-19','T',6,4),(7,6,'Informe de Calidad del Sector',NULL,'2019-11-19','T',7,5),(8,20,'Inspección de Personal',NULL,'2020-01-09','T',8,4),(9,20,'Informe de Calidad del Sector',NULL,'2020-01-09','T',9,5),(10,203,'Inspección de Personal',NULL,'2020-01-09','AC',10,4),(11,203,'Informe de Calidad del Sector',NULL,'2020-01-09','AC',11,5);
/*!40000 ALTER TABLE `tbl_listarea` ENABLE KEYS */;
UNLOCK TABLES;

--
-- Table structure for table `tbl_lote`
--

DROP TABLE IF EXISTS `tbl_lote`;
/*!40101 SET @saved_cs_client     = @@character_set_client */;
/*!40101 SET character_set_client = utf8 */;
CREATE TABLE `tbl_lote` (
  `loteid` int(11) NOT NULL AUTO_INCREMENT,
  `codigo` varchar(255) DEFAULT NULL,
  `fecha` date DEFAULT NULL,
  `cantidad` varchar(255) DEFAULT NULL,
  `artId` int(11) DEFAULT NULL,
  `lotestado` char(4) DEFAULT NULL,
  `depositoid` int(11) DEFAULT NULL,
  `usrId` int(11) DEFAULT NULL,
  `id_empresa` int(11) NOT NULL,
  PRIMARY KEY (`loteid`),
  KEY `depositoid` (`depositoid`),
  KEY `artId` (`artId`)
) ENGINE=InnoDB DEFAULT CHARSET=latin1;
/*!40101 SET character_set_client = @saved_cs_client */;

--
-- Dumping data for table `tbl_lote`
--

LOCK TABLES `tbl_lote` WRITE;
/*!40000 ALTER TABLE `tbl_lote` DISABLE KEYS */;
/*!40000 ALTER TABLE `tbl_lote` ENABLE KEYS */;
UNLOCK TABLES;

--
-- Table structure for table `tbl_notapedido`
--

DROP TABLE IF EXISTS `tbl_notapedido`;
/*!40101 SET @saved_cs_client     = @@character_set_client */;
/*!40101 SET character_set_client = utf8 */;
CREATE TABLE `tbl_notapedido` (
  `id_notaPedido` int(11) NOT NULL AUTO_INCREMENT,
  `fecha` date NOT NULL,
  `id_ordTrabajo` int(11) NOT NULL,
  `id_empresa` int(11) DEFAULT NULL,
  PRIMARY KEY (`id_notaPedido`)
) ENGINE=InnoDB DEFAULT CHARSET=utf8 COLLATE=utf8_spanish_ci;
/*!40101 SET character_set_client = @saved_cs_client */;

--
-- Dumping data for table `tbl_notapedido`
--

LOCK TABLES `tbl_notapedido` WRITE;
/*!40000 ALTER TABLE `tbl_notapedido` DISABLE KEYS */;
/*!40000 ALTER TABLE `tbl_notapedido` ENABLE KEYS */;
UNLOCK TABLES;

--
-- Table structure for table `tbl_otadjuntos`
--

DROP TABLE IF EXISTS `tbl_otadjuntos`;
/*!40101 SET @saved_cs_client     = @@character_set_client */;
/*!40101 SET character_set_client = utf8 */;
CREATE TABLE `tbl_otadjuntos` (
  `id` int(11) NOT NULL AUTO_INCREMENT,
  `otId` int(11) NOT NULL,
  `ot_adjunto` varchar(255) COLLATE utf8_spanish_ci NOT NULL,
  PRIMARY KEY (`id`)
) ENGINE=InnoDB DEFAULT CHARSET=utf8 COLLATE=utf8_spanish_ci;
/*!40101 SET character_set_client = @saved_cs_client */;

--
-- Dumping data for table `tbl_otadjuntos`
--

LOCK TABLES `tbl_otadjuntos` WRITE;
/*!40000 ALTER TABLE `tbl_otadjuntos` DISABLE KEYS */;
/*!40000 ALTER TABLE `tbl_otadjuntos` ENABLE KEYS */;
UNLOCK TABLES;

--
-- Table structure for table `tbl_otherramientas`
--

DROP TABLE IF EXISTS `tbl_otherramientas`;
/*!40101 SET @saved_cs_client     = @@character_set_client */;
/*!40101 SET character_set_client = utf8 */;
CREATE TABLE `tbl_otherramientas` (
  `id` int(11) NOT NULL AUTO_INCREMENT,
  `otId` int(11) DEFAULT NULL,
  `herrId` int(11) DEFAULT NULL,
  `cantidad` double NOT NULL,
  `id_empresa` int(11) NOT NULL,
  PRIMARY KEY (`id`)
) ENGINE=InnoDB AUTO_INCREMENT=145 DEFAULT CHARSET=utf8 COLLATE=utf8_spanish_ci;
/*!40101 SET character_set_client = @saved_cs_client */;

--
-- Dumping data for table `tbl_otherramientas`
--

LOCK TABLES `tbl_otherramientas` WRITE;
/*!40000 ALTER TABLE `tbl_otherramientas` DISABLE KEYS */;
INSERT INTO `tbl_otherramientas` VALUES (1,3,15,1,6),(2,3,8,2,6),(3,3,41,2,6),(4,10,37,2,6),(5,11,86,3,6),(6,12,91,1,6),(7,13,31,2,6),(8,14,177,1,6),(9,17,177,3,6),(10,18,181,2,6),(11,20,179,2,6),(12,28,65,1,6),(13,35,64,2,6),(14,45,55,1,6),(15,46,55,1,6),(16,47,55,1,6),(17,48,55,1,6),(18,49,55,1,6),(19,50,55,1,6),(20,51,55,1,6),(21,52,55,1,6),(22,53,55,1,6),(23,54,55,1,6),(24,55,55,1,6),(25,56,55,1,6),(26,57,55,1,6),(27,58,55,1,6),(28,59,55,1,6),(29,60,55,1,6),(30,61,55,1,6),(31,62,55,1,6),(32,63,55,1,6),(33,64,55,1,6),(34,65,55,1,6),(35,66,55,1,6),(36,67,55,1,6),(37,68,55,1,6),(38,69,55,1,6),(39,70,55,1,6),(40,71,55,1,6),(41,72,55,1,6),(42,73,55,1,6),(43,74,55,1,6),(44,75,55,1,6),(45,76,55,1,6),(46,77,55,1,6),(47,78,55,1,6),(48,79,55,1,6),(49,80,55,1,6),(50,81,55,1,6),(51,82,55,1,6),(52,83,55,1,6),(53,84,55,1,6),(54,85,55,1,6),(55,86,55,1,6),(56,87,55,1,6),(57,88,55,1,6),(58,89,55,1,6),(59,90,55,1,6),(60,91,55,1,6),(61,92,55,1,6),(62,93,55,1,6),(63,94,55,1,6),(64,95,55,1,6),(65,96,55,1,6),(66,97,55,1,6),(67,98,55,1,6),(68,99,55,1,6),(69,100,55,1,6),(70,101,55,1,6),(71,102,55,1,6),(72,103,55,1,6),(73,104,55,1,6),(74,105,55,1,6),(75,106,55,1,6),(76,107,55,1,6),(77,108,55,1,6),(78,109,55,1,6),(79,110,55,1,6),(80,111,55,1,6),(81,112,55,1,6),(82,113,55,1,6),(83,114,55,1,6),(84,115,55,1,6),(85,116,55,1,6),(86,117,55,1,6),(87,118,55,1,6),(88,119,55,1,6),(89,120,55,1,6),(90,121,55,1,6),(91,122,55,1,6),(92,123,55,1,6),(93,124,55,1,6),(94,125,55,1,6),(95,126,55,1,6),(96,127,55,1,6),(97,128,55,1,6),(98,129,55,1,6),(99,130,55,1,6),(100,131,55,1,6),(101,132,55,1,6),(102,133,55,1,6),(103,134,55,1,6),(104,135,55,1,6),(105,136,55,1,6),(106,137,55,1,6),(107,138,55,1,6),(108,139,55,1,6),(109,140,55,1,6),(110,141,55,1,6),(111,142,55,1,6),(112,143,55,1,6),(113,144,55,1,6),(114,145,55,1,6),(115,146,55,1,6),(116,147,55,1,6),(117,148,55,1,6),(118,149,55,1,6),(119,150,55,1,6),(120,151,55,1,6),(121,152,55,1,6),(122,153,55,1,6),(123,154,55,1,6),(124,155,55,1,6),(125,156,55,1,6),(126,157,55,1,6),(127,158,55,1,6),(128,159,55,1,6),(129,160,55,1,6),(130,161,55,1,6),(131,162,55,1,6),(132,163,55,1,6),(133,164,55,1,6),(134,165,55,1,6),(135,166,55,1,6),(136,167,55,1,6),(137,199,8,1,6),(138,200,86,1,6),(139,201,77,1,6),(140,202,86,1,6),(141,203,34,2,6),(142,234,4,2,6),(143,235,181,2,6),(144,236,63,1,6);
/*!40000 ALTER TABLE `tbl_otherramientas` ENABLE KEYS */;
UNLOCK TABLES;

--
-- Table structure for table `tbl_otinsumos`
--

DROP TABLE IF EXISTS `tbl_otinsumos`;
/*!40101 SET @saved_cs_client     = @@character_set_client */;
/*!40101 SET character_set_client = utf8 */;
CREATE TABLE `tbl_otinsumos` (
  `id` int(11) NOT NULL AUTO_INCREMENT,
  `otId` int(11) DEFAULT NULL,
  `artId` int(11) DEFAULT NULL,
  `cantidad` double NOT NULL,
  `id_empresa` int(11) NOT NULL,
  PRIMARY KEY (`id`)
) ENGINE=InnoDB AUTO_INCREMENT=142 DEFAULT CHARSET=utf8 COLLATE=utf8_spanish_ci;
/*!40101 SET character_set_client = @saved_cs_client */;

--
-- Dumping data for table `tbl_otinsumos`
--

LOCK TABLES `tbl_otinsumos` WRITE;
/*!40000 ALTER TABLE `tbl_otinsumos` DISABLE KEYS */;
INSERT INTO `tbl_otinsumos` VALUES (1,2,376,50,6),(2,3,93,4,6),(3,10,141,2,6),(4,11,40,1,6),(5,12,40,2,6),(6,13,145,2,6),(7,15,368,1,6),(8,16,93,1,6),(9,17,145,1,6),(10,18,145,2,6),(11,19,376,1,6),(12,35,93,2,6),(13,45,93,2,6),(14,46,93,2,6),(15,47,93,2,6),(16,48,93,2,6),(17,49,93,2,6),(18,50,93,2,6),(19,51,93,2,6),(20,52,93,2,6),(21,53,93,2,6),(22,54,93,2,6),(23,55,93,2,6),(24,56,93,2,6),(25,57,93,2,6),(26,58,93,2,6),(27,59,93,2,6),(28,60,93,2,6),(29,61,93,2,6),(30,62,93,2,6),(31,63,93,2,6),(32,64,93,2,6),(33,65,93,2,6),(34,66,93,2,6),(35,67,93,2,6),(36,68,93,2,6),(37,69,93,2,6),(38,70,93,2,6),(39,71,93,2,6),(40,72,93,2,6),(41,73,93,2,6),(42,74,93,2,6),(43,75,93,2,6),(44,76,93,2,6),(45,77,93,2,6),(46,78,93,2,6),(47,79,93,2,6),(48,80,93,2,6),(49,81,93,2,6),(50,82,93,2,6),(51,83,93,2,6),(52,84,93,2,6),(53,85,93,2,6),(54,86,93,2,6),(55,87,93,2,6),(56,88,93,2,6),(57,89,93,2,6),(58,90,93,2,6),(59,91,93,2,6),(60,92,93,2,6),(61,93,93,2,6),(62,94,93,2,6),(63,95,93,2,6),(64,96,93,2,6),(65,97,93,2,6),(66,98,93,2,6),(67,99,93,2,6),(68,100,93,2,6),(69,101,93,2,6),(70,102,93,2,6),(71,103,93,2,6),(72,104,93,2,6),(73,105,93,2,6),(74,106,93,2,6),(75,107,93,2,6),(76,108,93,2,6),(77,109,93,2,6),(78,110,93,2,6),(79,111,93,2,6),(80,112,93,2,6),(81,113,93,2,6),(82,114,93,2,6),(83,115,93,2,6),(84,116,93,2,6),(85,117,93,2,6),(86,118,93,2,6),(87,119,93,2,6),(88,120,93,2,6),(89,121,93,2,6),(90,122,93,2,6),(91,123,93,2,6),(92,124,93,2,6),(93,125,93,2,6),(94,126,93,2,6),(95,127,93,2,6),(96,128,93,2,6),(97,129,93,2,6),(98,130,93,2,6),(99,131,93,2,6),(100,132,93,2,6),(101,133,93,2,6),(102,134,93,2,6),(103,135,93,2,6),(104,136,93,2,6),(105,137,93,2,6),(106,138,93,2,6),(107,139,93,2,6),(108,140,93,2,6),(109,141,93,2,6),(110,142,93,2,6),(111,143,93,2,6),(112,144,93,2,6),(113,145,93,2,6),(114,146,93,2,6),(115,147,93,2,6),(116,148,93,2,6),(117,149,93,2,6),(118,150,93,2,6),(119,151,93,2,6),(120,152,93,2,6),(121,153,93,2,6),(122,154,93,2,6),(123,155,93,2,6),(124,156,93,2,6),(125,157,93,2,6),(126,158,93,2,6),(127,159,93,2,6),(128,160,93,2,6),(129,161,93,2,6),(130,162,93,2,6),(131,163,93,2,6),(132,164,93,2,6),(133,165,93,2,6),(134,166,93,2,6),(135,167,93,2,6),(136,203,69,1,6),(137,221,371,100,6),(138,222,371,100,6),(139,223,371,100,6),(140,234,81,2,6),(141,236,33,1,6);
/*!40000 ALTER TABLE `tbl_otinsumos` ENABLE KEYS */;
UNLOCK TABLES;

--
-- Table structure for table `tbl_predictivoherramientas`
--

DROP TABLE IF EXISTS `tbl_predictivoherramientas`;
/*!40101 SET @saved_cs_client     = @@character_set_client */;
/*!40101 SET character_set_client = utf8 */;
CREATE TABLE `tbl_predictivoherramientas` (
  `id` int(11) NOT NULL AUTO_INCREMENT,
  `predId` int(11) DEFAULT NULL,
  `herrId` int(11) DEFAULT NULL,
  `cantidad` double NOT NULL,
  `id_empresa` int(11) NOT NULL,
  PRIMARY KEY (`id`)
) ENGINE=InnoDB DEFAULT CHARSET=utf8 COLLATE=utf8_spanish_ci;
/*!40101 SET character_set_client = @saved_cs_client */;

--
-- Dumping data for table `tbl_predictivoherramientas`
--

LOCK TABLES `tbl_predictivoherramientas` WRITE;
/*!40000 ALTER TABLE `tbl_predictivoherramientas` DISABLE KEYS */;
/*!40000 ALTER TABLE `tbl_predictivoherramientas` ENABLE KEYS */;
UNLOCK TABLES;

--
-- Table structure for table `tbl_predictivoinsumos`
--

DROP TABLE IF EXISTS `tbl_predictivoinsumos`;
/*!40101 SET @saved_cs_client     = @@character_set_client */;
/*!40101 SET character_set_client = utf8 */;
CREATE TABLE `tbl_predictivoinsumos` (
  `id` int(11) NOT NULL AUTO_INCREMENT,
  `predId` int(11) DEFAULT NULL,
  `artId` int(11) DEFAULT NULL,
  `cantidad` double NOT NULL,
  `id_empresa` int(11) NOT NULL,
  PRIMARY KEY (`id`)
) ENGINE=InnoDB DEFAULT CHARSET=utf8 COLLATE=utf8_spanish_ci;
/*!40101 SET character_set_client = @saved_cs_client */;

--
-- Dumping data for table `tbl_predictivoinsumos`
--

LOCK TABLES `tbl_predictivoinsumos` WRITE;
/*!40000 ALTER TABLE `tbl_predictivoinsumos` DISABLE KEYS */;
/*!40000 ALTER TABLE `tbl_predictivoinsumos` ENABLE KEYS */;
UNLOCK TABLES;

--
-- Table structure for table `tbl_preventivoherramientas`
--

DROP TABLE IF EXISTS `tbl_preventivoherramientas`;
/*!40101 SET @saved_cs_client     = @@character_set_client */;
/*!40101 SET character_set_client = utf8 */;
CREATE TABLE `tbl_preventivoherramientas` (
  `id` int(11) NOT NULL AUTO_INCREMENT,
  `prevId` int(11) DEFAULT NULL,
  `herrId` int(11) DEFAULT NULL,
  `cantidad` double NOT NULL,
  `id_empresa` int(11) NOT NULL,
  PRIMARY KEY (`id`),
  KEY `prevId` (`prevId`) USING BTREE,
  KEY `tbl_preventivoherramientas_ibfk_2` (`herrId`) USING BTREE
) ENGINE=InnoDB AUTO_INCREMENT=9 DEFAULT CHARSET=latin1;
/*!40101 SET character_set_client = @saved_cs_client */;

--
-- Dumping data for table `tbl_preventivoherramientas`
--

LOCK TABLES `tbl_preventivoherramientas` WRITE;
/*!40000 ALTER TABLE `tbl_preventivoherramientas` DISABLE KEYS */;
INSERT INTO `tbl_preventivoherramientas` VALUES (1,1,15,1,6),(2,1,8,2,6),(3,2,65,1,6),(4,16,43,4,6),(5,17,179,1,6),(6,18,57,1,6),(7,1,41,2,6),(8,5,55,1,6);
/*!40000 ALTER TABLE `tbl_preventivoherramientas` ENABLE KEYS */;
UNLOCK TABLES;

--
-- Table structure for table `tbl_preventivoinsumos`
--

DROP TABLE IF EXISTS `tbl_preventivoinsumos`;
/*!40101 SET @saved_cs_client     = @@character_set_client */;
/*!40101 SET character_set_client = utf8 */;
CREATE TABLE `tbl_preventivoinsumos` (
  `id` int(11) NOT NULL AUTO_INCREMENT,
  `prevId` int(11) DEFAULT NULL,
  `artId` int(11) DEFAULT NULL,
  `cantidad` double NOT NULL,
  `id_empresa` int(11) NOT NULL,
  PRIMARY KEY (`id`),
  KEY `prevId` (`prevId`),
  KEY `artId` (`artId`)
) ENGINE=InnoDB AUTO_INCREMENT=3 DEFAULT CHARSET=latin1;
/*!40101 SET character_set_client = @saved_cs_client */;

--
-- Dumping data for table `tbl_preventivoinsumos`
--

LOCK TABLES `tbl_preventivoinsumos` WRITE;
/*!40000 ALTER TABLE `tbl_preventivoinsumos` DISABLE KEYS */;
INSERT INTO `tbl_preventivoinsumos` VALUES (1,1,93,4,6),(2,5,93,2,6);
/*!40000 ALTER TABLE `tbl_preventivoinsumos` ENABLE KEYS */;
UNLOCK TABLES;

--
-- Table structure for table `tbl_tipoordentrabajo`
--

DROP TABLE IF EXISTS `tbl_tipoordentrabajo`;
/*!40101 SET @saved_cs_client     = @@character_set_client */;
/*!40101 SET character_set_client = utf8 */;
CREATE TABLE `tbl_tipoordentrabajo` (
  `id` int(11) NOT NULL AUTO_INCREMENT,
  `tipo_orden` int(11) NOT NULL,
  `descripcion` varchar(50) CHARACTER SET utf8 COLLATE utf8_spanish_ci NOT NULL,
  PRIMARY KEY (`id`)
) ENGINE=InnoDB AUTO_INCREMENT=7 DEFAULT CHARSET=latin1;
/*!40101 SET character_set_client = @saved_cs_client */;

--
-- Dumping data for table `tbl_tipoordentrabajo`
--

LOCK TABLES `tbl_tipoordentrabajo` WRITE;
/*!40000 ALTER TABLE `tbl_tipoordentrabajo` DISABLE KEYS */;
INSERT INTO `tbl_tipoordentrabajo` VALUES (1,1,'Orden de Trabajo'),(2,2,'Solicitud de servicio'),(3,3,'Preventivo'),(4,4,'Backlog'),(5,5,'Predictivo'),(6,6,'Correctivo Programado');
/*!40000 ALTER TABLE `tbl_tipoordentrabajo` ENABLE KEYS */;
UNLOCK TABLES;

--
-- Table structure for table `tbl_trazacomponente`
--

DROP TABLE IF EXISTS `tbl_trazacomponente`;
/*!40101 SET @saved_cs_client     = @@character_set_client */;
/*!40101 SET character_set_client = utf8 */;
CREATE TABLE `tbl_trazacomponente` (
  `id_trazacomponente` int(11) NOT NULL AUTO_INCREMENT,
  `idcomponenteequipo` int(11) NOT NULL,
  `id_estanteria` int(11) DEFAULT NULL,
  `fila` int(11) DEFAULT NULL,
  `fecha` datetime DEFAULT NULL,
  `fecha_Entrega` datetime DEFAULT NULL,
  `ult_recibe` varchar(50) COLLATE utf8_spanish_ci DEFAULT NULL,
  `estado` varchar(10) COLLATE utf8_spanish_ci DEFAULT NULL,
  `observaciones` varchar(500) COLLATE utf8_spanish_ci DEFAULT NULL,
  `usrId` int(11) DEFAULT NULL,
  `id_empresa` int(11) NOT NULL,
  PRIMARY KEY (`id_trazacomponente`),
  KEY `idcomponenteequipo` (`idcomponenteequipo`),
  KEY `id_estanteria` (`id_estanteria`),
  KEY `usrId` (`usrId`)
) ENGINE=InnoDB AUTO_INCREMENT=7 DEFAULT CHARSET=utf8 COLLATE=utf8_spanish_ci;
/*!40101 SET character_set_client = @saved_cs_client */;

--
-- Dumping data for table `tbl_trazacomponente`
--

LOCK TABLES `tbl_trazacomponente` WRITE;
/*!40000 ALTER TABLE `tbl_trazacomponente` DISABLE KEYS */;
INSERT INTO `tbl_trazacomponente` VALUES (1,0,1,-1,'2020-11-13 10:12:39','2020-11-13 10:12:39','diego','C','',2,0),(2,2,1,1,'2020-11-17 10:27:44','2020-11-17 10:27:44','pablo','T','sin obser',2,0),(3,2,NULL,NULL,NULL,'2020-11-17 10:55:23','fulano','T','',2,6),(4,4,2,1,'2020-11-17 10:57:40','2020-11-17 10:57:40','eli','T','',2,0),(5,2,NULL,NULL,NULL,'2020-11-17 10:59:34','eli','T','',2,6),(6,4,NULL,NULL,NULL,'2020-11-17 10:59:59','eli','T','',2,6);
/*!40000 ALTER TABLE `tbl_trazacomponente` ENABLE KEYS */;
UNLOCK TABLES;

--
-- Table structure for table `tbl_unidadmedida`
--

DROP TABLE IF EXISTS `tbl_unidadmedida`;
/*!40101 SET @saved_cs_client     = @@character_set_client */;
/*!40101 SET character_set_client = utf8 */;
CREATE TABLE `tbl_unidadmedida` (
  `id_unidadmedida` int(11) NOT NULL AUTO_INCREMENT,
  `descripcion` varchar(3000) COLLATE utf8_spanish_ci NOT NULL,
  `estado` varchar(4) COLLATE utf8_spanish_ci NOT NULL,
  `id_empresa` int(11) NOT NULL,
  PRIMARY KEY (`id_unidadmedida`)
) ENGINE=InnoDB AUTO_INCREMENT=13 DEFAULT CHARSET=utf8 COLLATE=utf8_spanish_ci;
/*!40101 SET character_set_client = @saved_cs_client */;

--
-- Dumping data for table `tbl_unidadmedida`
--

LOCK TABLES `tbl_unidadmedida` WRITE;
/*!40000 ALTER TABLE `tbl_unidadmedida` DISABLE KEYS */;
INSERT INTO `tbl_unidadmedida` VALUES (1,'Unidad','AN',7),(2,'Litro','AC',7),(3,'Metro','AC',7),(4,'Kg','AC',7),(5,'m2','AC',7),(6,'m3','AC',7),(7,'unidad','AC',6),(8,'unidad de medida 2','AC',6),(9,'Unidad','AC',8),(10,'Metro','AC',8),(11,'Litro','AC',8),(12,'pulgadas','AC',6);
/*!40000 ALTER TABLE `tbl_unidadmedida` ENABLE KEYS */;
UNLOCK TABLES;

--
-- Table structure for table `tbl_valedesacarga`
--

DROP TABLE IF EXISTS `tbl_valedesacarga`;
/*!40101 SET @saved_cs_client     = @@character_set_client */;
/*!40101 SET character_set_client = utf8 */;
CREATE TABLE `tbl_valedesacarga` (
  `valedid` int(11) NOT NULL AUTO_INCREMENT,
  `valedfecha` datetime DEFAULT NULL,
  `usrId` int(11) DEFAULT NULL,
  `respons` varchar(255) CHARACTER SET utf8 COLLATE utf8_spanish_ci DEFAULT NULL,
  `dest` varchar(255) CHARACTER SET utf8 COLLATE utf8_spanish_ci DEFAULT NULL,
  `id_empresa` int(11) NOT NULL,
  PRIMARY KEY (`valedid`),
  KEY `usrId` (`usrId`)
) ENGINE=InnoDB AUTO_INCREMENT=9 DEFAULT CHARSET=latin1;
/*!40101 SET character_set_client = @saved_cs_client */;

--
-- Dumping data for table `tbl_valedesacarga`
--

LOCK TABLES `tbl_valedesacarga` WRITE;
/*!40000 ALTER TABLE `tbl_valedesacarga` DISABLE KEYS */;
INSERT INTO `tbl_valedesacarga` VALUES (1,'2019-07-11 00:00:00',1,'','',6),(2,'2019-07-11 00:00:00',2,'','',6),(3,'2019-07-18 00:00:00',53,'Roberto Andrés Sánchez','',6),(4,'2019-08-14 00:00:00',4,'Eliana Bernaldez','',6),(5,'2019-08-14 00:00:00',4,'Eliana Bernaldez','Deposito 2',6),(6,'2019-08-15 00:00:00',4,'Roberto Andrés Sánchez','OT 30-23',6),(7,'2019-08-15 00:00:00',2,'juan','OT 25 OT 32',6),(8,'2020-11-17 00:00:00',2,'meli','campo',6);
/*!40000 ALTER TABLE `tbl_valedesacarga` ENABLE KEYS */;
UNLOCK TABLES;

--
-- Table structure for table `tbl_valesalida`
--

DROP TABLE IF EXISTS `tbl_valesalida`;
/*!40101 SET @saved_cs_client     = @@character_set_client */;
/*!40101 SET character_set_client = utf8 */;
CREATE TABLE `tbl_valesalida` (
  `valesid` int(11) NOT NULL AUTO_INCREMENT,
  `fecha` date DEFAULT NULL,
  `usrId` int(10) DEFAULT NULL,
  `respons` varchar(255) CHARACTER SET utf8 COLLATE utf8_spanish_ci DEFAULT NULL,
  `dest` varchar(255) CHARACTER SET utf8 COLLATE utf8_spanish_ci DEFAULT NULL,
  `id_empresa` int(11) NOT NULL,
  PRIMARY KEY (`valesid`),
  KEY `repid` (`usrId`) USING BTREE
) ENGINE=InnoDB AUTO_INCREMENT=14 DEFAULT CHARSET=latin1;
/*!40101 SET character_set_client = @saved_cs_client */;

--
-- Dumping data for table `tbl_valesalida`
--

LOCK TABLES `tbl_valesalida` WRITE;
/*!40000 ALTER TABLE `tbl_valesalida` DISABLE KEYS */;
INSERT INTO `tbl_valesalida` VALUES (1,'2020-09-25',1,NULL,NULL,6),(2,'2020-09-25',1,NULL,NULL,6),(4,'2020-09-25',1,NULL,NULL,6),(5,'2020-10-03',1,NULL,NULL,6),(6,'2020-10-03',1,NULL,NULL,6),(7,'2020-10-04',1,NULL,NULL,6),(8,'2020-10-05',1,NULL,NULL,6),(10,'2020-10-05',1,NULL,NULL,6),(11,'2020-10-28',2,'eli','campo',6),(12,'2020-11-17',2,'meli','albardon',6),(13,'2020-11-17',2,'meli','campo',6);
/*!40000 ALTER TABLE `tbl_valesalida` ENABLE KEYS */;
UNLOCK TABLES;

--
-- Table structure for table `tipocuenta`
--

DROP TABLE IF EXISTS `tipocuenta`;
/*!40101 SET @saved_cs_client     = @@character_set_client */;
/*!40101 SET character_set_client = utf8 */;
CREATE TABLE `tipocuenta` (
  `tipocuentaid` int(11) NOT NULL AUTO_INCREMENT,
  `tipocuentadescrip` varchar(255) DEFAULT NULL,
  `tipocuentamonto` varchar(50) DEFAULT NULL,
  `tipocuentausuarios` varchar(50) DEFAULT NULL,
  `tipocuentaactivos` varchar(50) DEFAULT NULL,
  `tipocuentaempresas` varchar(50) DEFAULT NULL,
  `apps` varchar(2) DEFAULT NULL,
  `modulo_alerta` varchar(2) DEFAULT NULL,
  PRIMARY KEY (`tipocuentaid`)
) ENGINE=InnoDB AUTO_INCREMENT=4 DEFAULT CHARSET=latin1;
/*!40101 SET character_set_client = @saved_cs_client */;

--
-- Dumping data for table `tipocuenta`
--

LOCK TABLES `tipocuenta` WRITE;
/*!40000 ALTER TABLE `tipocuenta` DISABLE KEYS */;
INSERT INTO `tipocuenta` VALUES (1,'GO','0','10','100','1','NO','NO'),(2,'PRO','100','50','1000','3','SI','SI'),(3,'CORPORATE','300','ILIMITADO','ILIMITADO','ILIMITADO','SI','SI');
/*!40000 ALTER TABLE `tipocuenta` ENABLE KEYS */;
UNLOCK TABLES;

--
-- Table structure for table `unidad_industrial`
--

DROP TABLE IF EXISTS `unidad_industrial`;
/*!40101 SET @saved_cs_client     = @@character_set_client */;
/*!40101 SET character_set_client = utf8 */;
CREATE TABLE `unidad_industrial` (
  `id_unidad` int(11) NOT NULL AUTO_INCREMENT,
  `descripcion` varchar(100) COLLATE utf8mb4_spanish_ci NOT NULL,
  `id_empresa` int(11) NOT NULL,
  PRIMARY KEY (`id_unidad`)
) ENGINE=InnoDB AUTO_INCREMENT=13 DEFAULT CHARSET=utf8mb4 COLLATE=utf8mb4_spanish_ci;
/*!40101 SET character_set_client = @saved_cs_client */;

--
-- Dumping data for table `unidad_industrial`
--

LOCK TABLES `unidad_industrial` WRITE;
/*!40000 ALTER TABLE `unidad_industrial` DISABLE KEYS */;
INSERT INTO `unidad_industrial` VALUES (1,'veladero',6),(2,'nueva unidad insdutrial 2',6),(3,'MINA CHINCHILLAS',7),(4,'La Laja',2),(5,'unidad agregada 1',6),(6,'unidad agregada 2',6),(7,'unidad agregada 3',6),(8,'unidad agregada 4',6),(9,'unidad agregada 5',6),(10,'unidadagregada 6',6),(11,'La laja',6),(12,'CSJ-CIENAGUITA',8);
/*!40000 ALTER TABLE `unidad_industrial` ENABLE KEYS */;
UNLOCK TABLES;

--
-- Table structure for table `unidad_tiempo`
--

DROP TABLE IF EXISTS `unidad_tiempo`;
/*!40101 SET @saved_cs_client     = @@character_set_client */;
/*!40101 SET character_set_client = utf8 */;
CREATE TABLE `unidad_tiempo` (
  `id_unidad` int(11) NOT NULL AUTO_INCREMENT,
  `unidaddescrip` varchar(20) COLLATE utf8_spanish_ci NOT NULL,
  PRIMARY KEY (`id_unidad`)
) ENGINE=InnoDB AUTO_INCREMENT=4 DEFAULT CHARSET=utf8 COLLATE=utf8_spanish_ci;
/*!40101 SET character_set_client = @saved_cs_client */;

--
-- Dumping data for table `unidad_tiempo`
--

LOCK TABLES `unidad_tiempo` WRITE;
/*!40000 ALTER TABLE `unidad_tiempo` DISABLE KEYS */;
INSERT INTO `unidad_tiempo` VALUES (1,'minutos'),(2,'horas'),(3,'dias');
/*!40000 ALTER TABLE `unidad_tiempo` ENABLE KEYS */;
UNLOCK TABLES;

--
-- Table structure for table `usuarioasempresa`
--

DROP TABLE IF EXISTS `usuarioasempresa`;
/*!40101 SET @saved_cs_client     = @@character_set_client */;
/*!40101 SET character_set_client = utf8 */;
CREATE TABLE `usuarioasempresa` (
  `empresaid` int(11) NOT NULL,
  `usrId` int(11) NOT NULL,
  `fecha` datetime DEFAULT NULL,
  `tipo` tinyint(1) NOT NULL,
  `grpId` int(11) NOT NULL,
  `estado` varchar(45) NOT NULL,
  PRIMARY KEY (`empresaid`,`usrId`),
  KEY `usrId` (`usrId`)
) ENGINE=InnoDB DEFAULT CHARSET=latin1;
/*!40101 SET character_set_client = @saved_cs_client */;

--
-- Dumping data for table `usuarioasempresa`
--

LOCK TABLES `usuarioasempresa` WRITE;
/*!40000 ALTER TABLE `usuarioasempresa` DISABLE KEYS */;
INSERT INTO `usuarioasempresa` VALUES (6,1,'2018-10-25 00:00:00',1,1,'AC'),(6,2,'2019-04-11 14:27:44',1,1,'AC'),(6,3,'2019-04-11 14:40:04',1,7,'AC'),(6,4,'2019-04-11 14:40:36',1,1,'AC'),(6,11,'2018-10-25 00:00:00',0,1,'AC'),(6,17,'2018-09-18 00:00:00',1,1,'AC'),(6,26,'2018-09-18 00:00:00',0,1,'AC'),(6,31,'2018-11-23 00:00:00',1,1,'AC'),(6,49,'2019-01-17 09:22:31',1,1,'AC'),(6,50,'2019-01-30 11:49:00',1,20,'AN'),(6,51,'2019-04-11 10:25:33',1,1,'AC'),(6,53,'2019-06-03 15:46:27',1,1,'AC'),(6,54,'2019-09-18 10:05:32',1,21,'AC'),(6,55,'2019-09-18 10:06:57',1,1,'AC'),(6,56,'2019-09-18 10:09:16',1,7,'AC'),(6,57,'2019-09-18 10:10:13',1,20,'AC'),(6,59,'2020-09-28 16:51:00',1,21,'AC'),(7,1,'2018-09-17 00:00:00',0,1,'AC'),(7,9,'2018-09-17 00:00:00',1,1,'AC'),(7,18,'2018-09-21 00:00:00',1,7,'AC'),(7,20,'2018-09-12 00:00:00',1,1,'AC'),(8,1,'2018-09-12 00:00:00',0,1,'AC'),(8,26,'2018-11-09 00:00:00',1,1,'AC'),(8,28,'2018-11-09 00:00:00',1,1,'AC'),(8,29,'2018-11-09 00:00:00',1,1,'AC'),(8,30,'2018-11-09 00:00:00',1,1,'AC'),(8,31,'2018-11-23 00:00:00',1,13,'AC'),(8,36,'2018-11-23 00:00:00',1,13,'AC'),(8,39,'2018-11-23 00:00:00',1,14,'AC'),(8,41,'2018-11-23 00:00:00',1,13,'AC');
/*!40000 ALTER TABLE `usuarioasempresa` ENABLE KEYS */;
UNLOCK TABLES;

--
-- Table structure for table `utl_tablas`
--

DROP TABLE IF EXISTS `utl_tablas`;
/*!40101 SET @saved_cs_client     = @@character_set_client */;
/*!40101 SET character_set_client = utf8 */;
CREATE TABLE `utl_tablas` (
  `tabl_id` int(11) NOT NULL AUTO_INCREMENT,
  `tabla` varchar(50) COLLATE utf8_turkish_ci DEFAULT NULL,
  `valor` varchar(50) COLLATE utf8_turkish_ci DEFAULT NULL,
  `descripcion` varchar(200) COLLATE utf8_turkish_ci DEFAULT NULL,
  `fec_alta` datetime DEFAULT CURRENT_TIMESTAMP,
  `eliminado` tinyint(4) DEFAULT '0',
  PRIMARY KEY (`tabl_id`)
) ENGINE=InnoDB AUTO_INCREMENT=39 DEFAULT CHARSET=utf8 COLLATE=utf8_turkish_ci;
/*!40101 SET character_set_client = @saved_cs_client */;

--
-- Dumping data for table `utl_tablas`
--

LOCK TABLES `utl_tablas` WRITE;
/*!40000 ALTER TABLE `utl_tablas` DISABLE KEYS */;
INSERT INTO `utl_tablas` VALUES (1,'tipos_datos','titulo1',NULL,'2019-08-21 13:50:49',0),(2,'tipos_datos','comentario',NULL,'2019-08-21 13:50:49',0),(3,'tipos_datos','input',NULL,'2019-08-21 13:50:49',0),(4,'tipos_datos','select',NULL,'2019-08-21 13:50:49',0),(5,'tipos_datos','date',NULL,'2019-08-21 13:50:49',0),(6,'tipos_datos','check',NULL,'2019-08-21 13:50:49',0),(7,'tipos_datos','radio',NULL,'2019-08-21 13:50:49',0),(8,'tipos_datos','file',NULL,'2019-08-21 13:50:49',0),(9,'tipos_datos','textarea',NULL,'2019-08-21 13:50:49',0),(10,'provincias','San Juan',NULL,'2019-08-17 15:33:52',0),(11,'provincias','Mendoza',NULL,'2019-08-17 15:33:52',0),(12,'provincias','San Luis',NULL,'2019-08-17 15:33:52',0),(13,'sexos','Hombre',NULL,'2019-08-17 16:28:10',0),(14,'sexos','Mujer',NULL,'2019-08-17 16:28:10',0),(15,'sexos','No Binario',NULL,'2019-08-17 16:28:10',0),(16,'contratos','Acepto los Terminos y Condiciones del Servicio',NULL,'2019-08-17 17:01:22',0),(17,'contratos','Enviar Emails',NULL,'2019-08-17 17:01:22',0),(21,'unidad','KM','Kilometros','2019-04-23 18:25:47',0),(22,'unidad','UN','UNIDAD','2019-05-24 00:56:16',1),(23,'unidad',NULL,'asd','2019-06-04 17:04:45',1),(24,'unidad',NULL,'dfg','2019-06-04 17:05:34',1),(25,'tipos_datos','titulo2',NULL,'2019-09-16 13:07:02',0),(26,'tipos_datos','titulo3',NULL,'2019-09-16 13:07:02',0),(27,'calificacion_sim','1','1 - Muy Insatisfactorio','2019-09-16 13:10:08',0),(28,'calificacion_sim','2','2 - Insatisfactorio','2019-09-16 13:10:08',0),(29,'calificacion_sim','3','3 - Satisfactorio','2019-09-16 13:10:08',0),(30,'calificacion_sim','4','4 - Muy satisfactorio','2019-09-16 13:10:08',0),(31,'calificacion_sim','5','5 - Sobresaliente','2019-09-16 13:10:08',0),(32,'tipos_ajuste_stock','Rotura:SALIDA','Salida por Rotura','2019-11-29 10:59:06',0),(33,'tipos_ajuste_stock','Robo:SALIDA','Salida por Robo','2019-11-29 10:59:06',0),(34,'tipos_ajuste_stock','Devolucion:ENTRADA','Entrada por devolucion','2019-11-29 10:59:06',0),(35,'tipos_ajuste_stock','Fraccionamiento:E/S','Entrada y Salida por Fraccionamiento','2019-11-29 10:59:06',0),(36,'unidad',NULL,'no','2020-04-29 16:13:14',1),(37,'unidad',NULL,'unidad nueva','2020-04-29 16:13:27',1),(38,'unidad',NULL,'Unidades','2020-05-04 14:09:31',0);
/*!40000 ALTER TABLE `utl_tablas` ENABLE KEYS */;
UNLOCK TABLES;

--
-- Final view structure for view `abmdeposito`
--

/*!50001 DROP TABLE IF EXISTS `abmdeposito`*/;
/*!50001 DROP VIEW IF EXISTS `abmdeposito`*/;
/*!50001 SET @saved_cs_client          = @@character_set_client */;
/*!50001 SET @saved_cs_results         = @@character_set_results */;
/*!50001 SET @saved_col_connection     = @@collation_connection */;
/*!50001 SET character_set_client      = utf8 */;
/*!50001 SET character_set_results     = utf8 */;
/*!50001 SET collation_connection      = utf8_general_ci */;
/*!50001 CREATE ALGORITHM=UNDEFINED */
/*!50013 DEFINER=`root`@`localhost` SQL SECURITY DEFINER */
/*!50001 VIEW `abmdeposito` AS select `alm_depositos`.`depo_id` AS `depositoId`,`alm_depositos`.`descripcion` AS `depositodescrip`,`alm_depositos`.`direccion` AS `direccion`,`alm_depositos`.`GPS` AS `GPS`,`alm_depositos`.`loca_id` AS `id_localidad`,`alm_depositos`.`esta_id` AS `id_provincial`,`alm_depositos`.`pais_id` AS `id_pais`,`alm_depositos`.`empr_id` AS `id_empresa`,if((`alm_depositos`.`eliminado` = 1),'AN','AC') AS `estado` from `alm_depositos` */;
/*!50001 SET character_set_client      = @saved_cs_client */;
/*!50001 SET character_set_results     = @saved_cs_results */;
/*!50001 SET collation_connection      = @saved_col_connection */;

--
-- Final view structure for view `abmproveedores`
--

/*!50001 DROP TABLE IF EXISTS `abmproveedores`*/;
/*!50001 DROP VIEW IF EXISTS `abmproveedores`*/;
/*!50001 SET @saved_cs_client          = @@character_set_client */;
/*!50001 SET @saved_cs_results         = @@character_set_results */;
/*!50001 SET @saved_col_connection     = @@collation_connection */;
/*!50001 SET character_set_client      = utf8 */;
/*!50001 SET character_set_results     = utf8 */;
/*!50001 SET collation_connection      = utf8_general_ci */;
/*!50001 CREATE ALGORITHM=UNDEFINED */
/*!50013 DEFINER=`root`@`localhost` SQL SECURITY DEFINER */
/*!50001 VIEW `abmproveedores` AS select `alm_proveedores`.`prov_id` AS `provid`,`alm_proveedores`.`nombre` AS `provnombre`,`alm_proveedores`.`cuit` AS `provcuit`,`alm_proveedores`.`domicilio` AS `provdomicilio`,`alm_proveedores`.`telefono` AS `provtelefono`,`alm_proveedores`.`email` AS `provmail`,`alm_proveedores`.`empr_id` AS `id_empresa`,`alm_proveedores`.`fec_alta` AS `fec_alta`,if((`alm_proveedores`.`eliminado` = 1),'AN','AC') AS `estado` from `alm_proveedores` */;
/*!50001 SET character_set_client      = @saved_cs_client */;
/*!50001 SET character_set_results     = @saved_cs_results */;
/*!50001 SET collation_connection      = @saved_col_connection */;

--
-- Final view structure for view `articles`
--

/*!50001 DROP TABLE IF EXISTS `articles`*/;
/*!50001 DROP VIEW IF EXISTS `articles`*/;
/*!50001 SET @saved_cs_client          = @@character_set_client */;
/*!50001 SET @saved_cs_results         = @@character_set_results */;
/*!50001 SET @saved_col_connection     = @@collation_connection */;
/*!50001 SET character_set_client      = utf8 */;
/*!50001 SET character_set_results     = utf8 */;
/*!50001 SET collation_connection      = utf8_general_ci */;
/*!50001 CREATE ALGORITHM=UNDEFINED */
/*!50013 DEFINER=`root`@`localhost` SQL SECURITY DEFINER */
/*!50001 VIEW `articles` AS select `alm_articulos`.`arti_id` AS `artId`,`alm_articulos`.`barcode` AS `artBarCode`,`alm_articulos`.`descripcion` AS `artDescription`,`alm_articulos`.`costo` AS `artCoste`,`alm_articulos`.`es_caja` AS `artIsByBox`,`alm_articulos`.`cantidad_caja` AS `artCantbox`,`alm_articulos`.`punto_pedido` AS `punto_pedido`,if((`alm_articulos`.`eliminado` = 1),'AN','AC') AS `artEstado`,`alm_articulos`.`unidad_id` AS `unidadmedida`,`alm_articulos`.`empr_id` AS `id_empresa` from `alm_articulos` */;
/*!50001 SET character_set_client      = @saved_cs_client */;
/*!50001 SET character_set_results     = @saved_cs_results */;
/*!50001 SET collation_connection      = @saved_col_connection */;
/*!40103 SET TIME_ZONE=@OLD_TIME_ZONE */;

/*!40101 SET SQL_MODE=@OLD_SQL_MODE */;
/*!40014 SET FOREIGN_KEY_CHECKS=@OLD_FOREIGN_KEY_CHECKS */;
/*!40014 SET UNIQUE_CHECKS=@OLD_UNIQUE_CHECKS */;
/*!40101 SET CHARACTER_SET_CLIENT=@OLD_CHARACTER_SET_CLIENT */;
/*!40101 SET CHARACTER_SET_RESULTS=@OLD_CHARACTER_SET_RESULTS */;
/*!40101 SET COLLATION_CONNECTION=@OLD_COLLATION_CONNECTION */;
/*!40111 SET SQL_NOTES=@OLD_SQL_NOTES */;

-- Dump completed on 2021-06-22 23:26:25
